id,product,producer,target_kilos,current_kilos,base_price,deadline,status,created_by,created_at
LOT-PAP-0001,Papa,Soluciones López S.L.N.E,18900.74,17212.97,2.82,2022-05-24 04:09:51,completed,5230c44f-1ffb-4722-b4b2-8f7aa7e4d21b,2022-04-22 04:09:51
LOT-PAP-0002,Papa,Isaías Garcia Bou S.Coop.,3354.39,1567.64,3.18,2022-06-02 04:09:51,expired,d92a3c54-572c-4498-8bd2-9e332d59536b,2022-04-22 04:09:51
LOT-PAP-0003,Papa,Comercializadora Globales S.Com.,7493.44,6761.82,3.14,2022-05-13 04:09:51,completed,51f1c886-7ad3-4150-aa57-94e34edf0078,2022-04-22 04:09:51
LOT-PAP-0004,Papa,Tormo y Flor S.L.,11358.57,11290.71,3.15,2022-05-30 04:09:51,completed,b48ddd41-5e75-4522-9cd3-eb76e6a1bde8,2022-04-22 04:09:51
LOT-PAP-0005,Papa,Farmaceútica Globales S.Coop.,14161.29,9492.56,2.41,2022-06-29 04:09:51,expired,5230c44f-1ffb-4722-b4b2-8f7aa7e4d21b,2022-05-22 04:09:51
LOT-PAP-0006,Papa,Talleres del Noroeste S.L.,2439.66,2403.0,2.31,2022-06-08 04:09:51,completed,c42d60f7-72a5-4218-8455-6843a1d63934,2022-05-22 04:09:51
LOT-PAP-0007,Papa,Alfonso & Asociados S.L.,15385.8,14227.62,2.4,2022-06-26 04:09:51,completed,a76f778e-38df-4170-b898-b5d475bc7437,2022-05-22 04:09:51
LOT-PAP-0008,Papa,Arribas & Asociados S.Coop.,10788.13,10128.82,2.32,2022-06-27 04:09:51,completed,51f1c886-7ad3-4150-aa57-94e34edf0078,2022-05-22 04:09:51
LOT-PAP-0009,Papa,Servicios del Noroeste S.Com.,8823.87,8613.18,2.3,2022-06-18 04:09:51,completed,a76f778e-38df-4170-b898-b5d475bc7437,2022-05-22 04:09:51
LOT-PAP-0010,Papa,Inmobiliaria del Mediterráneo S.A.,3945.78,3818.47,2.23,2022-07-06 04:09:51,completed,51f1c886-7ad3-4150-aa57-94e34edf0078,2022-05-22 04:09:51
LOT-PAP-0011,Papa,Lluch y Fiol S.A.,7801.48,2626.56,2.31,2022-06-20 04:09:51,expired,b48ddd41-5e75-4522-9cd3-eb76e6a1bde8,2022-05-22 04:09:51
LOT-PAP-0012,Papa,Alimentación Ibéricos S.C.P,19939.37,18850.17,2.29,2022-07-15 04:09:51,completed,a76f778e-38df-4170-b898-b5d475bc7437,2022-06-21 04:09:51
LOT-PAP-0013,Papa,Distribuciones del Noroeste S.Com.,14744.33,13350.29,2.13,2022-07-15 04:09:51,completed,5230c44f-1ffb-4722-b4b2-8f7aa7e4d21b,2022-06-21 04:09:51
LOT-PAP-0014,Papa,Familia Arellano S.A.,7496.84,7301.99,2.31,2022-08-05 04:09:51,completed,b48ddd41-5e75-4522-9cd3-eb76e6a1bde8,2022-06-21 04:09:51
LOT-PAP-0015,Papa,Tur y asociados S.L.,16180.9,10638.9,2.31,2022-07-19 04:09:51,expired,2d0d9e58-1728-4883-830b-e6313ff462d3,2022-06-21 04:09:51
LOT-PAP-0016,Papa,Hermanos Cantón S.Coop.,19442.99,18122.93,2.26,2022-07-09 04:09:51,completed,5230c44f-1ffb-4722-b4b2-8f7aa7e4d21b,2022-06-21 04:09:51
LOT-PAP-0017,Papa,Desarrollo GCRL S.L.U.,4358.24,1906.77,2.19,2022-07-06 04:09:51,expired,91b887de-f920-4f25-aa0b-5e71502435fc,2022-06-21 04:09:51
LOT-PAP-0018,Papa,Supermercados del Mediterráneo S.Com.,6387.16,6337.25,2.29,2022-07-22 04:09:51,completed,5230c44f-1ffb-4722-b4b2-8f7aa7e4d21b,2022-06-21 04:09:51
LOT-PAP-0019,Papa,Hermanos Jaume S.C.P,17574.69,16401.47,2.35,2022-08-29 04:09:51,completed,5676ed82-9a65-4833-9526-d82e8115357c,2022-07-21 04:09:51
LOT-PAP-0020,Papa,Manufacturas Artigas & Asociados S.Com.,3346.91,3220.82,2.48,2022-08-17 04:09:51,completed,2d0d9e58-1728-4883-830b-e6313ff462d3,2022-07-21 04:09:51
LOT-PAP-0021,Papa,Servicios US S.L.,9416.93,8640.1,2.44,2022-08-24 04:09:51,completed,51f1c886-7ad3-4150-aa57-94e34edf0078,2022-07-21 04:09:51
LOT-PAP-0022,Papa,Familia Arévalo S.A.T.,19316.52,17968.47,2.44,2022-08-17 04:09:51,completed,c42d60f7-72a5-4218-8455-6843a1d63934,2022-07-21 04:09:51
LOT-PAP-0023,Papa,Prieto & Asociados S.C.P,2145.76,1452.82,2.51,2022-09-03 04:09:51,expired,91b887de-f920-4f25-aa0b-5e71502435fc,2022-07-21 04:09:51
LOT-PAP-0024,Papa,Manufacturas Española S.L.N.E,15574.73,8261.75,2.26,2022-08-17 04:09:51,expired,5676ed82-9a65-4833-9526-d82e8115357c,2022-07-21 04:09:51
LOT-PAP-0025,Papa,Alvarez y asociados S.L.N.E,9349.33,3264.21,2.23,2022-08-20 04:09:51,expired,2d0d9e58-1728-4883-830b-e6313ff462d3,2022-07-21 04:09:51
LOT-PAP-0026,Papa,Tecnologías Bello S.L.,10808.25,2334.92,2.55,2022-09-15 04:09:51,expired,b48ddd41-5e75-4522-9cd3-eb76e6a1bde8,2022-08-20 04:09:51
LOT-PAP-0027,Papa,Comercializadora Belda & Asociados S.Com.,11723.88,11567.3,2.72,2022-09-08 04:09:51,completed,e93f25fc-9b20-4187-95fa-859beca1159e,2022-08-20 04:09:51
LOT-PAP-0028,Papa,Quique Bartolomé Montalbán S.L.N.E,14349.75,3386.69,2.59,2022-09-06 04:09:51,expired,d92a3c54-572c-4498-8bd2-9e332d59536b,2022-08-20 04:09:51
LOT-PAP-0029,Papa,Hermanos Rosell S.Com.,17350.27,9598.37,2.65,2022-09-10 04:09:51,expired,51f1c886-7ad3-4150-aa57-94e34edf0078,2022-08-20 04:09:51
LOT-PAP-0030,Papa,Servicios Bravo S.L.L.,7624.08,6979.64,2.43,2022-09-19 04:09:51,completed,b48ddd41-5e75-4522-9cd3-eb76e6a1bde8,2022-08-20 04:09:51
LOT-PAP-0031,Papa,Minería Gutiérrez S.Coop.,14149.58,13665.43,2.62,2022-09-26 04:09:51,completed,a76f778e-38df-4170-b898-b5d475bc7437,2022-08-20 04:09:51
LOT-PAP-0032,Papa,Hermanos Leon S.A.,2109.9,1983.48,2.75,2022-09-08 04:09:51,completed,e93f25fc-9b20-4187-95fa-859beca1159e,2022-08-20 04:09:51
LOT-PAP-0033,Papa,Minería Álvaro S.Com.,3529.23,3394.35,2.41,2022-09-25 04:09:51,completed,2d0d9e58-1728-4883-830b-e6313ff462d3,2022-08-20 04:09:51
LOT-PAP-0034,Papa,Restauración MC S.A.,15754.9,14963.03,2.5,2022-09-17 04:09:51,completed,5230c44f-1ffb-4722-b4b2-8f7aa7e4d21b,2022-08-20 04:09:51
LOT-PAP-0035,Papa,Huertas & Asociados S.L.N.E,12363.66,11643.72,2.62,2022-09-07 04:09:51,completed,51f1c886-7ad3-4150-aa57-94e34edf0078,2022-08-20 04:09:51
LOT-PAP-0036,Papa,Servicios Tejero S.L.N.E,6379.7,5994.21,2.95,2022-10-13 04:09:51,completed,d92a3c54-572c-4498-8bd2-9e332d59536b,2022-09-19 04:09:51
LOT-PAP-0037,Papa,Rebollo y asociados S.L.N.E,3356.36,3176.44,3.12,2022-10-22 04:09:51,completed,91b887de-f920-4f25-aa0b-5e71502435fc,2022-09-19 04:09:51
LOT-PAP-0038,Papa,Fábrica RAK S.Com.,19239.0,11741.85,2.89,2022-10-26 04:09:51,expired,2d0d9e58-1728-4883-830b-e6313ff462d3,2022-09-19 04:09:51
LOT-PAP-0039,Papa,Infraestructuras Aragón y asociados S.A.U,12060.6,11008.66,2.98,2022-10-26 04:09:51,completed,5676ed82-9a65-4833-9526-d82e8115357c,2022-09-19 04:09:51
LOT-PAP-0040,Papa,Comercializadora Domínguez S.L.N.E,3388.97,3311.32,3.41,2022-11-29 04:09:51,completed,5676ed82-9a65-4833-9526-d82e8115357c,2022-10-19 04:09:51
LOT-PAP-0041,Papa,Maldonado y asociados S.Coop.,16964.21,15548.61,3.37,2022-11-17 04:09:51,completed,e93f25fc-9b20-4187-95fa-859beca1159e,2022-10-19 04:09:51
LOT-PAP-0042,Papa,Mesa y asociados S.Coop.,17320.99,16061.39,3.12,2022-12-01 04:09:51,completed,5676ed82-9a65-4833-9526-d82e8115357c,2022-10-19 04:09:51
LOT-PAP-0043,Papa,Ramis & Asociados S.A.,7736.33,7222.09,3.02,2022-11-07 04:09:51,completed,5230c44f-1ffb-4722-b4b2-8f7aa7e4d21b,2022-10-19 04:09:51
LOT-PAP-0044,Papa,Inmobiliaria KFS S.Com.,13076.27,12050.64,3.44,2022-11-07 04:09:51,completed,5676ed82-9a65-4833-9526-d82e8115357c,2022-10-19 04:09:51
LOT-PAP-0045,Papa,Rebollo y asociados S.L.,6565.7,6135.52,3.13,2022-12-26 04:09:51,completed,2d0d9e58-1728-4883-830b-e6313ff462d3,2022-11-18 04:09:51
LOT-PAP-0046,Papa,Castilla y Bartolomé S.Coop.,7150.0,6903.84,3.59,2022-12-11 04:09:51,completed,2d0d9e58-1728-4883-830b-e6313ff462d3,2022-11-18 04:09:51
LOT-PAP-0047,Papa,Grupo Taboada S.L.,10048.33,9661.32,3.52,2022-12-16 04:09:51,completed,a76f778e-38df-4170-b898-b5d475bc7437,2022-11-18 04:09:51
LOT-PAP-0048,Papa,Coloma y Cadenas S.Coop.,4570.03,4128.93,3.45,2022-12-05 04:09:51,completed,b48ddd41-5e75-4522-9cd3-eb76e6a1bde8,2022-11-18 04:09:51
LOT-PAP-0049,Papa,Bayo y asociados S.Com.,7140.38,6513.91,3.62,2022-12-30 04:09:51,completed,2d0d9e58-1728-4883-830b-e6313ff462d3,2022-11-18 04:09:51
LOT-PAP-0050,Papa,Hnos Cerezo S.Com.,4255.88,4028.55,3.3,2022-12-19 04:09:51,completed,d92a3c54-572c-4498-8bd2-9e332d59536b,2022-11-18 04:09:51
LOT-PAP-0051,Papa,Hermanos Alberto S.A.,18108.67,17447.8,3.86,2023-01-19 04:09:51,completed,a76f778e-38df-4170-b898-b5d475bc7437,2022-12-18 04:09:51
LOT-PAP-0052,Papa,Finanzas GD S.Coop.,3462.01,3207.43,3.92,2023-01-08 04:09:51,completed,91b887de-f920-4f25-aa0b-5e71502435fc,2022-12-18 04:09:51
LOT-PAP-0053,Papa,Restauración Cerezo S.Com.,10092.73,10037.61,3.45,2023-01-29 04:09:51,completed,91b887de-f920-4f25-aa0b-5e71502435fc,2022-12-18 04:09:51
LOT-PAP-0054,Papa,Infraestructuras Lumbreras y asociados S.Com.,15749.42,15072.64,3.58,2023-01-08 04:09:51,completed,d92a3c54-572c-4498-8bd2-9e332d59536b,2022-12-18 04:09:51
LOT-PAP-0055,Papa,Manufacturas del Levante S.L.,10817.24,9753.51,3.69,2023-01-12 04:09:51,completed,2d0d9e58-1728-4883-830b-e6313ff462d3,2022-12-18 04:09:51
LOT-PAP-0056,Papa,Instalaciones Aranda S.L.L.,11336.3,4924.51,3.69,2023-01-14 04:09:51,expired,d92a3c54-572c-4498-8bd2-9e332d59536b,2022-12-18 04:09:51
LOT-PAP-0057,Papa,Aroa Robles Puente S.Com.,6047.61,5617.62,3.93,2023-01-08 04:09:51,completed,c42d60f7-72a5-4218-8455-6843a1d63934,2022-12-18 04:09:51
LOT-PAP-0058,Papa,Supermercados Blasco S.C.P,3966.08,3589.6,3.8,2023-01-30 04:09:51,completed,5676ed82-9a65-4833-9526-d82e8115357c,2022-12-18 04:09:51
LOT-PAP-0059,Papa,Tecnologías Nogueira y asociados S.L.,18342.87,17490.2,3.49,2023-02-24 04:09:51,completed,e93f25fc-9b20-4187-95fa-859beca1159e,2023-01-17 04:09:51
LOT-PAP-0060,Papa,Banca Privada Mateos y asociados S.Coop.,10178.28,10065.57,3.82,2023-02-05 04:09:51,completed,5676ed82-9a65-4833-9526-d82e8115357c,2023-01-17 04:09:51
LOT-PAP-0061,Papa,Construcción Trillo y asociados S.A.,13766.3,12552.42,3.85,2023-02-10 04:09:51,completed,5230c44f-1ffb-4722-b4b2-8f7aa7e4d21b,2023-01-17 04:09:51
LOT-PAP-0062,Papa,Valbuena y asociados S.A.,12308.63,11718.24,3.52,2023-02-04 04:09:51,completed,b48ddd41-5e75-4522-9cd3-eb76e6a1bde8,2023-01-17 04:09:51
LOT-PAP-0063,Papa,Banco Costa y asociados S.L.L.,10073.67,9147.14,4.17,2023-04-02 04:09:51,completed,5676ed82-9a65-4833-9526-d82e8115357c,2023-02-16 04:09:51
LOT-PAP-0064,Papa,Infraestructuras Ugarte S.L.,8826.98,8081.2,3.74,2023-03-09 04:09:51,completed,2d0d9e58-1728-4883-830b-e6313ff462d3,2023-02-16 04:09:51
LOT-PAP-0065,Papa,Hotel WL S.Com.,5709.47,5479.83,3.66,2023-03-25 04:09:51,completed,e93f25fc-9b20-4187-95fa-859beca1159e,2023-02-16 04:09:51
LOT-PAP-0066,Papa,Comercializadora CFU S.Com.,7431.76,6852.86,3.68,2023-03-12 04:09:51,completed,a76f778e-38df-4170-b898-b5d475bc7437,2023-02-16 04:09:51
LOT-PAP-0067,Papa,Hnos Garay S.Coop.,12005.31,11577.1,3.62,2023-03-15 04:09:51,completed,5676ed82-9a65-4833-9526-d82e8115357c,2023-02-16 04:09:51
LOT-PAP-0068,Papa,Promociones Castellana S.C.P,6832.31,6745.96,4.01,2023-03-09 04:09:51,completed,91b887de-f920-4f25-aa0b-5e71502435fc,2023-02-16 04:09:51
LOT-PAP-0069,Papa,Farmaceútica Ayllón y asociados S.Coop.,11959.61,11116.69,3.96,2023-03-09 04:09:51,completed,d92a3c54-572c-4498-8bd2-9e332d59536b,2023-02-16 04:09:51
LOT-PAP-0070,Papa,Distribuciones Ibérica S.Coop.,19825.82,19506.76,3.87,2023-04-04 04:09:51,completed,e93f25fc-9b20-4187-95fa-859beca1159e,2023-03-18 04:09:51
LOT-PAP-0071,Papa,Sobrino y Calderón S.Com.,5936.95,5721.88,3.58,2023-05-01 04:09:51,completed,91b887de-f920-4f25-aa0b-5e71502435fc,2023-03-18 04:09:51
LOT-PAP-0072,Papa,Hnos Ordóñez S.L.,19850.14,18669.61,3.69,2023-04-14 04:09:51,completed,5676ed82-9a65-4833-9526-d82e8115357c,2023-03-18 04:09:51
LOT-PAP-0073,Papa,Joaquín Bertrán Rozas S.L.N.E,7971.14,7961.95,3.76,2023-04-25 04:09:51,completed,2d0d9e58-1728-4883-830b-e6313ff462d3,2023-03-18 04:09:51
LOT-PAP-0074,Papa,Construcción UVN S.A.U,5373.05,5054.99,3.58,2023-04-02 04:09:51,completed,2d0d9e58-1728-4883-830b-e6313ff462d3,2023-03-18 04:09:51
LOT-PAP-0075,Papa,Minería Hurtado & Asociados S.Com.,6530.6,6265.33,3.46,2023-04-08 04:09:51,completed,c42d60f7-72a5-4218-8455-6843a1d63934,2023-03-18 04:09:51
LOT-PAP-0076,Papa,Inversiones YH S.A.T.,9751.09,9355.58,3.79,2023-04-11 04:09:51,completed,d92a3c54-572c-4498-8bd2-9e332d59536b,2023-03-18 04:09:51
LOT-PAP-0077,Papa,Consultoría Domínguez S.A.,14270.83,13502.52,3.64,2023-04-24 04:09:51,completed,b48ddd41-5e75-4522-9cd3-eb76e6a1bde8,2023-03-18 04:09:51
LOT-PAP-0078,Papa,Tecnologías Guillén & Asociados S.A.U,7968.74,7250.44,3.3,2023-05-09 04:09:51,completed,5676ed82-9a65-4833-9526-d82e8115357c,2023-04-17 04:09:51
LOT-PAP-0079,Papa,Jaume y asociados S.Coop.,5140.16,5118.81,2.98,2023-05-09 04:09:51,completed,51f1c886-7ad3-4150-aa57-94e34edf0078,2023-04-17 04:09:51
LOT-PAP-0080,Papa,Finanzas Abellán y asociados S.L.U.,3831.54,3573.29,3.34,2023-05-16 04:09:51,completed,2d0d9e58-1728-4883-830b-e6313ff462d3,2023-04-17 04:09:51
LOT-PAP-0081,Papa,Tirado y Campos S.Coop.,9528.3,8752.47,2.97,2023-05-22 04:09:51,completed,5676ed82-9a65-4833-9526-d82e8115357c,2023-04-17 04:09:51
LOT-PAP-0082,Papa,Fábrica Sotelo S.Coop.,11097.88,10449.36,3.15,2023-05-28 04:09:51,completed,c42d60f7-72a5-4218-8455-6843a1d63934,2023-04-17 04:09:51
LOT-PAP-0083,Papa,Banca Privada VL S.L.,8274.39,8269.39,3.31,2023-05-26 04:09:51,completed,b48ddd41-5e75-4522-9cd3-eb76e6a1bde8,2023-04-17 04:09:51
LOT-PAP-0084,Papa,Servicios Camps S.A.,19143.15,11475.15,3.16,2023-05-06 04:09:51,expired,51f1c886-7ad3-4150-aa57-94e34edf0078,2023-04-17 04:09:51
LOT-PAP-0085,Papa,Instalaciones Plaza & Asociados S.A.,16912.67,16049.21,3.28,2023-05-20 04:09:51,completed,a76f778e-38df-4170-b898-b5d475bc7437,2023-04-17 04:09:51
LOT-PAP-0086,Papa,Soluciones Integrales S.Coop.,16189.47,14644.9,3.35,2023-05-22 04:09:51,completed,c42d60f7-72a5-4218-8455-6843a1d63934,2023-04-17 04:09:51
LOT-PAP-0087,Papa,Grupo Gilabert S.A.,19922.49,6931.32,3.36,2023-05-29 04:09:51,expired,a76f778e-38df-4170-b898-b5d475bc7437,2023-04-17 04:09:51
LOT-PAP-0088,Papa,Consultoría del Noroeste S.Com.,3713.31,3562.43,2.41,2023-06-17 04:09:51,completed,c42d60f7-72a5-4218-8455-6843a1d63934,2023-05-17 04:09:51
LOT-PAP-0089,Papa,Talleres Vicente S.L.N.E,10598.6,10392.95,2.42,2023-06-04 04:09:51,completed,d92a3c54-572c-4498-8bd2-9e332d59536b,2023-05-17 04:09:51
LOT-PAP-0090,Papa,Vallés y Torrecilla S.L.,16239.38,15018.45,2.43,2023-06-20 04:09:51,completed,91b887de-f920-4f25-aa0b-5e71502435fc,2023-05-17 04:09:51
LOT-PAP-0091,Papa,Infraestructuras Ibéricos S.Com.,17494.65,16939.97,2.56,2023-06-25 04:09:51,completed,c42d60f7-72a5-4218-8455-6843a1d63934,2023-05-17 04:09:51
LOT-PAP-0092,Papa,Valls y Arrieta S.Coop.,14827.32,13941.06,2.64,2023-06-21 04:09:51,completed,5676ed82-9a65-4833-9526-d82e8115357c,2023-05-17 04:09:51
LOT-PAP-0093,Papa,Hermanos Palomino S.L.,8693.65,4860.95,2.63,2023-06-04 04:09:51,expired,e93f25fc-9b20-4187-95fa-859beca1159e,2023-05-17 04:09:51
LOT-PAP-0094,Papa,Clavero y asociados S.Coop.,5221.3,5118.5,2.72,2023-06-23 04:09:51,completed,51f1c886-7ad3-4150-aa57-94e34edf0078,2023-05-17 04:09:51
LOT-PAP-0095,Papa,Minería del Norte S.A.,3554.94,3303.11,2.51,2023-06-26 04:09:51,completed,a76f778e-38df-4170-b898-b5d475bc7437,2023-05-17 04:09:51
LOT-PAP-0096,Papa,Supermercados IFCG S.L.N.E,3871.08,3674.44,2.54,2023-06-02 04:09:51,completed,5230c44f-1ffb-4722-b4b2-8f7aa7e4d21b,2023-05-17 04:09:51
LOT-PAP-0097,Papa,Font y asociados S.A.,6205.0,6062.38,2.55,2023-07-04 04:09:51,completed,5230c44f-1ffb-4722-b4b2-8f7aa7e4d21b,2023-06-16 04:09:51
LOT-PAP-0098,Papa,Hermanos Alegria S.Coop.,6770.14,6557.6,2.24,2023-07-27 04:09:51,completed,91b887de-f920-4f25-aa0b-5e71502435fc,2023-06-16 04:09:51
LOT-PAP-0099,Papa,Banco Salgado y asociados S.Coop.,11242.27,11231.79,2.45,2023-07-01 04:09:51,completed,51f1c886-7ad3-4150-aa57-94e34edf0078,2023-06-16 04:09:51
LOT-PAP-0100,Papa,Guillermo Patiño Antúnez S.L.L.,2530.68,2331.95,2.45,2023-07-06 04:09:51,completed,a76f778e-38df-4170-b898-b5d475bc7437,2023-06-16 04:09:51
LOT-PAP-0101,Papa,Consultoría Miguel y asociados S.C.P,11801.32,5265.43,2.38,2023-07-13 04:09:51,expired,a76f778e-38df-4170-b898-b5d475bc7437,2023-06-16 04:09:51
LOT-PAP-0102,Papa,Comercial Armas S.L.L.,3802.42,3732.56,2.44,2023-07-30 04:09:51,completed,e93f25fc-9b20-4187-95fa-859beca1159e,2023-06-16 04:09:51
LOT-PAP-0103,Papa,Raya y asociados S.L.,2683.35,2420.36,2.31,2023-08-15 04:09:51,completed,e93f25fc-9b20-4187-95fa-859beca1159e,2023-07-16 04:09:51
LOT-PAP-0104,Papa,Familia Ariza S.A.,5135.65,3364.54,2.67,2023-08-25 04:09:51,expired,d92a3c54-572c-4498-8bd2-9e332d59536b,2023-07-16 04:09:51
LOT-PAP-0105,Papa,Hotel FMH S.L.L.,7961.03,7419.3,2.32,2023-08-20 04:09:51,completed,2d0d9e58-1728-4883-830b-e6313ff462d3,2023-07-16 04:09:51
LOT-PAP-0106,Papa,Mesa y Viana S.L.,3326.77,3100.12,2.62,2023-08-30 04:09:51,completed,2d0d9e58-1728-4883-830b-e6313ff462d3,2023-07-16 04:09:51
LOT-PAP-0107,Papa,Oliva y Casanovas S.A.,9763.82,9211.38,2.55,2023-08-01 04:09:51,completed,2d0d9e58-1728-4883-830b-e6313ff462d3,2023-07-16 04:09:51
LOT-PAP-0108,Papa,Andrade y Rozas S.A.,17187.84,16309.71,2.41,2023-08-21 04:09:51,completed,a76f778e-38df-4170-b898-b5d475bc7437,2023-07-16 04:09:51
LOT-PAP-0109,Papa,Farmaceútica Frutos y asociados S.L.U.,6072.36,5921.91,2.4,2023-08-21 04:09:51,completed,2d0d9e58-1728-4883-830b-e6313ff462d3,2023-07-16 04:09:51
LOT-PAP-0110,Papa,Abril y Bou S.L.N.E,17604.09,7629.06,2.71,2023-09-01 04:09:51,expired,51f1c886-7ad3-4150-aa57-94e34edf0078,2023-08-15 04:09:51
LOT-PAP-0111,Papa,Distribuciones Ropero S.Com.,4165.07,4158.56,2.83,2023-09-05 04:09:51,completed,b48ddd41-5e75-4522-9cd3-eb76e6a1bde8,2023-08-15 04:09:51
LOT-PAP-0112,Papa,Fidel Cazorla Alcázar S.Coop.,17419.24,3589.38,2.73,2023-09-21 04:09:51,expired,91b887de-f920-4f25-aa0b-5e71502435fc,2023-08-15 04:09:51
LOT-PAP-0113,Papa,Logística EJTU S.Coop.,4418.94,4341.97,2.93,2023-09-07 04:09:51,completed,51f1c886-7ad3-4150-aa57-94e34edf0078,2023-08-15 04:09:51
LOT-PAP-0114,Papa,Inmobiliaria Mata & Asociados S.L.L.,16246.83,15277.52,2.53,2023-09-23 04:09:51,completed,5676ed82-9a65-4833-9526-d82e8115357c,2023-08-15 04:09:51
LOT-PAP-0115,Papa,Cristian Morales Rozas S.A.U,2595.28,2387.43,2.53,2023-09-10 04:09:51,completed,c42d60f7-72a5-4218-8455-6843a1d63934,2023-08-15 04:09:51
LOT-PAP-0116,Papa,Hotel Asenjo S.L.,9628.52,8908.31,2.67,2023-09-13 04:09:51,completed,a76f778e-38df-4170-b898-b5d475bc7437,2023-08-15 04:09:51
LOT-PAP-0117,Papa,Gertrudis Perelló Martorell S.L.,8177.01,7881.26,2.81,2023-09-14 04:09:51,completed,d92a3c54-572c-4498-8bd2-9e332d59536b,2023-08-15 04:09:51
LOT-PAP-0118,Papa,Familia Pomares S.A.,19862.26,12662.07,2.65,2023-09-13 04:09:51,expired,5230c44f-1ffb-4722-b4b2-8f7aa7e4d21b,2023-08-15 04:09:51
LOT-PAP-0119,Papa,Banco Vila S.L.,13280.36,12409.64,2.93,2023-10-03 04:09:51,completed,2d0d9e58-1728-4883-830b-e6313ff462d3,2023-09-14 04:09:51
LOT-PAP-0120,Papa,Familia Rovira S.Com.,8753.46,8423.58,3.12,2023-10-18 04:09:51,completed,e93f25fc-9b20-4187-95fa-859beca1159e,2023-09-14 04:09:51
LOT-PAP-0121,Papa,Consultoría Integrales S.C.P,2167.48,2063.51,3.02,2023-10-18 04:09:51,completed,91b887de-f920-4f25-aa0b-5e71502435fc,2023-09-14 04:09:51
LOT-PAP-0122,Papa,Graciano Cañas Serra S.A.T.,7316.32,6736.65,2.83,2023-10-28 04:09:51,completed,c42d60f7-72a5-4218-8455-6843a1d63934,2023-09-14 04:09:51
LOT-PAP-0123,Papa,Luján & Asociados S.A.,2174.1,2028.15,3.19,2023-11-26 04:09:51,completed,c42d60f7-72a5-4218-8455-6843a1d63934,2023-10-14 04:09:51
LOT-PAP-0124,Papa,Fábrica JW S.Coop.,14211.08,13299.58,3.22,2023-10-29 04:09:51,completed,5230c44f-1ffb-4722-b4b2-8f7aa7e4d21b,2023-10-14 04:09:51
LOT-PAP-0125,Papa,Rosa & Asociados S.L.L.,17649.48,16309.69,3.16,2023-11-06 04:09:51,completed,e93f25fc-9b20-4187-95fa-859beca1159e,2023-10-14 04:09:51
LOT-PAP-0126,Papa,Suministros Castellana S.Com.,14886.44,13727.9,3.18,2023-11-08 04:09:51,completed,d92a3c54-572c-4498-8bd2-9e332d59536b,2023-10-14 04:09:51
LOT-PAP-0127,Papa,Manufacturas Arranz S.Coop.,10232.98,10195.99,3.62,2023-11-28 04:09:51,completed,5676ed82-9a65-4833-9526-d82e8115357c,2023-11-13 04:09:51
LOT-PAP-0128,Papa,Beatriz Somoza Seco S.Coop.,14452.72,13157.11,3.38,2023-12-19 04:09:51,completed,91b887de-f920-4f25-aa0b-5e71502435fc,2023-11-13 04:09:51
LOT-PAP-0129,Papa,Concha Maestre Villa S.Coop.,19553.23,18843.21,3.38,2023-12-20 04:09:51,completed,2d0d9e58-1728-4883-830b-e6313ff462d3,2023-11-13 04:09:51
LOT-PAP-0130,Papa,Construcción Española S.Coop.,8456.28,8181.9,3.54,2023-12-15 04:09:51,completed,b48ddd41-5e75-4522-9cd3-eb76e6a1bde8,2023-11-13 04:09:51
LOT-PAP-0131,Papa,Supermercados Globales S.L.,2101.61,461.45,3.55,2023-12-27 04:09:51,expired,d92a3c54-572c-4498-8bd2-9e332d59536b,2023-11-13 04:09:51
LOT-PAP-0132,Papa,Benigna Reig Garay S.Coop.,16112.57,14797.57,3.46,2023-11-30 04:09:51,completed,5676ed82-9a65-4833-9526-d82e8115357c,2023-11-13 04:09:51
LOT-PAP-0133,Papa,Angelina Vaquero Galan S.A.,4065.0,3919.58,3.48,2023-12-27 04:09:51,completed,91b887de-f920-4f25-aa0b-5e71502435fc,2023-11-13 04:09:51
LOT-PAP-0134,Papa,Grupo Martin S.L.,11683.55,11298.38,3.54,2024-01-21 04:09:51,completed,b48ddd41-5e75-4522-9cd3-eb76e6a1bde8,2023-12-13 04:09:51
LOT-PAP-0135,Papa,Banca Privada Tomás S.L.,8438.6,8173.53,3.84,2024-01-16 04:09:51,completed,2d0d9e58-1728-4883-830b-e6313ff462d3,2023-12-13 04:09:51
LOT-PAP-0136,Papa,Daza y Olivé S.L.L.,12308.93,11182.82,3.77,2024-01-03 04:09:51,completed,d92a3c54-572c-4498-8bd2-9e332d59536b,2023-12-13 04:09:51
LOT-PAP-0137,Papa,Soluciones Montesinos S.Com.,6512.38,6480.82,3.65,2024-01-08 04:09:51,completed,5230c44f-1ffb-4722-b4b2-8f7aa7e4d21b,2023-12-13 04:09:51
LOT-PAP-0138,Papa,Barral y Hierro S.L.,16141.88,14974.31,3.97,2024-01-08 04:09:51,completed,5230c44f-1ffb-4722-b4b2-8f7aa7e4d21b,2023-12-13 04:09:51
LOT-PAP-0139,Papa,Desarrollo TD S.Com.,11928.69,5145.21,3.87,2024-01-21 04:09:51,expired,5230c44f-1ffb-4722-b4b2-8f7aa7e4d21b,2023-12-13 04:09:51
LOT-PAP-0140,Papa,Farmaceútica Ibérica S.Coop.,3131.5,2883.1,3.76,2024-01-26 04:09:51,completed,d92a3c54-572c-4498-8bd2-9e332d59536b,2023-12-13 04:09:51
LOT-PAP-0141,Papa,Tecnologías Llorens S.L.,6139.83,5618.1,3.85,2024-01-02 04:09:51,completed,d92a3c54-572c-4498-8bd2-9e332d59536b,2023-12-13 04:09:51
LOT-PAP-0142,Papa,Suministros Leal & Asociados S.L.N.E,2404.03,2202.36,3.56,2024-01-17 04:09:51,completed,5676ed82-9a65-4833-9526-d82e8115357c,2023-12-13 04:09:51
LOT-PAP-0143,Papa,Sandoval y Chaves S.Com.,19248.29,17359.3,3.9,2024-01-20 04:09:51,completed,a76f778e-38df-4170-b898-b5d475bc7437,2023-12-13 04:09:51
LOT-PAP-0144,Papa,Carrión & Asociados S.C.P,13217.81,12802.23,3.93,2024-02-25 04:09:51,completed,c42d60f7-72a5-4218-8455-6843a1d63934,2024-01-12 04:09:51
LOT-PAP-0145,Papa,Banca Privada Internacionales S.Com.,5193.6,5130.11,4.17,2024-02-13 04:09:51,completed,5676ed82-9a65-4833-9526-d82e8115357c,2024-01-12 04:09:51
LOT-PAP-0146,Papa,Finanzas Barrera S.A.,11396.8,10860.94,3.84,2024-02-03 04:09:51,completed,c42d60f7-72a5-4218-8455-6843a1d63934,2024-01-12 04:09:51
LOT-PAP-0147,Papa,Infraestructuras del Noroeste S.Com.,12164.06,4801.8,3.99,2024-02-02 04:09:51,expired,51f1c886-7ad3-4150-aa57-94e34edf0078,2024-01-12 04:09:51
LOT-PAP-0148,Papa,Cabrera y Zorrilla S.L.L.,13811.15,12509.4,3.79,2024-02-20 04:09:51,completed,5230c44f-1ffb-4722-b4b2-8f7aa7e4d21b,2024-01-12 04:09:51
LOT-PAP-0149,Papa,Construcción Arribas S.L.N.E,5150.63,4894.73,4.1,2024-03-07 04:09:51,completed,2d0d9e58-1728-4883-830b-e6313ff462d3,2024-02-11 04:09:51
LOT-PAP-0150,Papa,Desarrollo Nadal & Asociados S.L.L.,5290.12,4861.71,4.26,2024-03-20 04:09:51,completed,b48ddd41-5e75-4522-9cd3-eb76e6a1bde8,2024-02-11 04:09:51
LOT-PAP-0151,Papa,Farmaceútica KDOG S.L.L.,8681.54,8578.22,3.98,2024-03-15 04:09:51,completed,a76f778e-38df-4170-b898-b5d475bc7437,2024-02-11 04:09:51
LOT-PAP-0152,Papa,Grupo Cobo S.L.L.,10977.86,10288.79,3.91,2024-03-24 04:09:51,completed,51f1c886-7ad3-4150-aa57-94e34edf0078,2024-02-11 04:09:51
LOT-PAP-0153,Papa,Soluciones Globales S.A.,11611.69,10741.94,3.98,2024-03-24 04:09:51,completed,91b887de-f920-4f25-aa0b-5e71502435fc,2024-02-11 04:09:51
LOT-PAP-0154,Papa,Familia Chacón S.Coop.,17101.49,15835.59,3.84,2024-03-08 04:09:51,completed,5676ed82-9a65-4833-9526-d82e8115357c,2024-02-11 04:09:51
LOT-PAP-0155,Papa,Font & Asociados S.Coop.,5011.73,4628.14,4.0,2024-04-04 04:09:51,completed,2d0d9e58-1728-4883-830b-e6313ff462d3,2024-03-12 04:09:51
LOT-PAP-0156,Papa,Soluciones Hernando S.L.U.,15276.68,14553.7,3.75,2024-04-01 04:09:51,completed,e93f25fc-9b20-4187-95fa-859beca1159e,2024-03-12 04:09:51
LOT-PAP-0157,Papa,Farmaceútica TL S.Com.,11873.81,11326.77,3.57,2024-04-14 04:09:51,completed,91b887de-f920-4f25-aa0b-5e71502435fc,2024-03-12 04:09:51
LOT-PAP-0158,Papa,Distribuciones Ferrando S.Com.,6498.13,6386.64,3.92,2024-04-03 04:09:51,completed,a76f778e-38df-4170-b898-b5d475bc7437,2024-03-12 04:09:51
LOT-PAP-0159,Papa,Comercial del Norte S.A.D,5384.01,4905.03,3.53,2024-04-10 04:09:51,completed,91b887de-f920-4f25-aa0b-5e71502435fc,2024-03-12 04:09:51
LOT-PAP-0160,Papa,Instalaciones Llabrés y asociados S.L.N.E,16908.54,15638.64,3.56,2024-04-20 04:09:51,completed,c42d60f7-72a5-4218-8455-6843a1d63934,2024-03-12 04:09:51
LOT-PAP-0161,Papa,Javi Bolaños Aranda S.L.,5577.03,5140.78,4.02,2024-03-30 04:09:51,completed,b48ddd41-5e75-4522-9cd3-eb76e6a1bde8,2024-03-12 04:09:51
LOT-PAP-0162,Papa,Comercializadora Marco S.L.N.E,18052.33,16929.06,3.43,2024-05-19 04:09:51,completed,5230c44f-1ffb-4722-b4b2-8f7aa7e4d21b,2024-04-11 04:09:51
LOT-PAP-0163,Papa,Diego y Capdevila S.A.,2012.96,1849.01,3.38,2024-04-26 04:09:51,completed,91b887de-f920-4f25-aa0b-5e71502435fc,2024-04-11 04:09:51
LOT-PAP-0164,Papa,Grupo Silva S.A.,17053.39,16544.03,3.39,2024-05-04 04:09:51,completed,e93f25fc-9b20-4187-95fa-859beca1159e,2024-04-11 04:09:51
LOT-PAP-0165,Papa,Grupo Rey S.Coop.,15053.09,14339.87,3.32,2024-05-03 04:09:51,completed,91b887de-f920-4f25-aa0b-5e71502435fc,2024-04-11 04:09:51
LOT-PAP-0166,Papa,Barrios y asociados S.A.D,19971.8,18604.05,3.28,2024-05-06 04:09:51,completed,d92a3c54-572c-4498-8bd2-9e332d59536b,2024-04-11 04:09:51
LOT-PAP-0167,Papa,Gimeno & Asociados S.C.P,8401.8,8050.74,3.12,2024-05-03 04:09:51,completed,a76f778e-38df-4170-b898-b5d475bc7437,2024-04-11 04:09:51
LOT-PAP-0168,Papa,Hnos Collado S.Com.,17836.27,4620.75,3.27,2024-05-20 04:09:51,expired,b48ddd41-5e75-4522-9cd3-eb76e6a1bde8,2024-04-11 04:09:51
LOT-PAP-0169,Papa,Transportes Inteligentes S.Com.,4692.44,4246.9,3.31,2024-05-19 04:09:51,completed,51f1c886-7ad3-4150-aa57-94e34edf0078,2024-04-11 04:09:51
LOT-PAP-0170,Papa,Servicios Españolas S.Com.,14091.46,13134.28,3.27,2024-05-15 04:09:51,completed,e93f25fc-9b20-4187-95fa-859beca1159e,2024-04-11 04:09:51
LOT-PAP-0171,Papa,Abellán y Cadenas S.A.,10101.11,9634.44,3.05,2024-05-02 04:09:51,completed,5676ed82-9a65-4833-9526-d82e8115357c,2024-04-11 04:09:51
LOT-PAP-0172,Papa,Industrias TK S.L.N.E,8004.25,7481.4,2.61,2024-06-06 04:09:51,completed,d92a3c54-572c-4498-8bd2-9e332d59536b,2024-05-11 04:09:51
LOT-PAP-0173,Papa,Distribuciones Chamorro y asociados S.A.,12312.17,11826.3,2.63,2024-06-09 04:09:51,completed,5676ed82-9a65-4833-9526-d82e8115357c,2024-05-11 04:09:51
LOT-PAP-0174,Papa,Malena Lopez Zapata S.Coop.,18794.54,17962.58,2.83,2024-06-25 04:09:51,completed,2d0d9e58-1728-4883-830b-e6313ff462d3,2024-05-11 04:09:51
LOT-PAP-0175,Papa,Telmo Vizcaíno Barral S.A.,6803.53,6281.14,2.69,2024-06-16 04:09:51,completed,e93f25fc-9b20-4187-95fa-859beca1159e,2024-05-11 04:09:51
LOT-PAP-0176,Papa,Finanzas Correa S.A.,17976.56,8950.27,2.63,2024-06-21 04:09:51,expired,51f1c886-7ad3-4150-aa57-94e34edf0078,2024-05-11 04:09:51
LOT-PAP-0177,Papa,Industrias Leon y asociados S.A.,7299.56,4692.16,2.83,2024-06-09 04:09:51,expired,c42d60f7-72a5-4218-8455-6843a1d63934,2024-05-11 04:09:51
LOT-PAP-0178,Papa,Bosch & Asociados S.Com.,18139.12,4429.35,2.66,2024-07-05 04:09:51,expired,5230c44f-1ffb-4722-b4b2-8f7aa7e4d21b,2024-06-10 04:09:51
LOT-PAP-0179,Papa,Montenegro y Ibañez S.C.P,8816.22,5704.13,2.45,2024-07-13 04:09:51,expired,5230c44f-1ffb-4722-b4b2-8f7aa7e4d21b,2024-06-10 04:09:51
LOT-PAP-0180,Papa,Industrias del Noroeste S.L.L.,10255.57,9235.91,2.64,2024-07-23 04:09:51,completed,c42d60f7-72a5-4218-8455-6843a1d63934,2024-06-10 04:09:51
LOT-PAP-0181,Papa,Talleres Mayo y asociados S.A.,2660.98,1624.87,2.64,2024-07-04 04:09:51,expired,d92a3c54-572c-4498-8bd2-9e332d59536b,2024-06-10 04:09:51
LOT-PAP-0182,Papa,Compañía Ibéricos S.Coop.,16171.54,15490.66,2.37,2024-07-24 04:09:51,completed,e93f25fc-9b20-4187-95fa-859beca1159e,2024-06-10 04:09:51
LOT-PAP-0183,Papa,Comercial ASA S.A.,4196.42,3950.41,2.64,2024-07-01 04:09:51,completed,b48ddd41-5e75-4522-9cd3-eb76e6a1bde8,2024-06-10 04:09:51
LOT-PAP-0184,Papa,Ramón & Asociados S.A.,15033.33,8213.23,2.54,2024-07-08 04:09:51,expired,91b887de-f920-4f25-aa0b-5e71502435fc,2024-06-10 04:09:51
LOT-PAP-0185,Papa,Soluciones PD S.A.,2203.35,2157.12,2.38,2024-07-04 04:09:51,completed,a76f778e-38df-4170-b898-b5d475bc7437,2024-06-10 04:09:51
LOT-PAP-0186,Papa,Belda & Asociados S.A.,11616.92,10672.9,2.47,2024-07-28 04:09:51,completed,a76f778e-38df-4170-b898-b5d475bc7437,2024-07-10 04:09:51
LOT-PAP-0187,Papa,Mayoral y Losada S.A.,15959.6,9621.21,2.46,2024-08-24 04:09:51,expired,5676ed82-9a65-4833-9526-d82e8115357c,2024-07-10 04:09:51
LOT-PAP-0188,Papa,Rivero & Asociados S.A.,11370.4,10890.07,2.68,2024-08-03 04:09:51,completed,b48ddd41-5e75-4522-9cd3-eb76e6a1bde8,2024-07-10 04:09:51
LOT-PAP-0189,Papa,Cerdán y asociados S.L.,11730.39,11616.95,2.42,2024-07-26 04:09:51,completed,2d0d9e58-1728-4883-830b-e6313ff462d3,2024-07-10 04:09:51
LOT-PAP-0190,Papa,Logística OAVL S.C.P,16198.02,14627.24,2.77,2024-08-09 04:09:51,completed,2d0d9e58-1728-4883-830b-e6313ff462d3,2024-07-10 04:09:51
LOT-PAP-0191,Papa,Alcolea y Campoy S.L.N.E,12209.8,3477.5,2.55,2024-08-15 04:09:51,expired,2d0d9e58-1728-4883-830b-e6313ff462d3,2024-07-10 04:09:51
LOT-PAP-0192,Papa,Hermanos Acero S.L.,12264.98,12195.47,2.78,2024-08-07 04:09:51,completed,d92a3c54-572c-4498-8bd2-9e332d59536b,2024-07-10 04:09:51
LOT-PAP-0193,Papa,Checa y Canales S.L.N.E,2015.18,511.36,2.64,2024-08-03 04:09:51,expired,e93f25fc-9b20-4187-95fa-859beca1159e,2024-07-10 04:09:51
LOT-PAP-0194,Papa,Riquelme y asociados S.Coop.,2208.85,2183.42,2.67,2024-08-15 04:09:51,completed,51f1c886-7ad3-4150-aa57-94e34edf0078,2024-07-10 04:09:51
LOT-PAP-0195,Papa,Guerrero y Jimenez S.Com.,2133.74,1171.3,2.86,2024-09-01 04:09:51,expired,51f1c886-7ad3-4150-aa57-94e34edf0078,2024-08-09 04:09:51
LOT-PAP-0196,Papa,Manufacturas Ibéricos S.L.U.,15085.49,14290.73,2.89,2024-08-29 04:09:51,completed,91b887de-f920-4f25-aa0b-5e71502435fc,2024-08-09 04:09:51
LOT-PAP-0197,Papa,Fábrica Pedrosa S.L.,3383.52,3253.53,2.99,2024-09-01 04:09:51,completed,a76f778e-38df-4170-b898-b5d475bc7437,2024-08-09 04:09:51
LOT-PAP-0198,Papa,Grupo Meléndez S.Com.,8655.8,2732.95,2.71,2024-08-29 04:09:51,expired,5676ed82-9a65-4833-9526-d82e8115357c,2024-08-09 04:09:51
LOT-PAP-0199,Papa,Tecnologías Arjona S.A.U,15549.7,15022.05,2.82,2024-09-16 04:09:51,completed,5230c44f-1ffb-4722-b4b2-8f7aa7e4d21b,2024-08-09 04:09:51
LOT-PAP-0200,Papa,Alimentación Integrales S.L.,7198.26,6705.67,2.99,2024-09-09 04:09:51,completed,e93f25fc-9b20-4187-95fa-859beca1159e,2024-08-09 04:09:51
LOT-PAP-0201,Papa,Elorza & Asociados S.L.,13778.18,7812.98,2.81,2024-09-16 04:09:51,expired,91b887de-f920-4f25-aa0b-5e71502435fc,2024-08-09 04:09:51
LOT-PAP-0202,Papa,Teruel & Asociados S.A.,3023.87,926.04,2.9,2024-09-12 04:09:51,expired,2d0d9e58-1728-4883-830b-e6313ff462d3,2024-08-09 04:09:51
LOT-PAP-0203,Papa,Desarrollo del Mediterráneo S.Coop.,13888.6,13882.0,2.99,2024-10-17 04:09:51,completed,51f1c886-7ad3-4150-aa57-94e34edf0078,2024-09-08 04:09:51
LOT-PAP-0204,Papa,Hnos Sedano S.A.,12284.2,12157.08,3.08,2024-09-27 04:09:51,completed,e93f25fc-9b20-4187-95fa-859beca1159e,2024-09-08 04:09:51
LOT-PAP-0205,Papa,Alvarez y asociados S.L.,2066.67,1958.82,3.31,2024-10-05 04:09:51,completed,2d0d9e58-1728-4883-830b-e6313ff462d3,2024-09-08 04:09:51
LOT-PAP-0206,Papa,Hotel Bartolomé & Asociados S.Com.,10806.19,10058.11,2.98,2024-10-10 04:09:51,completed,c42d60f7-72a5-4218-8455-6843a1d63934,2024-09-08 04:09:51
LOT-PAP-0207,Papa,Finanzas Integrales S.A.,4127.37,3903.82,3.36,2024-10-14 04:09:51,completed,5676ed82-9a65-4833-9526-d82e8115357c,2024-09-08 04:09:51
LOT-PAP-0208,Papa,Daza & Asociados S.Com.,13387.91,3315.83,3.41,2024-10-12 04:09:51,expired,5230c44f-1ffb-4722-b4b2-8f7aa7e4d21b,2024-09-08 04:09:51
LOT-PAP-0209,Papa,Inversiones Cortes S.Com.,4174.44,3891.25,3.3,2024-10-23 04:09:51,completed,b48ddd41-5e75-4522-9cd3-eb76e6a1bde8,2024-09-08 04:09:51
LOT-PAP-0210,Papa,Balduino Durán Ibañez S.Coop.,11961.34,2630.81,3.52,2024-10-26 04:09:51,expired,91b887de-f920-4f25-aa0b-5e71502435fc,2024-10-08 04:09:51
LOT-PAP-0211,Papa,Distribuciones Ibéricos S.A.,9538.15,9525.37,3.59,2024-10-26 04:09:51,completed,91b887de-f920-4f25-aa0b-5e71502435fc,2024-10-08 04:09:51
LOT-PAP-0212,Papa,Comercializadora Integrales S.Com.,4089.17,3922.62,3.78,2024-11-02 04:09:51,completed,51f1c886-7ad3-4150-aa57-94e34edf0078,2024-10-08 04:09:51
LOT-PAP-0213,Papa,Suministros Querol & Asociados S.L.,8722.73,8163.25,3.53,2024-10-31 04:09:51,completed,b48ddd41-5e75-4522-9cd3-eb76e6a1bde8,2024-10-08 04:09:51
LOT-PAP-0214,Papa,Lucas y asociados S.L.L.,10522.8,9921.01,3.54,2024-11-19 04:09:51,completed,b48ddd41-5e75-4522-9cd3-eb76e6a1bde8,2024-10-08 04:09:51
LOT-PAP-0215,Papa,Huerta & Asociados S.Coop.,10915.13,10580.21,3.32,2024-11-05 04:09:51,completed,b48ddd41-5e75-4522-9cd3-eb76e6a1bde8,2024-10-08 04:09:51
LOT-PAP-0216,Papa,Chucho Pastor Valbuena S.Com.,8667.57,8546.55,3.72,2024-11-24 04:09:51,completed,51f1c886-7ad3-4150-aa57-94e34edf0078,2024-11-07 04:09:51
LOT-PAP-0217,Papa,Barbero y Acuña S.A.,6295.39,6257.08,3.51,2024-12-10 04:09:51,completed,b48ddd41-5e75-4522-9cd3-eb76e6a1bde8,2024-11-07 04:09:51
LOT-PAP-0218,Papa,Hermanos Peralta S.Coop.,5390.36,5061.92,3.97,2024-11-27 04:09:51,completed,a76f778e-38df-4170-b898-b5d475bc7437,2024-11-07 04:09:51
LOT-PAP-0219,Papa,Brunilda Bustamante Bermejo S.L.L.,7277.05,6645.42,4.02,2024-12-03 04:09:51,completed,51f1c886-7ad3-4150-aa57-94e34edf0078,2024-11-07 04:09:51
LOT-PAP-0220,Papa,Hotel Sandoval S.A.,5281.05,5230.73,3.55,2024-12-17 04:09:51,completed,5230c44f-1ffb-4722-b4b2-8f7aa7e4d21b,2024-11-07 04:09:51
LOT-PAP-0221,Papa,Paz y Ramis S.Com.,10071.72,9186.91,4.03,2024-11-22 04:09:51,completed,51f1c886-7ad3-4150-aa57-94e34edf0078,2024-11-07 04:09:51
LOT-PAP-0222,Papa,Germán Cazorla Cuevas S.A.T.,2405.88,2326.86,3.77,2024-11-24 04:09:51,completed,5676ed82-9a65-4833-9526-d82e8115357c,2024-11-07 04:09:51
LOT-PAP-0223,Papa,Calista Arévalo Sacristán S.A.,3549.4,3502.38,3.57,2024-12-02 04:09:51,completed,2d0d9e58-1728-4883-830b-e6313ff462d3,2024-11-07 04:09:51
LOT-PAP-0224,Papa,Pont y asociados S.A.T.,18322.28,17891.19,3.83,2024-12-07 04:09:51,completed,2d0d9e58-1728-4883-830b-e6313ff462d3,2024-11-07 04:09:51
LOT-PAP-0225,Papa,Instalaciones Española S.Coop.,11249.6,10230.96,3.9,2024-12-16 04:09:51,completed,5230c44f-1ffb-4722-b4b2-8f7aa7e4d21b,2024-11-07 04:09:51
LOT-PAP-0226,Papa,Hnos Navarro S.A.,11416.18,10622.4,4.34,2025-01-14 04:09:51,completed,2d0d9e58-1728-4883-830b-e6313ff462d3,2024-12-07 04:09:51
LOT-PAP-0227,Papa,Suministros JB S.L.,3192.45,3122.98,4.14,2025-01-20 04:09:51,completed,91b887de-f920-4f25-aa0b-5e71502435fc,2024-12-07 04:09:51
LOT-PAP-0228,Papa,Compañía Quintanilla S.C.P,15738.39,15682.15,4.05,2024-12-27 04:09:51,completed,5676ed82-9a65-4833-9526-d82e8115357c,2024-12-07 04:09:51
LOT-PAP-0229,Papa,Hotel Perelló y asociados S.Coop.,14566.39,13266.09,3.83,2025-01-17 04:09:51,completed,d92a3c54-572c-4498-8bd2-9e332d59536b,2024-12-07 04:09:51
LOT-PAP-0230,Papa,Promociones VKI S.A.T.,5227.35,4759.59,4.35,2025-01-05 04:09:51,completed,5676ed82-9a65-4833-9526-d82e8115357c,2024-12-07 04:09:51
LOT-PAP-0231,Papa,Soluciones Coello y asociados S.L.,8546.78,8413.48,3.84,2025-01-03 04:09:51,completed,2d0d9e58-1728-4883-830b-e6313ff462d3,2024-12-07 04:09:51
LOT-PAP-0232,Papa,Alimentación Orozco y asociados S.A.,3792.86,3670.77,3.74,2024-12-27 04:09:51,completed,51f1c886-7ad3-4150-aa57-94e34edf0078,2024-12-07 04:09:51
LOT-PAP-0233,Papa,Arellano & Asociados S.Coop.,13869.4,12710.12,4.21,2025-01-04 04:09:51,completed,5230c44f-1ffb-4722-b4b2-8f7aa7e4d21b,2024-12-07 04:09:51
LOT-PAP-0234,Papa,Tomé y Torrens S.L.,2484.2,2259.96,4.37,2025-02-01 04:09:51,completed,d92a3c54-572c-4498-8bd2-9e332d59536b,2025-01-06 04:09:51
LOT-PAP-0235,Papa,Finanzas Salinas S.L.,10941.17,10029.36,4.32,2025-01-30 04:09:51,completed,d92a3c54-572c-4498-8bd2-9e332d59536b,2025-01-06 04:09:51
LOT-PAP-0236,Papa,Banco TCG S.Coop.,9241.42,9022.8,4.2,2025-01-26 04:09:51,completed,e93f25fc-9b20-4187-95fa-859beca1159e,2025-01-06 04:09:51
LOT-PAP-0237,Papa,Logística Alonso & Asociados S.A.U,2524.55,2411.13,4.31,2025-02-10 04:09:51,completed,e93f25fc-9b20-4187-95fa-859beca1159e,2025-01-06 04:09:51
LOT-PAP-0238,Papa,Alimentación Rosales S.L.,5853.96,5773.7,3.97,2025-01-22 04:09:51,completed,c42d60f7-72a5-4218-8455-6843a1d63934,2025-01-06 04:09:51
LOT-PAP-0239,Papa,Familia Vilanova S.L.L.,18853.8,18588.75,4.29,2025-01-26 04:09:51,completed,c42d60f7-72a5-4218-8455-6843a1d63934,2025-01-06 04:09:51
LOT-PAP-0240,Papa,Nogués y asociados S.L.,9981.29,9182.86,4.21,2025-01-30 04:09:51,completed,d92a3c54-572c-4498-8bd2-9e332d59536b,2025-01-06 04:09:51
LOT-PAP-0241,Papa,Talleres Ibérica S.C.P,10126.82,9289.82,4.36,2025-02-08 04:09:51,completed,d92a3c54-572c-4498-8bd2-9e332d59536b,2025-01-06 04:09:51
LOT-PAP-0242,Papa,Promociones Vera & Asociados S.L.,5062.21,4822.18,4.35,2025-03-16 04:09:51,completed,c42d60f7-72a5-4218-8455-6843a1d63934,2025-02-05 04:09:51
LOT-PAP-0243,Papa,Inversiones Ibérica S.L.,14752.16,13417.5,4.47,2025-02-21 04:09:51,completed,e93f25fc-9b20-4187-95fa-859beca1159e,2025-02-05 04:09:51
LOT-PAP-0244,Papa,Rivas y Valverde S.Com.,19613.3,6623.22,4.31,2025-03-03 04:09:51,expired,51f1c886-7ad3-4150-aa57-94e34edf0078,2025-02-05 04:09:51
LOT-PAP-0245,Papa,Transportes SW S.Coop.,19913.63,18632.23,4.6,2025-03-14 04:09:51,completed,5676ed82-9a65-4833-9526-d82e8115357c,2025-02-05 04:09:51
LOT-PAP-0246,Papa,Aguilera y Ballesteros S.Coop.,4767.96,4605.63,4.02,2025-03-06 04:09:51,completed,a76f778e-38df-4170-b898-b5d475bc7437,2025-02-05 04:09:51
LOT-PAP-0247,Papa,Grupo Diéguez S.L.L.,4327.76,4017.44,4.56,2025-03-17 04:09:51,completed,e93f25fc-9b20-4187-95fa-859beca1159e,2025-02-05 04:09:51
LOT-PAP-0248,Papa,Familia Fonseca S.L.,8993.05,8952.07,3.92,2025-03-26 04:09:51,completed,2d0d9e58-1728-4883-830b-e6313ff462d3,2025-03-07 04:09:51
LOT-PAP-0249,Papa,Morales y Arnal S.Coop.,19518.89,18959.94,4.09,2025-04-20 04:09:51,completed,c42d60f7-72a5-4218-8455-6843a1d63934,2025-03-07 04:09:51
LOT-PAP-0250,Papa,Porras y Córdoba S.L.,12569.75,12096.89,3.95,2025-03-30 04:09:51,completed,d92a3c54-572c-4498-8bd2-9e332d59536b,2025-03-07 04:09:51
LOT-PAP-0251,Papa,Rivas y Nevado S.L.N.E,17638.05,16732.73,4.27,2025-04-10 04:09:51,completed,91b887de-f920-4f25-aa0b-5e71502435fc,2025-03-07 04:09:51
LOT-PAP-0252,Papa,Hermanos Cueto S.A.,19349.6,18547.03,3.96,2025-03-28 04:09:51,completed,a76f778e-38df-4170-b898-b5d475bc7437,2025-03-07 04:09:51
LOT-PAP-0253,Papa,Suministros RY S.L.L.,10446.33,10015.58,3.44,2025-05-12 04:09:51,completed,d92a3c54-572c-4498-8bd2-9e332d59536b,2025-04-06 04:09:51
LOT-PAP-0254,Papa,Suministros Ortuño S.L.,10754.58,10506.55,3.75,2025-05-15 04:09:51,completed,5676ed82-9a65-4833-9526-d82e8115357c,2025-04-06 04:09:51
LOT-PAP-0255,Papa,Dalmau y Ferrer S.A.,15715.36,4331.23,3.47,2025-05-02 04:09:51,expired,d92a3c54-572c-4498-8bd2-9e332d59536b,2025-04-06 04:09:51
LOT-PAP-0256,Papa,Restauración del Noroeste S.L.L.,13329.93,12702.95,3.33,2025-05-16 04:09:51,completed,b48ddd41-5e75-4522-9cd3-eb76e6a1bde8,2025-04-06 04:09:51
LOT-PAP-0257,Papa,Logística Pomares S.A.,19675.01,19201.22,3.29,2025-05-12 04:09:51,completed,5230c44f-1ffb-4722-b4b2-8f7aa7e4d21b,2025-04-06 04:09:51
LOT-PAP-0258,Papa,Suministros HM S.A.,18366.16,17498.89,2.57,2025-06-19 04:09:51,completed,5230c44f-1ffb-4722-b4b2-8f7aa7e4d21b,2025-05-06 04:09:51
LOT-PAP-0259,Papa,Soluciones UDRA S.L.N.E,19765.18,18525.87,2.62,2025-06-10 04:09:51,completed,5676ed82-9a65-4833-9526-d82e8115357c,2025-05-06 04:09:51
LOT-PAP-0260,Papa,Restauración Chaparro & Asociados S.L.,5465.99,4999.5,2.91,2025-06-03 04:09:51,completed,51f1c886-7ad3-4150-aa57-94e34edf0078,2025-05-06 04:09:51
LOT-PAP-0261,Papa,Hotel Globales S.A.,12061.43,5865.58,2.91,2025-06-10 04:09:51,expired,51f1c886-7ad3-4150-aa57-94e34edf0078,2025-05-06 04:09:51
LOT-PAP-0262,Papa,Benito Gras Pereira S.A.T.,16108.27,5630.33,2.75,2025-05-30 04:09:51,expired,b48ddd41-5e75-4522-9cd3-eb76e6a1bde8,2025-05-06 04:09:51
LOT-PAP-0263,Papa,Juan Bautista Martinez Albero S.A.,4390.57,4285.94,2.63,2025-06-11 04:09:51,completed,c42d60f7-72a5-4218-8455-6843a1d63934,2025-05-06 04:09:51
LOT-PAP-0264,Papa,Rosa Falcó Sotelo S.C.P,15888.71,8190.92,2.55,2025-06-22 04:09:51,expired,b48ddd41-5e75-4522-9cd3-eb76e6a1bde8,2025-06-05 04:09:51
LOT-PAP-0265,Papa,Redondo y asociados S.L.N.E,7522.3,7232.29,2.59,2025-06-30 04:09:51,completed,5230c44f-1ffb-4722-b4b2-8f7aa7e4d21b,2025-06-05 04:09:51
LOT-PAP-0266,Papa,Inversiones YBS S.A.,6642.82,1497.43,2.81,2025-06-27 04:09:51,expired,91b887de-f920-4f25-aa0b-5e71502435fc,2025-06-05 04:09:51
LOT-PAP-0267,Papa,Distribuciones Prats S.C.P,15733.61,15054.3,2.69,2025-07-04 04:09:51,completed,2d0d9e58-1728-4883-830b-e6313ff462d3,2025-06-05 04:09:51
LOT-PAP-0268,Papa,Martin y asociados S.Coop.,5795.3,3669.16,2.63,2025-07-20 04:09:51,expired,d92a3c54-572c-4498-8bd2-9e332d59536b,2025-06-05 04:09:51
LOT-PAP-0269,Papa,Manufacturas JEB S.L.,3395.42,1796.48,2.43,2025-07-11 04:09:51,expired,2d0d9e58-1728-4883-830b-e6313ff462d3,2025-06-05 04:09:51
LOT-PAP-0270,Papa,Danilo Llobet Galan S.L.N.E,5763.55,2271.31,2.5,2025-07-17 04:09:51,expired,a76f778e-38df-4170-b898-b5d475bc7437,2025-06-05 04:09:51
LOT-PAP-0271,Papa,Instalaciones Quevedo & Asociados S.A.,7002.79,6306.13,2.59,2025-06-26 04:09:51,completed,d92a3c54-572c-4498-8bd2-9e332d59536b,2025-06-05 04:09:51
LOT-PAP-0272,Papa,Jimenez y asociados S.Com.,3131.19,2953.33,2.68,2025-06-20 04:09:51,completed,91b887de-f920-4f25-aa0b-5e71502435fc,2025-06-05 04:09:51
LOT-PAP-0273,Papa,Alimentación QZO S.L.,7426.48,7187.02,2.68,2025-07-07 04:09:51,completed,e93f25fc-9b20-4187-95fa-859beca1159e,2025-06-05 04:09:51
LOT-PAP-0274,Papa,Rivera y Cano S.A.,18278.66,17100.4,2.58,2025-08-04 04:09:51,completed,91b887de-f920-4f25-aa0b-5e71502435fc,2025-07-05 04:09:51
LOT-PAP-0275,Papa,Hermanos Pozo S.A.,12795.72,12748.46,2.67,2025-08-08 04:09:51,completed,a76f778e-38df-4170-b898-b5d475bc7437,2025-07-05 04:09:51
LOT-PAP-0276,Papa,Inversiones XHL S.L.N.E,19555.57,18028.17,2.61,2025-07-28 04:09:51,completed,5230c44f-1ffb-4722-b4b2-8f7aa7e4d21b,2025-07-05 04:09:51
LOT-PAP-0277,Papa,Somoza y Marti S.Com.,4599.78,1351.99,2.93,2025-08-01 04:09:51,expired,d92a3c54-572c-4498-8bd2-9e332d59536b,2025-07-05 04:09:51
LOT-PAP-0278,Papa,Fábrica del Mediterráneo S.Com.,8736.79,8485.6,2.75,2025-08-05 04:09:51,completed,c42d60f7-72a5-4218-8455-6843a1d63934,2025-07-05 04:09:51
LOT-PAP-0279,Papa,Rosa y Alberola S.L.N.E,6208.23,5638.57,3.07,2025-09-14 04:09:51,completed,5676ed82-9a65-4833-9526-d82e8115357c,2025-08-04 04:09:51
LOT-PAP-0280,Papa,Hermanos Palomo S.A.,6207.02,5877.26,3.04,2025-09-14 04:09:51,completed,c42d60f7-72a5-4218-8455-6843a1d63934,2025-08-04 04:09:51
LOT-PAP-0281,Papa,Despacho Internacionales S.A.,4766.44,4590.01,3.22,2025-09-07 04:09:51,completed,91b887de-f920-4f25-aa0b-5e71502435fc,2025-08-04 04:09:51
LOT-PAP-0282,Papa,Grupo Lloret S.Coop.,5092.86,4663.55,3.17,2025-08-22 04:09:51,completed,5230c44f-1ffb-4722-b4b2-8f7aa7e4d21b,2025-08-04 04:09:51
LOT-PAP-0283,Papa,Sáenz y asociados S.Com.,13034.5,12055.78,3.15,2025-09-16 04:09:51,completed,91b887de-f920-4f25-aa0b-5e71502435fc,2025-08-04 04:09:51
LOT-PAP-0284,Papa,Finanzas Castellana S.L.,10319.01,10060.77,2.8,2025-08-31 04:09:51,completed,d92a3c54-572c-4498-8bd2-9e332d59536b,2025-08-04 04:09:51
LOT-PAP-0285,Papa,Banca Privada Iberia S.L.N.E,4762.94,4303.05,2.93,2025-09-09 04:09:51,completed,5676ed82-9a65-4833-9526-d82e8115357c,2025-08-04 04:09:51
LOT-PAP-0286,Papa,Soluciones SZGD S.Coop.,14239.27,3521.88,3.13,2025-10-14 04:09:51,expired,5230c44f-1ffb-4722-b4b2-8f7aa7e4d21b,2025-09-03 04:09:51
LOT-PAP-0287,Papa,Blas Jódar Alonso S.Coop.,3905.94,3770.79,3.27,2025-09-18 04:09:51,completed,51f1c886-7ad3-4150-aa57-94e34edf0078,2025-09-03 04:09:51
LOT-PAP-0288,Papa,Manufacturas Villalba S.Coop.,6534.92,6293.7,3.15,2025-09-30 04:09:51,completed,5230c44f-1ffb-4722-b4b2-8f7aa7e4d21b,2025-09-03 04:09:51
LOT-PAP-0289,Papa,Ibañez & Asociados S.Com.,13556.7,13541.18,3.23,2025-10-02 04:09:51,completed,d92a3c54-572c-4498-8bd2-9e332d59536b,2025-09-03 04:09:51
LOT-PAP-0290,Papa,Alba y asociados S.A.,16426.13,16217.04,3.47,2025-10-04 04:09:51,completed,d92a3c54-572c-4498-8bd2-9e332d59536b,2025-09-03 04:09:51
LOT-PAP-0291,Papa,Grupo Blasco S.L.,15049.8,13913.43,3.62,2025-10-23 04:09:51,completed,91b887de-f920-4f25-aa0b-5e71502435fc,2025-10-03 04:09:51
LOT-PAP-0292,Papa,Suministros Cabeza S.A.T.,2356.6,2299.77,3.67,2025-11-16 04:09:51,completed,a76f778e-38df-4170-b898-b5d475bc7437,2025-10-03 04:09:51
LOT-PAP-0293,Papa,Comercial Rosado y asociados S.L.,14764.31,13373.08,3.82,2025-10-30 04:09:51,completed,51f1c886-7ad3-4150-aa57-94e34edf0078,2025-10-03 04:09:51
LOT-PAP-0294,Papa,Matas y Carlos S.L.,9158.0,4158.5,3.79,2025-10-24 04:09:51,expired,51f1c886-7ad3-4150-aa57-94e34edf0078,2025-10-03 04:09:51
LOT-PAP-0295,Papa,Manufacturas WUQ S.Com.,6842.38,6636.43,3.56,2025-10-18 04:09:51,completed,5230c44f-1ffb-4722-b4b2-8f7aa7e4d21b,2025-10-03 04:09:51
LOT-PAP-0296,Papa,Hermanos Trillo S.L.,2534.0,2473.32,3.58,2025-10-18 04:09:51,completed,e93f25fc-9b20-4187-95fa-859beca1159e,2025-10-03 04:09:51
LOT-PAP-0297,Papa,Barros y asociados S.A.,8811.84,8221.67,3.47,2025-10-21 04:09:51,completed,e93f25fc-9b20-4187-95fa-859beca1159e,2025-10-03 04:09:51
LOT-PAP-0298,Papa,Instalaciones del Noroeste S.Coop.,14814.96,14496.23,4.16,2025-12-09 04:09:51,completed,5676ed82-9a65-4833-9526-d82e8115357c,2025-11-02 04:09:51
LOT-PAP-0299,Papa,Consuelo Cordero Arranz S.A.,5024.95,4855.43,3.9,2025-11-24 04:09:51,completed,b48ddd41-5e75-4522-9cd3-eb76e6a1bde8,2025-11-02 04:09:51
LOT-PAP-0300,Papa,Lloret y Flores S.A.,3627.95,3603.2,4.05,2025-12-11 04:09:51,completed,91b887de-f920-4f25-aa0b-5e71502435fc,2025-11-02 04:09:51
LOT-PAP-0301,Papa,Aller y Huguet S.A.,3604.51,2036.05,4.08,2025-11-20 04:09:51,expired,91b887de-f920-4f25-aa0b-5e71502435fc,2025-11-02 04:09:51
LOT-PAP-0302,Papa,Julio Esparza Campoy S.L.,10996.99,10057.7,3.9,2025-12-08 04:09:51,completed,e93f25fc-9b20-4187-95fa-859beca1159e,2025-11-02 04:09:51
LOT-PAP-0303,Papa,Desarrollo Berenguer & Asociados S.C.P,9603.87,9019.35,4.22,2025-12-19 04:09:51,completed,5676ed82-9a65-4833-9526-d82e8115357c,2025-12-02 04:09:51
LOT-PAP-0304,Papa,Industrias EPL S.Coop.,2164.39,2094.76,4.39,2026-01-13 04:09:51,completed,5230c44f-1ffb-4722-b4b2-8f7aa7e4d21b,2025-12-02 04:09:51
LOT-PAP-0305,Papa,Industrias del Mediterráneo S.A.,6953.89,6341.95,4.34,2025-12-19 04:09:51,completed,2d0d9e58-1728-4883-830b-e6313ff462d3,2025-12-02 04:09:51
LOT-PAP-0306,Papa,Gisela Perez Macias S.Com.,17516.06,16547.83,4.37,2025-12-27 04:09:51,completed,2d0d9e58-1728-4883-830b-e6313ff462d3,2025-12-02 04:09:51
LOT-PAP-0307,Papa,Saldaña y Palomino S.Coop.,17326.1,7762.31,3.92,2025-12-28 04:09:51,expired,5676ed82-9a65-4833-9526-d82e8115357c,2025-12-02 04:09:51
LOT-PAP-0308,Papa,Talleres Salazar & Asociados S.L.L.,11687.77,11477.11,4.04,2025-12-24 04:09:51,completed,e93f25fc-9b20-4187-95fa-859beca1159e,2025-12-02 04:09:51
LOT-PAP-0309,Papa,Merino y Andreu S.L.,4578.39,4243.89,4.12,2026-02-05 04:09:51,completed,b48ddd41-5e75-4522-9cd3-eb76e6a1bde8,2026-01-01 04:09:51
LOT-PAP-0310,Papa,Talleres Madrigal S.L.,19132.09,18226.14,4.52,2026-02-13 04:09:51,completed,a76f778e-38df-4170-b898-b5d475bc7437,2026-01-01 04:09:51
LOT-PAP-0311,Papa,Hnos Sabater S.L.,14722.16,8704.47,4.1,2026-02-01 04:09:51,expired,a76f778e-38df-4170-b898-b5d475bc7437,2026-01-01 04:09:51
LOT-PAP-0312,Papa,Construcción Carbajo S.C.P,18783.95,18192.48,4.07,2026-02-06 04:09:51,completed,5676ed82-9a65-4833-9526-d82e8115357c,2026-01-01 04:09:51
LOT-PAP-0313,Papa,Alimentación Españolas S.A.,19896.0,19894.34,4.43,2026-02-15 04:09:51,completed,5676ed82-9a65-4833-9526-d82e8115357c,2026-01-01 04:09:51
LOT-PAP-0314,Papa,Minería Acevedo & Asociados S.A.,5146.66,4813.82,4.23,2026-01-17 04:09:51,completed,51f1c886-7ad3-4150-aa57-94e34edf0078,2026-01-01 04:09:51
LOT-PAP-0315,Papa,Verdejo y Bonet S.A.,3824.08,3638.35,4.32,2026-01-20 04:09:51,completed,51f1c886-7ad3-4150-aa57-94e34edf0078,2026-01-01 04:09:51
LOT-PAP-0316,Papa,Zorrilla & Asociados S.L.N.E,11655.69,6079.34,4.16,2026-01-30 04:09:51,expired,5230c44f-1ffb-4722-b4b2-8f7aa7e4d21b,2026-01-01 04:09:51
LOT-PAP-0317,Papa,Coronado y Lopez S.Com.,4138.26,4006.56,4.32,2026-01-20 04:09:51,completed,d92a3c54-572c-4498-8bd2-9e332d59536b,2026-01-01 04:09:51
LOT-PAP-0318,Papa,Grupo Barceló S.Coop.,16088.9,15463.21,4.06,2026-02-21 04:09:51,completed,91b887de-f920-4f25-aa0b-5e71502435fc,2026-01-31 04:09:51
LOT-PAP-0319,Papa,Hermanos Heredia S.Coop.,14602.86,13764.77,4.67,2026-02-16 04:09:51,completed,5676ed82-9a65-4833-9526-d82e8115357c,2026-01-31 04:09:51
LOT-PAP-0320,Papa,Instalaciones Española S.L.,11519.52,10609.51,4.25,2026-02-27 04:09:51,completed,2d0d9e58-1728-4883-830b-e6313ff462d3,2026-01-31 04:09:51
LOT-PAP-0321,Papa,Tecnologías Española S.A.,3347.83,3255.88,4.37,2026-03-11 04:09:51,completed,b48ddd41-5e75-4522-9cd3-eb76e6a1bde8,2026-01-31 04:09:51
LOT-PAP-0322,Papa,Nazario Pardo Sastre S.L.L.,5313.19,5152.06,4.1,2026-03-15 04:09:51,completed,5676ed82-9a65-4833-9526-d82e8115357c,2026-01-31 04:09:51
LOT-PAP-0323,Papa,Luciano Goicoechea Seco S.Com.,7843.43,7705.33,4.03,2026-02-22 04:09:51,completed,a76f778e-38df-4170-b898-b5d475bc7437,2026-01-31 04:09:51
LOT-PAP-0324,Papa,Transportes Núñez y asociados S.Coop.,7836.73,7725.63,4.13,2026-02-27 04:09:51,completed,5230c44f-1ffb-4722-b4b2-8f7aa7e4d21b,2026-01-31 04:09:51
LOT-PAP-0325,Papa,Tecnologías TON S.L.,16878.12,15264.13,4.52,2026-02-22 04:09:51,completed,2d0d9e58-1728-4883-830b-e6313ff462d3,2026-01-31 04:09:51
LOT-PAP-0326,Papa,Borja y Leal S.C.P,2381.74,2168.0,4.02,2026-03-15 04:09:51,completed,51f1c886-7ad3-4150-aa57-94e34edf0078,2026-01-31 04:09:51
LOT-PAP-0327,Papa,Alcalde & Asociados S.Com.,6041.4,5483.35,4.48,2026-03-27 04:09:51,completed,2d0d9e58-1728-4883-830b-e6313ff462d3,2026-03-02 04:09:51
LOT-PAP-0328,Papa,Distribuciones Valcárcel S.Com.,4638.6,4544.37,3.94,2026-04-01 04:09:51,completed,2d0d9e58-1728-4883-830b-e6313ff462d3,2026-03-02 04:09:51
LOT-PAP-0329,Papa,Comercial XZD S.C.P,9628.98,9430.14,4.31,2026-03-27 04:09:51,completed,5230c44f-1ffb-4722-b4b2-8f7aa7e4d21b,2026-03-02 04:09:51
LOT-PAP-0330,Papa,Suministros Castellana S.Com.,19890.3,19805.99,3.85,2026-04-15 04:09:51,completed,2d0d9e58-1728-4883-830b-e6313ff462d3,2026-03-02 04:09:51
LOT-PAP-0331,Papa,Elías y asociados S.L.,17359.62,5534.66,3.92,2026-05-12 04:09:51,expired,b48ddd41-5e75-4522-9cd3-eb76e6a1bde8,2026-04-01 04:09:51
LOT-PAP-0332,Papa,Instalaciones Inteligentes S.L.N.E,14530.21,13231.22,3.6,2026-05-04 04:09:51,completed,2d0d9e58-1728-4883-830b-e6313ff462d3,2026-04-01 04:09:51
LOT-PAP-0333,Papa,Chaparro y asociados S.Coop.,11974.81,5339.78,3.84,2026-05-08 04:09:51,expired,b48ddd41-5e75-4522-9cd3-eb76e6a1bde8,2026-04-01 04:09:51
LOT-PAP-0334,Papa,Celestino Franco Villar S.Coop.,6311.54,5814.13,3.45,2026-04-16 04:09:51,completed,a76f778e-38df-4170-b898-b5d475bc7437,2026-04-01 04:09:51
LOT-PAP-0335,Papa,Soluciones del Mediterráneo S.A.,11003.89,10295.06,3.54,2026-04-20 04:09:51,completed,2d0d9e58-1728-4883-830b-e6313ff462d3,2026-04-01 04:09:51
LOT-PAP-0336,Papa,Construcción ZT S.L.N.E,18744.09,17505.14,3.55,2026-04-27 04:09:51,completed,91b887de-f920-4f25-aa0b-5e71502435fc,2026-04-01 04:09:51
LOT-PAP-0337,Papa,Grupo Armas S.A.,18634.89,8185.32,3.9,2026-04-27 04:09:51,expired,a76f778e-38df-4170-b898-b5d475bc7437,2026-04-01 04:09:51
LOT-PAP-0338,Papa,Farmaceútica SK S.A.U,10385.8,4442.82,3.73,2026-04-18 04:09:51,expired,5230c44f-1ffb-4722-b4b2-8f7aa7e4d21b,2026-04-01 04:09:51
LOT-PAP-0339,Papa,Hotel KBTV S.A.,7010.75,6639.16,3.38,2026-05-06 04:09:51,completed,b48ddd41-5e75-4522-9cd3-eb76e6a1bde8,2026-04-01 04:09:51
LOT-PAP-0340,Papa,Familia Pizarro S.A.T.,16949.88,6230.6,3.41,2026-05-10 04:09:51,expired,a76f778e-38df-4170-b898-b5d475bc7437,2026-04-01 04:09:51
LOT-PAP-0341,Papa,Logística Oller S.L.L.,12412.81,11189.14,2.76,2026-06-13 04:09:51,completed,c42d60f7-72a5-4218-8455-6843a1d63934,2026-05-01 04:09:51
LOT-PAP-0342,Papa,Ligia Fábregas Tejedor S.Coop.,5935.21,5755.04,3.15,2026-06-09 04:09:51,completed,5230c44f-1ffb-4722-b4b2-8f7aa7e4d21b,2026-05-01 04:09:51
LOT-PAP-0343,Papa,Estévez y Núñez S.Com.,7098.47,6725.44,2.99,2026-06-10 04:09:51,active,2d0d9e58-1728-4883-830b-e6313ff462d3,2026-05-01 04:09:51
LOT-PAP-0344,Papa,Comercial Inteligentes S.L.,12462.2,12277.4,2.71,2026-05-22 04:09:51,completed,b48ddd41-5e75-4522-9cd3-eb76e6a1bde8,2026-05-01 04:09:51
LOT-PAP-0345,Papa,Finanzas Montero & Asociados S.L.U.,6352.96,4694.5,3.15,2026-05-28 04:09:51,active,e93f25fc-9b20-4187-95fa-859beca1159e,2026-05-01 04:09:51
LOT-PAP-0346,Papa,Brunilda Cuéllar Cuenca S.A.,8883.29,8358.09,3.04,2026-06-05 04:09:51,active,d92a3c54-572c-4498-8bd2-9e332d59536b,2026-05-01 04:09:51
LOT-PAP-0347,Papa,Mulet y asociados S.L.N.E,19726.36,12871.85,3.1,2026-06-04 04:09:51,active,2d0d9e58-1728-4883-830b-e6313ff462d3,2026-05-01 04:09:51
LOT-PAP-0348,Papa,Farré y Carvajal S.Com.,3812.09,3458.93,3.07,2026-06-15 04:09:51,completed,2d0d9e58-1728-4883-830b-e6313ff462d3,2026-05-01 04:09:51
LOT-PAP-0349,Papa,Orozco y Abad S.Coop.,4850.99,2454.92,3.04,2026-05-16 04:09:51,active,5676ed82-9a65-4833-9526-d82e8115357c,2026-05-01 04:09:51
LOT-MAI-0001,Maiz,Moles y asociados S.Coop.,11843.57,7822.98,1.75,2022-05-15 04:09:51,expired,b44f4d24-1f22-4a78-aee0-7d4b475644b6,2022-04-22 04:09:51
LOT-MAI-0002,Maiz,Banco Oller S.Coop.,15133.89,4903.4,1.95,2022-05-20 04:09:51,expired,b44f4d24-1f22-4a78-aee0-7d4b475644b6,2022-04-22 04:09:51
LOT-MAI-0003,Maiz,Comercial del Mediterráneo S.A.,24961.65,23698.43,1.74,2022-05-08 04:09:51,completed,b44f4d24-1f22-4a78-aee0-7d4b475644b6,2022-04-22 04:09:51
LOT-MAI-0004,Maiz,Arana y asociados S.Com.,18024.16,16930.68,1.78,2022-05-29 04:09:51,completed,75d29d49-e2f9-4dc9-afb3-52732090ca1c,2022-04-22 04:09:51
LOT-MAI-0005,Maiz,Minería Rios y asociados S.Coop.,11621.98,11447.83,1.78,2022-07-04 04:09:51,completed,75d29d49-e2f9-4dc9-afb3-52732090ca1c,2022-05-22 04:09:51
LOT-MAI-0006,Maiz,Instalaciones Romero S.Coop.,22129.83,5571.71,1.94,2022-06-10 04:09:51,expired,2d0d9e58-1728-4883-830b-e6313ff462d3,2022-05-22 04:09:51
LOT-MAI-0007,Maiz,Nogueira y Sola S.L.N.E,12569.52,11854.13,1.8,2022-06-16 04:09:51,completed,822f07a9-e410-45f7-9731-387fef39cc4a,2022-05-22 04:09:51
LOT-MAI-0008,Maiz,Guardiola & Asociados S.L.,8554.05,7944.99,1.98,2022-06-25 04:09:51,completed,b44f4d24-1f22-4a78-aee0-7d4b475644b6,2022-05-22 04:09:51
LOT-MAI-0009,Maiz,Cal y Sierra S.L.,26019.23,25190.36,1.95,2022-06-11 04:09:51,completed,2d0d9e58-1728-4883-830b-e6313ff462d3,2022-05-22 04:09:51
LOT-MAI-0010,Maiz,Leiva & Asociados S.C.P,6957.74,6774.19,2.0,2022-07-20 04:09:51,completed,75d29d49-e2f9-4dc9-afb3-52732090ca1c,2022-06-21 04:09:51
LOT-MAI-0011,Maiz,Hotel YKR S.A.T.,12704.34,12646.93,2.22,2022-07-26 04:09:51,completed,822f07a9-e410-45f7-9731-387fef39cc4a,2022-06-21 04:09:51
LOT-MAI-0012,Maiz,Infraestructuras Abril & Asociados S.Com.,5975.15,1625.8,1.97,2022-07-27 04:09:51,expired,2d0d9e58-1728-4883-830b-e6313ff462d3,2022-06-21 04:09:51
LOT-MAI-0013,Maiz,Tolosa & Asociados S.Com.,13428.5,8561.83,2.1,2022-08-04 04:09:51,expired,b44f4d24-1f22-4a78-aee0-7d4b475644b6,2022-06-21 04:09:51
LOT-MAI-0014,Maiz,Alimentación Globales S.Coop.,28241.75,26625.39,2.21,2022-07-19 04:09:51,completed,75d29d49-e2f9-4dc9-afb3-52732090ca1c,2022-06-21 04:09:51
LOT-MAI-0015,Maiz,Servicios Montesinos y asociados S.L.N.E,22992.77,20815.4,2.2,2022-07-12 04:09:51,completed,a76f778e-38df-4170-b898-b5d475bc7437,2022-06-21 04:09:51
LOT-MAI-0016,Maiz,Rey y Lumbreras S.Coop.,4812.84,2188.46,2.02,2022-07-13 04:09:51,expired,2d0d9e58-1728-4883-830b-e6313ff462d3,2022-06-21 04:09:51
LOT-MAI-0017,Maiz,Soluciones Ayllón & Asociados S.Coop.,25726.46,13733.99,2.15,2022-08-02 04:09:51,expired,fae405e9-5b4e-43a9-83f7-260aa7c265e6,2022-06-21 04:09:51
LOT-MAI-0018,Maiz,Construcción Pizarro & Asociados S.A.,15856.28,15791.41,2.06,2022-07-21 04:09:51,completed,b44f4d24-1f22-4a78-aee0-7d4b475644b6,2022-06-21 04:09:51
LOT-MAI-0019,Maiz,Fonseca y Tormo S.C.P,3246.24,3201.13,2.02,2022-07-12 04:09:51,completed,b44f4d24-1f22-4a78-aee0-7d4b475644b6,2022-06-21 04:09:51
LOT-MAI-0020,Maiz,Grupo Alcántara S.A.T.,24831.0,24582.18,2.47,2022-08-10 04:09:51,completed,fae405e9-5b4e-43a9-83f7-260aa7c265e6,2022-07-21 04:09:51
LOT-MAI-0021,Maiz,Construcción Castellana S.A.D,19986.12,19606.4,2.45,2022-09-02 04:09:51,completed,822f07a9-e410-45f7-9731-387fef39cc4a,2022-07-21 04:09:51
LOT-MAI-0022,Maiz,Cabello y asociados S.A.,16465.23,14855.82,2.21,2022-08-31 04:09:51,completed,b44f4d24-1f22-4a78-aee0-7d4b475644b6,2022-07-21 04:09:51
LOT-MAI-0023,Maiz,Instalaciones HHC S.Com.,8413.8,7744.26,2.53,2022-08-31 04:09:51,completed,fae405e9-5b4e-43a9-83f7-260aa7c265e6,2022-07-21 04:09:51
LOT-MAI-0024,Maiz,Inmobiliaria Gámez S.L.L.,28143.66,25881.4,2.2,2022-08-24 04:09:51,completed,5676ed82-9a65-4833-9526-d82e8115357c,2022-07-21 04:09:51
LOT-MAI-0025,Maiz,Lucho Paniagua Campillo S.L.,4529.67,4219.0,2.36,2022-08-24 04:09:51,completed,fae405e9-5b4e-43a9-83f7-260aa7c265e6,2022-07-21 04:09:51
LOT-MAI-0026,Maiz,Hotel Galván y asociados S.L.N.E,10902.45,10103.89,2.44,2022-08-27 04:09:51,completed,a76f778e-38df-4170-b898-b5d475bc7437,2022-07-21 04:09:51
LOT-MAI-0027,Maiz,Infraestructuras Pereira & Asociados S.L.,20817.99,18801.37,2.4,2022-08-29 04:09:51,completed,b44f4d24-1f22-4a78-aee0-7d4b475644b6,2022-07-21 04:09:51
LOT-MAI-0028,Maiz,Sanmartín & Asociados S.Coop.,23445.81,22118.96,2.32,2022-08-18 04:09:51,completed,5676ed82-9a65-4833-9526-d82e8115357c,2022-07-21 04:09:51
LOT-MAI-0029,Maiz,Minería del Levante S.L.,15514.57,14768.18,2.41,2022-08-10 04:09:51,completed,75d29d49-e2f9-4dc9-afb3-52732090ca1c,2022-07-21 04:09:51
LOT-MAI-0030,Maiz,Pinilla y asociados S.L.,11478.72,11210.09,2.45,2022-09-12 04:09:51,completed,b44f4d24-1f22-4a78-aee0-7d4b475644b6,2022-08-20 04:09:51
LOT-MAI-0031,Maiz,Fábrica Palau y asociados S.Coop.,20330.95,18961.74,2.79,2022-09-29 04:09:51,completed,b44f4d24-1f22-4a78-aee0-7d4b475644b6,2022-08-20 04:09:51
LOT-MAI-0032,Maiz,Familia Morata S.Coop.,28882.88,28876.56,2.84,2022-09-24 04:09:51,completed,a76f778e-38df-4170-b898-b5d475bc7437,2022-08-20 04:09:51
LOT-MAI-0033,Maiz,Desarrollo Amo y asociados S.L.N.E,9219.45,9060.71,2.76,2022-09-08 04:09:51,completed,a76f778e-38df-4170-b898-b5d475bc7437,2022-08-20 04:09:51
LOT-MAI-0034,Maiz,Vallés & Asociados S.Coop.,6261.3,6217.55,2.54,2022-09-27 04:09:51,completed,822f07a9-e410-45f7-9731-387fef39cc4a,2022-08-20 04:09:51
LOT-MAI-0035,Maiz,Grupo Palomares S.L.U.,6213.8,5959.95,2.8,2022-09-23 04:09:51,completed,822f07a9-e410-45f7-9731-387fef39cc4a,2022-08-20 04:09:51
LOT-MAI-0036,Maiz,Casal y asociados S.Com.,22998.83,22309.13,2.61,2022-09-27 04:09:51,completed,2d0d9e58-1728-4883-830b-e6313ff462d3,2022-08-20 04:09:51
LOT-MAI-0037,Maiz,Merino & Asociados S.A.,26904.43,26874.31,2.55,2022-09-28 04:09:51,completed,822f07a9-e410-45f7-9731-387fef39cc4a,2022-08-20 04:09:51
LOT-MAI-0038,Maiz,Compañía Lloret & Asociados S.A.U,14515.57,13722.8,2.74,2022-11-02 04:09:51,completed,822f07a9-e410-45f7-9731-387fef39cc4a,2022-09-19 04:09:51
LOT-MAI-0039,Maiz,Compañía Mora S.L.U.,23095.49,21147.91,2.65,2022-10-14 04:09:51,completed,b44f4d24-1f22-4a78-aee0-7d4b475644b6,2022-09-19 04:09:51
LOT-MAI-0040,Maiz,Chaparro y Izaguirre S.Coop.,8630.77,7994.74,2.63,2022-10-16 04:09:51,completed,fae405e9-5b4e-43a9-83f7-260aa7c265e6,2022-09-19 04:09:51
LOT-MAI-0041,Maiz,Soluciones Falcón S.Com.,29172.78,26593.38,2.69,2022-10-18 04:09:51,completed,b44f4d24-1f22-4a78-aee0-7d4b475644b6,2022-09-19 04:09:51
LOT-MAI-0042,Maiz,Banca Privada Lledó & Asociados S.L.,10233.94,9629.12,2.64,2022-10-21 04:09:51,completed,5676ed82-9a65-4833-9526-d82e8115357c,2022-09-19 04:09:51
LOT-MAI-0043,Maiz,Martirio Andres Bas S.Com.,24665.15,24448.66,2.59,2022-10-28 04:09:51,completed,5676ed82-9a65-4833-9526-d82e8115357c,2022-09-19 04:09:51
LOT-MAI-0044,Maiz,Juan Carlos Pinto Aguilar S.Com.,5066.23,4930.78,2.77,2022-10-04 04:09:51,completed,822f07a9-e410-45f7-9731-387fef39cc4a,2022-09-19 04:09:51
LOT-MAI-0045,Maiz,Gregorio Borrell Mena S.Com.,11386.47,10343.05,2.61,2022-10-21 04:09:51,completed,2d0d9e58-1728-4883-830b-e6313ff462d3,2022-09-19 04:09:51
LOT-MAI-0046,Maiz,Infraestructuras Bayona S.L.L.,19165.71,17650.13,2.87,2022-11-20 04:09:51,completed,5676ed82-9a65-4833-9526-d82e8115357c,2022-10-19 04:09:51
LOT-MAI-0047,Maiz,Ricart y asociados S.Com.,11704.43,10728.21,2.88,2022-11-12 04:09:51,completed,a76f778e-38df-4170-b898-b5d475bc7437,2022-10-19 04:09:51
LOT-MAI-0048,Maiz,Carlito Aguado Barriga S.L.N.E,4810.3,4419.54,2.92,2022-11-25 04:09:51,completed,822f07a9-e410-45f7-9731-387fef39cc4a,2022-10-19 04:09:51
LOT-MAI-0049,Maiz,Valcárcel y Torrents S.A.,10485.41,10137.82,2.84,2022-11-18 04:09:51,completed,2d0d9e58-1728-4883-830b-e6313ff462d3,2022-10-19 04:09:51
LOT-MAI-0050,Maiz,Instalaciones AV S.L.,24795.33,23066.0,2.68,2022-11-27 04:09:51,completed,822f07a9-e410-45f7-9731-387fef39cc4a,2022-10-19 04:09:51
LOT-MAI-0051,Maiz,Distribuciones Revilla & Asociados S.L.N.E,16232.52,15514.89,2.84,2022-11-16 04:09:51,completed,fae405e9-5b4e-43a9-83f7-260aa7c265e6,2022-10-19 04:09:51
LOT-MAI-0052,Maiz,Óscar Almansa Cabrera S.L.L.,10423.69,10106.29,2.7,2022-11-11 04:09:51,completed,b44f4d24-1f22-4a78-aee0-7d4b475644b6,2022-10-19 04:09:51
LOT-MAI-0053,Maiz,Manufacturas HN S.C.P,15270.98,14732.75,2.57,2022-11-20 04:09:51,completed,5676ed82-9a65-4833-9526-d82e8115357c,2022-10-19 04:09:51
LOT-MAI-0054,Maiz,Luján y Medina S.A.,22185.95,20582.97,2.55,2022-12-30 04:09:51,completed,2d0d9e58-1728-4883-830b-e6313ff462d3,2022-11-18 04:09:51
LOT-MAI-0055,Maiz,Hermanos Roman S.Coop.,16941.19,16666.26,2.81,2022-12-24 04:09:51,completed,822f07a9-e410-45f7-9731-387fef39cc4a,2022-11-18 04:09:51
LOT-MAI-0056,Maiz,Hnos Vives S.C.P,7670.14,6905.6,2.73,2022-12-11 04:09:51,completed,a76f778e-38df-4170-b898-b5d475bc7437,2022-11-18 04:09:51
LOT-MAI-0057,Maiz,Banca Privada Rocha y asociados S.L.N.E,13241.38,12665.44,2.54,2022-12-16 04:09:51,completed,2d0d9e58-1728-4883-830b-e6313ff462d3,2022-11-18 04:09:51
LOT-MAI-0058,Maiz,Raquel Oliver Quiroga S.Coop.,17524.62,16380.12,2.5,2022-12-28 04:09:51,completed,fae405e9-5b4e-43a9-83f7-260aa7c265e6,2022-11-18 04:09:51
LOT-MAI-0059,Maiz,Losada y Aguado S.L.L.,21934.78,19758.63,2.68,2022-12-16 04:09:51,completed,75d29d49-e2f9-4dc9-afb3-52732090ca1c,2022-11-18 04:09:51
LOT-MAI-0060,Maiz,Distribuciones Hernandez y asociados S.Com.,5912.09,5662.3,2.59,2022-12-21 04:09:51,completed,822f07a9-e410-45f7-9731-387fef39cc4a,2022-11-18 04:09:51
LOT-MAI-0061,Maiz,Comercializadora Arenas & Asociados S.A.,11350.39,10736.0,2.74,2022-12-08 04:09:51,completed,75d29d49-e2f9-4dc9-afb3-52732090ca1c,2022-11-18 04:09:51
LOT-MAI-0062,Maiz,Frías y Iniesta S.Com.,9376.96,8668.75,2.5,2022-12-24 04:09:51,completed,a76f778e-38df-4170-b898-b5d475bc7437,2022-11-18 04:09:51
LOT-MAI-0063,Maiz,Inmobiliaria Ibéricos S.Com.,3726.2,3441.2,2.85,2023-01-13 04:09:51,completed,b44f4d24-1f22-4a78-aee0-7d4b475644b6,2022-12-18 04:09:51
LOT-MAI-0064,Maiz,Diego y asociados S.L.,21530.06,20819.99,2.48,2023-01-15 04:09:51,completed,5676ed82-9a65-4833-9526-d82e8115357c,2022-12-18 04:09:51
LOT-MAI-0065,Maiz,Minería Piñol S.L.,16555.66,16297.67,2.81,2023-01-13 04:09:51,completed,822f07a9-e410-45f7-9731-387fef39cc4a,2022-12-18 04:09:51
LOT-MAI-0066,Maiz,Banca Privada Herranz S.L.N.E,10606.28,9935.01,2.52,2023-01-30 04:09:51,completed,a76f778e-38df-4170-b898-b5d475bc7437,2022-12-18 04:09:51
LOT-MAI-0067,Maiz,Banca Privada Pintor y asociados S.L.,29240.02,28730.0,2.77,2023-01-28 04:09:51,completed,fae405e9-5b4e-43a9-83f7-260aa7c265e6,2022-12-18 04:09:51
LOT-MAI-0068,Maiz,Grupo Zamorano S.L.N.E,23165.48,22404.36,2.81,2023-01-21 04:09:51,completed,75d29d49-e2f9-4dc9-afb3-52732090ca1c,2022-12-18 04:09:51
LOT-MAI-0069,Maiz,Supermercados Fonseca S.A.,8968.56,8618.17,2.74,2023-01-16 04:09:51,completed,a76f778e-38df-4170-b898-b5d475bc7437,2022-12-18 04:09:51
LOT-MAI-0070,Maiz,Supermercados PVK S.L.,21211.54,19444.05,2.49,2023-01-13 04:09:51,completed,a76f778e-38df-4170-b898-b5d475bc7437,2022-12-18 04:09:51
LOT-MAI-0071,Maiz,Desarrollo IWCG S.L.,17377.73,16955.15,2.58,2023-02-10 04:09:51,completed,5676ed82-9a65-4833-9526-d82e8115357c,2023-01-17 04:09:51
LOT-MAI-0072,Maiz,Hnos Baró S.Com.,17905.55,16403.95,2.86,2023-02-12 04:09:51,completed,fae405e9-5b4e-43a9-83f7-260aa7c265e6,2023-01-17 04:09:51
LOT-MAI-0073,Maiz,Roselló y Mateo S.A.,25622.64,23687.78,2.86,2023-02-24 04:09:51,completed,822f07a9-e410-45f7-9731-387fef39cc4a,2023-01-17 04:09:51
LOT-MAI-0074,Maiz,Fuente & Asociados S.A.,24142.15,23025.2,2.9,2023-02-23 04:09:51,completed,5676ed82-9a65-4833-9526-d82e8115357c,2023-01-17 04:09:51
LOT-MAI-0075,Maiz,Hotel Laguna S.Coop.,24259.1,23275.22,2.79,2023-02-25 04:09:51,completed,2d0d9e58-1728-4883-830b-e6313ff462d3,2023-01-17 04:09:51
LOT-MAI-0076,Maiz,Desarrollo Salcedo S.L.,7169.91,6888.46,2.83,2023-02-28 04:09:51,completed,75d29d49-e2f9-4dc9-afb3-52732090ca1c,2023-01-17 04:09:51
LOT-MAI-0077,Maiz,Guillermo Plana Corral S.A.T.,26511.12,24867.09,2.69,2023-02-22 04:09:51,completed,822f07a9-e410-45f7-9731-387fef39cc4a,2023-01-17 04:09:51
LOT-MAI-0078,Maiz,Ballesteros y asociados S.L.,28964.72,26298.36,2.85,2023-02-26 04:09:51,completed,822f07a9-e410-45f7-9731-387fef39cc4a,2023-01-17 04:09:51
LOT-MAI-0079,Maiz,Hermanos Sanchez S.L.,8804.84,8436.54,2.58,2023-03-30 04:09:51,completed,822f07a9-e410-45f7-9731-387fef39cc4a,2023-02-16 04:09:51
LOT-MAI-0080,Maiz,Inversiones Españolas S.Com.,12245.66,11258.16,2.67,2023-03-06 04:09:51,completed,5676ed82-9a65-4833-9526-d82e8115357c,2023-02-16 04:09:51
LOT-MAI-0081,Maiz,Chuy Arenas Saldaña S.Com.,28831.09,28222.03,2.79,2023-03-27 04:09:51,completed,fae405e9-5b4e-43a9-83f7-260aa7c265e6,2023-02-16 04:09:51
LOT-MAI-0082,Maiz,Minería Iberia S.Com.,25100.39,23232.75,2.47,2023-03-29 04:09:51,completed,b44f4d24-1f22-4a78-aee0-7d4b475644b6,2023-02-16 04:09:51
LOT-MAI-0083,Maiz,Hermanos Morata S.A.,24531.81,22750.71,2.64,2023-03-05 04:09:51,completed,2d0d9e58-1728-4883-830b-e6313ff462d3,2023-02-16 04:09:51
LOT-MAI-0084,Maiz,Gual y Calatayud S.Com.,10453.25,2659.36,2.54,2023-03-07 04:09:51,expired,fae405e9-5b4e-43a9-83f7-260aa7c265e6,2023-02-16 04:09:51
LOT-MAI-0085,Maiz,Hnos Peiró S.A.,18463.8,17597.89,2.7,2023-03-12 04:09:51,completed,fae405e9-5b4e-43a9-83f7-260aa7c265e6,2023-02-16 04:09:51
LOT-MAI-0086,Maiz,Hermanos Colomer S.Coop.,27437.79,25199.25,2.57,2023-03-17 04:09:51,completed,2d0d9e58-1728-4883-830b-e6313ff462d3,2023-02-16 04:09:51
LOT-MAI-0087,Maiz,Transportes Ochoa S.Coop.,20554.7,19905.07,2.0,2023-04-28 04:09:51,completed,b44f4d24-1f22-4a78-aee0-7d4b475644b6,2023-03-18 04:09:51
LOT-MAI-0088,Maiz,Dalmau y Chacón S.A.,28501.36,26644.55,1.95,2023-04-04 04:09:51,completed,b44f4d24-1f22-4a78-aee0-7d4b475644b6,2023-03-18 04:09:51
LOT-MAI-0089,Maiz,Logística Borrás S.A.,5507.0,3056.46,2.0,2023-04-05 04:09:51,expired,2d0d9e58-1728-4883-830b-e6313ff462d3,2023-03-18 04:09:51
LOT-MAI-0090,Maiz,Córdoba y Agustín S.C.P,12576.39,5190.69,2.26,2023-04-29 04:09:51,expired,fae405e9-5b4e-43a9-83f7-260aa7c265e6,2023-03-18 04:09:51
LOT-MAI-0091,Maiz,Villegas & Asociados S.A.,19673.99,18050.17,2.22,2023-04-18 04:09:51,completed,2d0d9e58-1728-4883-830b-e6313ff462d3,2023-03-18 04:09:51
LOT-MAI-0092,Maiz,Luna y Luna S.Com.,26998.15,17485.43,1.95,2023-04-03 04:09:51,expired,a76f778e-38df-4170-b898-b5d475bc7437,2023-03-18 04:09:51
LOT-MAI-0093,Maiz,Tatiana Ayllón Viña S.Com.,16305.65,14880.26,2.22,2023-04-18 04:09:51,completed,2d0d9e58-1728-4883-830b-e6313ff462d3,2023-03-18 04:09:51
LOT-MAI-0094,Maiz,Logística del Sur S.Coop.,16956.42,16786.06,2.27,2023-04-12 04:09:51,completed,75d29d49-e2f9-4dc9-afb3-52732090ca1c,2023-03-18 04:09:51
LOT-MAI-0095,Maiz,Robles y asociados S.Coop.,27944.91,9084.59,1.89,2023-05-27 04:09:51,expired,5676ed82-9a65-4833-9526-d82e8115357c,2023-04-17 04:09:51
LOT-MAI-0096,Maiz,Infraestructuras Mayo y asociados S.L.,19225.28,8791.19,1.83,2023-05-27 04:09:51,expired,a76f778e-38df-4170-b898-b5d475bc7437,2023-04-17 04:09:51
LOT-MAI-0097,Maiz,Banco Iborra S.L.,3009.55,2802.37,1.87,2023-05-31 04:09:51,completed,fae405e9-5b4e-43a9-83f7-260aa7c265e6,2023-04-17 04:09:51
LOT-MAI-0098,Maiz,Industrias NIDZ S.Com.,18968.24,17500.68,1.86,2023-06-01 04:09:51,completed,b44f4d24-1f22-4a78-aee0-7d4b475644b6,2023-04-17 04:09:51
LOT-MAI-0099,Maiz,Cepeda y Valera S.C.P,15719.95,14344.24,1.99,2023-05-25 04:09:51,completed,a76f778e-38df-4170-b898-b5d475bc7437,2023-04-17 04:09:51
LOT-MAI-0100,Maiz,Sastre y Palau S.A.U,5243.52,1672.39,1.82,2023-05-17 04:09:51,expired,2d0d9e58-1728-4883-830b-e6313ff462d3,2023-04-17 04:09:51
LOT-MAI-0101,Maiz,Farmaceútica Cámara y asociados S.L.U.,23098.43,7064.87,1.92,2023-05-07 04:09:51,expired,822f07a9-e410-45f7-9731-387fef39cc4a,2023-04-17 04:09:51
LOT-MAI-0102,Maiz,Comercial Internacionales S.C.P,26129.45,25449.72,1.89,2023-05-28 04:09:51,completed,2d0d9e58-1728-4883-830b-e6313ff462d3,2023-04-17 04:09:51
LOT-MAI-0103,Maiz,Transportes del Mediterráneo S.C.P,8362.73,8259.81,1.87,2023-06-13 04:09:51,completed,5676ed82-9a65-4833-9526-d82e8115357c,2023-05-17 04:09:51
LOT-MAI-0104,Maiz,Tecnologías Ibéricos S.A.,26628.67,7222.62,1.98,2023-06-10 04:09:51,expired,2d0d9e58-1728-4883-830b-e6313ff462d3,2023-05-17 04:09:51
LOT-MAI-0105,Maiz,Encarnacion Soriano Larrea S.L.,8190.46,7698.71,1.9,2023-06-19 04:09:51,completed,75d29d49-e2f9-4dc9-afb3-52732090ca1c,2023-05-17 04:09:51
LOT-MAI-0106,Maiz,Ricarda Ledesma Girón S.C.P,9151.26,6208.96,1.95,2023-06-27 04:09:51,expired,2d0d9e58-1728-4883-830b-e6313ff462d3,2023-05-17 04:09:51
LOT-MAI-0107,Maiz,Comercial GH S.A.,29464.82,19910.42,2.3,2023-07-02 04:09:51,expired,fae405e9-5b4e-43a9-83f7-260aa7c265e6,2023-06-16 04:09:51
LOT-MAI-0108,Maiz,Andreu y Segarra S.L.N.E,25876.17,23747.62,2.15,2023-07-14 04:09:51,completed,b44f4d24-1f22-4a78-aee0-7d4b475644b6,2023-06-16 04:09:51
LOT-MAI-0109,Maiz,Estrella Sans Contreras S.C.P,29345.91,26865.21,2.12,2023-07-12 04:09:51,completed,a76f778e-38df-4170-b898-b5d475bc7437,2023-06-16 04:09:51
LOT-MAI-0110,Maiz,Hermanos Folch S.A.,12424.46,12300.5,2.15,2023-07-16 04:09:51,completed,2d0d9e58-1728-4883-830b-e6313ff462d3,2023-06-16 04:09:51
LOT-MAI-0111,Maiz,Garcés y asociados S.C.P,24439.46,24396.31,2.1,2023-07-16 04:09:51,completed,5676ed82-9a65-4833-9526-d82e8115357c,2023-06-16 04:09:51
LOT-MAI-0112,Maiz,Supermercados Caballero y asociados S.L.L.,10629.16,9877.64,2.13,2023-07-21 04:09:51,completed,75d29d49-e2f9-4dc9-afb3-52732090ca1c,2023-06-16 04:09:51
LOT-MAI-0113,Maiz,Galán & Asociados S.A.,8082.45,7941.33,2.43,2023-07-28 04:09:51,completed,75d29d49-e2f9-4dc9-afb3-52732090ca1c,2023-06-16 04:09:51
LOT-MAI-0114,Maiz,Inversiones Leiva & Asociados S.A.,22174.66,22042.21,2.41,2023-07-21 04:09:51,completed,fae405e9-5b4e-43a9-83f7-260aa7c265e6,2023-06-16 04:09:51
LOT-MAI-0115,Maiz,Manufacturas Soriano y asociados S.C.P,7518.9,4138.11,2.62,2023-08-22 04:09:51,expired,75d29d49-e2f9-4dc9-afb3-52732090ca1c,2023-07-16 04:09:51
LOT-MAI-0116,Maiz,Gabaldón y Jara S.L.U.,9527.3,8710.58,2.57,2023-08-19 04:09:51,completed,5676ed82-9a65-4833-9526-d82e8115357c,2023-07-16 04:09:51
LOT-MAI-0117,Maiz,Hermanos Arteaga S.L.,3383.7,1092.57,2.39,2023-08-05 04:09:51,expired,b44f4d24-1f22-4a78-aee0-7d4b475644b6,2023-07-16 04:09:51
LOT-MAI-0118,Maiz,Banca Privada NA S.L.L.,13292.76,12985.29,2.55,2023-08-03 04:09:51,completed,5676ed82-9a65-4833-9526-d82e8115357c,2023-07-16 04:09:51
LOT-MAI-0119,Maiz,Comercial Castellana S.Coop.,15284.58,14576.07,2.7,2023-08-11 04:09:51,completed,2d0d9e58-1728-4883-830b-e6313ff462d3,2023-07-16 04:09:51
LOT-MAI-0120,Maiz,Múgica & Asociados S.L.,29662.21,27313.27,2.38,2023-08-12 04:09:51,completed,75d29d49-e2f9-4dc9-afb3-52732090ca1c,2023-07-16 04:09:51
LOT-MAI-0121,Maiz,Comercial Iñiguez y asociados S.Coop.,12117.45,12041.25,2.97,2023-09-12 04:09:51,completed,2d0d9e58-1728-4883-830b-e6313ff462d3,2023-08-15 04:09:51
LOT-MAI-0122,Maiz,Servicios Castro S.Com.,25698.32,24627.85,2.73,2023-09-25 04:09:51,completed,75d29d49-e2f9-4dc9-afb3-52732090ca1c,2023-08-15 04:09:51
LOT-MAI-0123,Maiz,Promociones JVEU S.L.,18441.58,17504.31,2.77,2023-09-20 04:09:51,completed,a76f778e-38df-4170-b898-b5d475bc7437,2023-08-15 04:09:51
LOT-MAI-0124,Maiz,Inmobiliaria Españolas S.L.N.E,16862.42,15215.71,3.01,2023-09-09 04:09:51,completed,2d0d9e58-1728-4883-830b-e6313ff462d3,2023-08-15 04:09:51
LOT-MAI-0125,Maiz,Familia Villalobos S.A.,10366.59,10013.51,3.02,2023-09-09 04:09:51,completed,a76f778e-38df-4170-b898-b5d475bc7437,2023-08-15 04:09:51
LOT-MAI-0126,Maiz,Grupo Casas S.L.U.,13260.46,12858.47,2.72,2023-10-09 04:09:51,completed,b44f4d24-1f22-4a78-aee0-7d4b475644b6,2023-09-14 04:09:51
LOT-MAI-0127,Maiz,Fábrica HAF S.A.,26581.84,24247.9,3.07,2023-10-21 04:09:51,completed,2d0d9e58-1728-4883-830b-e6313ff462d3,2023-09-14 04:09:51
LOT-MAI-0128,Maiz,Infraestructuras Carvajal & Asociados S.L.,26355.22,23736.34,2.73,2023-10-04 04:09:51,completed,2d0d9e58-1728-4883-830b-e6313ff462d3,2023-09-14 04:09:51
LOT-MAI-0129,Maiz,Soluciones Pazos S.Coop.,10599.13,10062.73,2.78,2023-10-27 04:09:51,completed,fae405e9-5b4e-43a9-83f7-260aa7c265e6,2023-09-14 04:09:51
LOT-MAI-0130,Maiz,Servicios Sebastián S.L.,29383.53,28711.78,3.02,2023-10-28 04:09:51,completed,b44f4d24-1f22-4a78-aee0-7d4b475644b6,2023-09-14 04:09:51
LOT-MAI-0131,Maiz,Finanzas TTM S.A.T.,17739.76,16268.34,3.05,2023-10-21 04:09:51,completed,b44f4d24-1f22-4a78-aee0-7d4b475644b6,2023-09-14 04:09:51
LOT-MAI-0132,Maiz,Inmobiliaria Globales S.A.,7274.54,6749.08,3.09,2023-10-05 04:09:51,completed,75d29d49-e2f9-4dc9-afb3-52732090ca1c,2023-09-14 04:09:51
LOT-MAI-0133,Maiz,Hnos Valle S.L.N.E,9644.97,9558.3,3.08,2023-11-26 04:09:51,completed,b44f4d24-1f22-4a78-aee0-7d4b475644b6,2023-10-14 04:09:51
LOT-MAI-0134,Maiz,Suministros Chamorro S.A.,9030.0,8687.45,2.64,2023-11-15 04:09:51,completed,2d0d9e58-1728-4883-830b-e6313ff462d3,2023-10-14 04:09:51
LOT-MAI-0135,Maiz,Banca Privada TG S.Com.,3778.17,3539.63,2.94,2023-11-22 04:09:51,completed,2d0d9e58-1728-4883-830b-e6313ff462d3,2023-10-14 04:09:51
LOT-MAI-0136,Maiz,Navas & Asociados S.A.,4508.2,4086.18,2.97,2023-10-31 04:09:51,completed,2d0d9e58-1728-4883-830b-e6313ff462d3,2023-10-14 04:09:51
LOT-MAI-0137,Maiz,Finanzas Pagès & Asociados S.L.,20329.11,19968.97,2.82,2023-11-24 04:09:51,completed,2d0d9e58-1728-4883-830b-e6313ff462d3,2023-10-14 04:09:51
LOT-MAI-0138,Maiz,Maite Pascual Ayala S.A.,16747.01,15327.29,3.02,2023-10-29 04:09:51,completed,fae405e9-5b4e-43a9-83f7-260aa7c265e6,2023-10-14 04:09:51
LOT-MAI-0139,Maiz,Banca Privada Chico S.L.U.,6042.72,6002.29,2.82,2023-11-04 04:09:51,completed,2d0d9e58-1728-4883-830b-e6313ff462d3,2023-10-14 04:09:51
LOT-MAI-0140,Maiz,Tecnologías Arco S.L.N.E,15964.74,15433.15,2.83,2023-12-28 04:09:51,completed,2d0d9e58-1728-4883-830b-e6313ff462d3,2023-11-13 04:09:51
LOT-MAI-0141,Maiz,María Teresa Bartolomé Borja S.A.,13298.36,12039.72,2.81,2023-12-04 04:09:51,completed,fae405e9-5b4e-43a9-83f7-260aa7c265e6,2023-11-13 04:09:51
LOT-MAI-0142,Maiz,Farmaceútica Española S.L.L.,7713.69,7293.49,2.61,2023-12-26 04:09:51,completed,a76f778e-38df-4170-b898-b5d475bc7437,2023-11-13 04:09:51
LOT-MAI-0143,Maiz,Infraestructuras Internacionales S.L.L.,28707.95,28272.9,2.78,2023-11-29 04:09:51,completed,b44f4d24-1f22-4a78-aee0-7d4b475644b6,2023-11-13 04:09:51
LOT-MAI-0144,Maiz,Infraestructuras Española S.L.,19258.1,18023.02,2.95,2023-12-12 04:09:51,completed,75d29d49-e2f9-4dc9-afb3-52732090ca1c,2023-11-13 04:09:51
LOT-MAI-0145,Maiz,Bertrán y asociados S.Com.,20385.36,19882.49,2.63,2023-12-20 04:09:51,completed,822f07a9-e410-45f7-9731-387fef39cc4a,2023-11-13 04:09:51
LOT-MAI-0146,Maiz,Finanzas Iberia S.L.,16499.86,15631.3,2.72,2023-12-23 04:09:51,completed,75d29d49-e2f9-4dc9-afb3-52732090ca1c,2023-11-13 04:09:51
LOT-MAI-0147,Maiz,Melero & Asociados S.Coop.,20649.96,20026.78,2.64,2024-01-12 04:09:51,completed,2d0d9e58-1728-4883-830b-e6313ff462d3,2023-12-13 04:09:51
LOT-MAI-0148,Maiz,Bernat & Asociados S.Coop.,3554.52,3424.72,2.86,2023-12-31 04:09:51,completed,75d29d49-e2f9-4dc9-afb3-52732090ca1c,2023-12-13 04:09:51
LOT-MAI-0149,Maiz,Comercializadora Sans S.L.,13040.18,12420.2,2.85,2024-01-05 04:09:51,completed,a76f778e-38df-4170-b898-b5d475bc7437,2023-12-13 04:09:51
LOT-MAI-0150,Maiz,Hermanos Hervás S.Coop.,8200.35,7749.19,2.95,2024-01-23 04:09:51,completed,5676ed82-9a65-4833-9526-d82e8115357c,2023-12-13 04:09:51
LOT-MAI-0151,Maiz,Noguera y asociados S.Com.,4078.61,3935.93,2.75,2024-01-26 04:09:51,completed,b44f4d24-1f22-4a78-aee0-7d4b475644b6,2023-12-13 04:09:51
LOT-MAI-0152,Maiz,Minería HTXT S.A.T.,4699.23,4640.37,2.91,2024-01-16 04:09:51,completed,a76f778e-38df-4170-b898-b5d475bc7437,2023-12-13 04:09:51
LOT-MAI-0153,Maiz,Alemany y Galiano S.A.,8129.08,7765.63,2.93,2024-01-03 04:09:51,completed,5676ed82-9a65-4833-9526-d82e8115357c,2023-12-13 04:09:51
LOT-MAI-0154,Maiz,Familia Anguita S.A.,16800.2,16769.25,2.81,2024-01-17 04:09:51,completed,75d29d49-e2f9-4dc9-afb3-52732090ca1c,2023-12-13 04:09:51
LOT-MAI-0155,Maiz,Salvador & Asociados S.Com.,5901.46,5367.91,2.88,2024-02-19 04:09:51,completed,fae405e9-5b4e-43a9-83f7-260aa7c265e6,2024-01-12 04:09:51
LOT-MAI-0156,Maiz,Jordá y Nieto S.L.,6363.21,5880.89,2.75,2024-02-15 04:09:51,completed,2d0d9e58-1728-4883-830b-e6313ff462d3,2024-01-12 04:09:51
LOT-MAI-0157,Maiz,Inversiones MAJI S.L.N.E,22235.48,20866.83,2.84,2024-02-15 04:09:51,completed,5676ed82-9a65-4833-9526-d82e8115357c,2024-01-12 04:09:51
LOT-MAI-0158,Maiz,Zapata y Ramirez S.L.N.E,21535.29,19521.08,2.89,2024-02-18 04:09:51,completed,5676ed82-9a65-4833-9526-d82e8115357c,2024-01-12 04:09:51
LOT-MAI-0159,Maiz,Roma & Asociados S.Coop.,22552.82,20872.47,3.05,2024-02-03 04:09:51,completed,b44f4d24-1f22-4a78-aee0-7d4b475644b6,2024-01-12 04:09:51
LOT-MAI-0160,Maiz,Abigaíl Juan Armengol S.Coop.,9185.39,8479.79,2.78,2024-01-29 04:09:51,completed,a76f778e-38df-4170-b898-b5d475bc7437,2024-01-12 04:09:51
LOT-MAI-0161,Maiz,Desarrollo del Sur S.L.,28956.24,28298.46,2.79,2024-03-05 04:09:51,completed,5676ed82-9a65-4833-9526-d82e8115357c,2024-02-11 04:09:51
LOT-MAI-0162,Maiz,Compañía Tirado y asociados S.Com.,24959.26,9808.11,2.75,2024-03-02 04:09:51,expired,822f07a9-e410-45f7-9731-387fef39cc4a,2024-02-11 04:09:51
LOT-MAI-0163,Maiz,Restauración Martínez y asociados S.A.U,16585.12,15269.74,2.75,2024-03-16 04:09:51,completed,b44f4d24-1f22-4a78-aee0-7d4b475644b6,2024-02-11 04:09:51
LOT-MAI-0164,Maiz,Despacho Internacionales S.L.L.,27313.6,25672.7,2.92,2024-03-19 04:09:51,completed,75d29d49-e2f9-4dc9-afb3-52732090ca1c,2024-02-11 04:09:51
LOT-MAI-0165,Maiz,Supermercados Gordillo & Asociados S.Coop.,7480.53,7264.42,2.96,2024-03-05 04:09:51,completed,822f07a9-e410-45f7-9731-387fef39cc4a,2024-02-11 04:09:51
LOT-MAI-0166,Maiz,Perales & Asociados S.A.,12019.11,11209.67,2.8,2024-03-08 04:09:51,completed,822f07a9-e410-45f7-9731-387fef39cc4a,2024-02-11 04:09:51
LOT-MAI-0167,Maiz,Hermanos Sosa S.L.,22635.42,22443.33,2.87,2024-03-02 04:09:51,completed,fae405e9-5b4e-43a9-83f7-260aa7c265e6,2024-02-11 04:09:51
LOT-MAI-0168,Maiz,Planas & Asociados S.C.P,27439.72,26083.76,2.93,2024-03-10 04:09:51,completed,fae405e9-5b4e-43a9-83f7-260aa7c265e6,2024-02-11 04:09:51
LOT-MAI-0169,Maiz,Duque y Lledó S.L.,19485.46,18174.37,2.6,2024-03-09 04:09:51,completed,5676ed82-9a65-4833-9526-d82e8115357c,2024-02-11 04:09:51
LOT-MAI-0170,Maiz,Farmaceútica Domínguez S.L.N.E,29779.61,27199.15,2.53,2024-03-23 04:09:51,completed,b44f4d24-1f22-4a78-aee0-7d4b475644b6,2024-02-11 04:09:51
LOT-MAI-0171,Maiz,Nacho Agustín Mata S.L.,21898.45,21217.48,2.09,2024-03-28 04:09:51,completed,75d29d49-e2f9-4dc9-afb3-52732090ca1c,2024-03-12 04:09:51
LOT-MAI-0172,Maiz,Banco GJU S.Coop.,10626.83,9818.4,2.17,2024-04-11 04:09:51,completed,75d29d49-e2f9-4dc9-afb3-52732090ca1c,2024-03-12 04:09:51
LOT-MAI-0173,Maiz,Guardiola & Asociados S.L.,14226.63,3878.21,2.23,2024-04-24 04:09:51,expired,2d0d9e58-1728-4883-830b-e6313ff462d3,2024-03-12 04:09:51
LOT-MAI-0174,Maiz,Azeneth Ferrando Sala S.Coop.,6990.76,3946.88,2.3,2024-04-04 04:09:51,expired,a76f778e-38df-4170-b898-b5d475bc7437,2024-03-12 04:09:51
LOT-MAI-0175,Maiz,Inmobiliaria WFWO S.Coop.,13659.94,12596.92,2.06,2024-04-22 04:09:51,completed,75d29d49-e2f9-4dc9-afb3-52732090ca1c,2024-03-12 04:09:51
LOT-MAI-0176,Maiz,Soluciones Quintanilla y asociados S.Com.,10764.04,10752.5,2.1,2024-04-13 04:09:51,completed,fae405e9-5b4e-43a9-83f7-260aa7c265e6,2024-03-12 04:09:51
LOT-MAI-0177,Maiz,Alexandra Batalla Villanueva S.A.T.,4851.92,2998.42,2.41,2024-03-27 04:09:51,expired,2d0d9e58-1728-4883-830b-e6313ff462d3,2024-03-12 04:09:51
LOT-MAI-0178,Maiz,Farmaceútica Rico S.L.N.E,6296.63,5719.4,2.29,2024-04-21 04:09:51,completed,822f07a9-e410-45f7-9731-387fef39cc4a,2024-03-12 04:09:51
LOT-MAI-0179,Maiz,Hnos Alcázar S.L.N.E,19769.03,19170.73,2.23,2024-04-19 04:09:51,completed,2d0d9e58-1728-4883-830b-e6313ff462d3,2024-03-12 04:09:51
LOT-MAI-0180,Maiz,Múñiz y asociados S.L.,24225.95,23104.48,2.28,2024-04-09 04:09:51,completed,b44f4d24-1f22-4a78-aee0-7d4b475644b6,2024-03-12 04:09:51
LOT-MAI-0181,Maiz,Servicios Santamaria S.Com.,10578.04,7169.94,2.17,2024-05-07 04:09:51,expired,822f07a9-e410-45f7-9731-387fef39cc4a,2024-04-11 04:09:51
LOT-MAI-0182,Maiz,Comercializadora RBR S.L.,11024.57,10909.17,2.08,2024-05-20 04:09:51,completed,822f07a9-e410-45f7-9731-387fef39cc4a,2024-04-11 04:09:51
LOT-MAI-0183,Maiz,Instalaciones EHAY S.Com.,7998.49,2006.81,2.2,2024-05-21 04:09:51,expired,822f07a9-e410-45f7-9731-387fef39cc4a,2024-04-11 04:09:51
LOT-MAI-0184,Maiz,Alimentación Leal S.L.,7977.66,7715.22,2.11,2024-04-30 04:09:51,completed,fae405e9-5b4e-43a9-83f7-260aa7c265e6,2024-04-11 04:09:51
LOT-MAI-0185,Maiz,Alimentación Frutos S.A.,29060.94,26163.03,1.99,2024-05-02 04:09:51,completed,fae405e9-5b4e-43a9-83f7-260aa7c265e6,2024-04-11 04:09:51
LOT-MAI-0186,Maiz,Etelvina Martorell Abella S.Com.,20807.05,19145.71,2.18,2024-06-15 04:09:51,completed,2d0d9e58-1728-4883-830b-e6313ff462d3,2024-05-11 04:09:51
LOT-MAI-0187,Maiz,Soluciones del Sur S.A.,5981.25,5489.02,2.05,2024-06-19 04:09:51,completed,822f07a9-e410-45f7-9731-387fef39cc4a,2024-05-11 04:09:51
LOT-MAI-0188,Maiz,Linares & Asociados S.L.N.E,3548.09,1129.0,2.15,2024-06-04 04:09:51,expired,b44f4d24-1f22-4a78-aee0-7d4b475644b6,2024-05-11 04:09:51
LOT-MAI-0189,Maiz,Genoveva Salgado Miguel S.A.,9781.53,9418.48,2.23,2024-06-16 04:09:51,completed,5676ed82-9a65-4833-9526-d82e8115357c,2024-05-11 04:09:51
LOT-MAI-0190,Maiz,Suministros FOZ S.L.L.,21385.94,19537.6,2.28,2024-06-18 04:09:51,completed,2d0d9e58-1728-4883-830b-e6313ff462d3,2024-05-11 04:09:51
LOT-MAI-0191,Maiz,Inmobiliaria Vergara S.L.,23153.28,21940.08,2.27,2024-06-03 04:09:51,completed,a76f778e-38df-4170-b898-b5d475bc7437,2024-05-11 04:09:51
LOT-MAI-0192,Maiz,Alimentación VNUM S.A.,18019.75,12263.25,2.01,2024-06-13 04:09:51,expired,822f07a9-e410-45f7-9731-387fef39cc4a,2024-05-11 04:09:51
LOT-MAI-0193,Maiz,Comercial Arnau S.A.D,25507.73,23394.1,2.27,2024-06-26 04:09:51,completed,a76f778e-38df-4170-b898-b5d475bc7437,2024-06-10 04:09:51
LOT-MAI-0194,Maiz,Logística HGKR S.L.N.E,28649.11,18604.66,2.57,2024-07-05 04:09:51,expired,75d29d49-e2f9-4dc9-afb3-52732090ca1c,2024-06-10 04:09:51
LOT-MAI-0195,Maiz,Banco DY S.L.N.E,13957.04,13855.5,2.35,2024-07-22 04:09:51,completed,a76f778e-38df-4170-b898-b5d475bc7437,2024-06-10 04:09:51
LOT-MAI-0196,Maiz,Infraestructuras Españolas S.Coop.,22236.12,20412.3,2.52,2024-07-23 04:09:51,completed,2d0d9e58-1728-4883-830b-e6313ff462d3,2024-06-10 04:09:51
LOT-MAI-0197,Maiz,Supermercados Inteligentes S.Coop.,14548.46,14261.67,2.83,2024-08-01 04:09:51,completed,fae405e9-5b4e-43a9-83f7-260aa7c265e6,2024-07-10 04:09:51
LOT-MAI-0198,Maiz,Hermanos Aroca S.A.U,7445.14,6722.93,2.58,2024-08-18 04:09:51,completed,822f07a9-e410-45f7-9731-387fef39cc4a,2024-07-10 04:09:51
LOT-MAI-0199,Maiz,Desarrollo Baeza S.Com.,5188.71,5087.72,2.76,2024-08-08 04:09:51,completed,5676ed82-9a65-4833-9526-d82e8115357c,2024-07-10 04:09:51
LOT-MAI-0200,Maiz,Carmina Arce Vélez S.Coop.,5394.59,4936.03,2.78,2024-08-06 04:09:51,completed,a76f778e-38df-4170-b898-b5d475bc7437,2024-07-10 04:09:51
LOT-MAI-0201,Maiz,Restauración Españolas S.L.,22699.19,21495.61,2.99,2024-09-06 04:09:51,completed,2d0d9e58-1728-4883-830b-e6313ff462d3,2024-08-09 04:09:51
LOT-MAI-0202,Maiz,Valcárcel & Asociados S.C.P,25542.25,24339.95,2.78,2024-08-24 04:09:51,completed,b44f4d24-1f22-4a78-aee0-7d4b475644b6,2024-08-09 04:09:51
LOT-MAI-0203,Maiz,Fábrica Ibéricos S.L.L.,14006.31,13193.67,2.8,2024-09-15 04:09:51,completed,2d0d9e58-1728-4883-830b-e6313ff462d3,2024-08-09 04:09:51
LOT-MAI-0204,Maiz,Hermanos Benítez S.A.,28898.9,26253.51,3.16,2024-09-05 04:09:51,completed,b44f4d24-1f22-4a78-aee0-7d4b475644b6,2024-08-09 04:09:51
LOT-MAI-0205,Maiz,Hotel Enríquez S.Com.,25370.19,24631.61,2.85,2024-09-05 04:09:51,completed,fae405e9-5b4e-43a9-83f7-260aa7c265e6,2024-08-09 04:09:51
LOT-MAI-0206,Maiz,Compañía DCRT S.Com.,29984.98,27090.7,2.74,2024-08-26 04:09:51,completed,822f07a9-e410-45f7-9731-387fef39cc4a,2024-08-09 04:09:51
LOT-MAI-0207,Maiz,Hnos Mendoza S.A.,26918.87,26403.41,2.76,2024-09-20 04:09:51,completed,a76f778e-38df-4170-b898-b5d475bc7437,2024-08-09 04:09:51
LOT-MAI-0208,Maiz,Casal y Vizcaíno S.L.N.E,5490.07,5411.71,3.33,2024-10-02 04:09:51,completed,2d0d9e58-1728-4883-830b-e6313ff462d3,2024-09-08 04:09:51
LOT-MAI-0209,Maiz,Restauración Internacionales S.Coop.,12606.47,11577.03,3.27,2024-10-11 04:09:51,completed,822f07a9-e410-45f7-9731-387fef39cc4a,2024-09-08 04:09:51
LOT-MAI-0210,Maiz,Alimentación JTD S.Coop.,25200.94,12212.71,3.11,2024-09-25 04:09:51,expired,5676ed82-9a65-4833-9526-d82e8115357c,2024-09-08 04:09:51
LOT-MAI-0211,Maiz,Comercializadora Lopez S.Coop.,27007.09,25295.33,3.01,2024-10-05 04:09:51,completed,fae405e9-5b4e-43a9-83f7-260aa7c265e6,2024-09-08 04:09:51
LOT-MAI-0212,Maiz,Servicios Luna S.Com.,29165.97,28983.77,3.0,2024-11-05 04:09:51,completed,a76f778e-38df-4170-b898-b5d475bc7437,2024-10-08 04:09:51
LOT-MAI-0213,Maiz,Fábrica del Levante S.L.N.E,29253.25,28519.8,2.82,2024-11-01 04:09:51,completed,a76f778e-38df-4170-b898-b5d475bc7437,2024-10-08 04:09:51
LOT-MAI-0214,Maiz,Hotel Belda S.L.,27360.71,24706.56,3.08,2024-11-17 04:09:51,completed,5676ed82-9a65-4833-9526-d82e8115357c,2024-10-08 04:09:51
LOT-MAI-0215,Maiz,Hermanos Manzano S.A.T.,3403.19,3291.57,3.04,2024-11-13 04:09:51,completed,2d0d9e58-1728-4883-830b-e6313ff462d3,2024-10-08 04:09:51
LOT-MAI-0216,Maiz,Palomares & Asociados S.C.P,15917.27,15682.02,2.91,2024-11-05 04:09:51,completed,a76f778e-38df-4170-b898-b5d475bc7437,2024-10-08 04:09:51
LOT-MAI-0217,Maiz,García y asociados S.L.,20335.98,19051.48,3.11,2024-11-12 04:09:51,completed,b44f4d24-1f22-4a78-aee0-7d4b475644b6,2024-10-08 04:09:51
LOT-MAI-0218,Maiz,Velázquez y Ledesma S.L.,29513.53,26759.31,3.08,2024-11-16 04:09:51,completed,b44f4d24-1f22-4a78-aee0-7d4b475644b6,2024-10-08 04:09:51
LOT-MAI-0219,Maiz,Lucía Tello Gras S.L.,8471.99,8433.19,2.91,2024-11-02 04:09:51,completed,b44f4d24-1f22-4a78-aee0-7d4b475644b6,2024-10-08 04:09:51
LOT-MAI-0220,Maiz,Comercial Cazorla S.L.,13255.4,13023.65,2.91,2024-11-13 04:09:51,completed,b44f4d24-1f22-4a78-aee0-7d4b475644b6,2024-10-08 04:09:51
LOT-MAI-0221,Maiz,Familia Verdú S.L.L.,26343.07,24750.86,2.96,2024-11-08 04:09:51,completed,822f07a9-e410-45f7-9731-387fef39cc4a,2024-10-08 04:09:51
LOT-MAI-0222,Maiz,Hotel EZ S.Coop.,27436.16,26101.09,3.06,2024-12-21 04:09:51,completed,2d0d9e58-1728-4883-830b-e6313ff462d3,2024-11-07 04:09:51
LOT-MAI-0223,Maiz,Casandra Miralles Viñas S.L.L.,10049.66,9620.05,3.15,2024-12-02 04:09:51,completed,fae405e9-5b4e-43a9-83f7-260aa7c265e6,2024-11-07 04:09:51
LOT-MAI-0224,Maiz,Galvez y Saldaña S.L.N.E,17596.76,16154.61,2.75,2024-12-12 04:09:51,completed,b44f4d24-1f22-4a78-aee0-7d4b475644b6,2024-11-07 04:09:51
LOT-MAI-0225,Maiz,Nadal y Cano S.C.P,9350.92,9148.33,3.01,2024-12-19 04:09:51,completed,822f07a9-e410-45f7-9731-387fef39cc4a,2024-11-07 04:09:51
LOT-MAI-0226,Maiz,Familia Mínguez S.L.,26827.26,25518.64,2.87,2024-12-12 04:09:51,completed,822f07a9-e410-45f7-9731-387fef39cc4a,2024-11-07 04:09:51
LOT-MAI-0227,Maiz,Rius y asociados S.L.N.E,13844.64,13524.98,2.97,2025-01-12 04:09:51,completed,2d0d9e58-1728-4883-830b-e6313ff462d3,2024-12-07 04:09:51
LOT-MAI-0228,Maiz,Eliana Garcia Bustos S.L.N.E,22424.04,21550.47,3.1,2025-01-06 04:09:51,completed,75d29d49-e2f9-4dc9-afb3-52732090ca1c,2024-12-07 04:09:51
LOT-MAI-0229,Maiz,Suministros Calderon y asociados S.L.L.,10244.71,9692.19,2.87,2025-01-03 04:09:51,completed,2d0d9e58-1728-4883-830b-e6313ff462d3,2024-12-07 04:09:51
LOT-MAI-0230,Maiz,Familia Grande S.C.P,17746.92,16155.2,3.21,2025-01-03 04:09:51,completed,2d0d9e58-1728-4883-830b-e6313ff462d3,2024-12-07 04:09:51
LOT-MAI-0231,Maiz,Inversiones Española S.L.L.,18118.21,18030.56,2.97,2025-01-06 04:09:51,completed,a76f778e-38df-4170-b898-b5d475bc7437,2024-12-07 04:09:51
LOT-MAI-0232,Maiz,Hotel Huguet S.L.N.E,8376.99,7737.0,3.18,2025-01-16 04:09:51,completed,822f07a9-e410-45f7-9731-387fef39cc4a,2024-12-07 04:09:51
LOT-MAI-0233,Maiz,Fábrica del Sur S.C.P,8848.09,8153.04,2.86,2025-01-04 04:09:51,completed,75d29d49-e2f9-4dc9-afb3-52732090ca1c,2024-12-07 04:09:51
LOT-MAI-0234,Maiz,Hnos Donaire S.A.,27035.0,26799.51,3.23,2025-01-15 04:09:51,completed,75d29d49-e2f9-4dc9-afb3-52732090ca1c,2024-12-07 04:09:51
LOT-MAI-0235,Maiz,Minería RAL S.Com.,3168.95,2949.3,2.81,2025-02-10 04:09:51,completed,2d0d9e58-1728-4883-830b-e6313ff462d3,2025-01-06 04:09:51
LOT-MAI-0236,Maiz,Supermercados León & Asociados S.L.U.,10677.8,10022.0,3.04,2025-02-09 04:09:51,completed,fae405e9-5b4e-43a9-83f7-260aa7c265e6,2025-01-06 04:09:51
LOT-MAI-0237,Maiz,Pastor y España S.L.N.E,13183.22,12187.56,2.8,2025-01-29 04:09:51,completed,75d29d49-e2f9-4dc9-afb3-52732090ca1c,2025-01-06 04:09:51
LOT-MAI-0238,Maiz,Manufacturas CEA S.L.L.,15535.06,7385.37,2.92,2025-01-29 04:09:51,expired,75d29d49-e2f9-4dc9-afb3-52732090ca1c,2025-01-06 04:09:51
LOT-MAI-0239,Maiz,Finanzas Avanzadas S.Com.,13597.38,12835.3,3.06,2025-01-24 04:09:51,completed,fae405e9-5b4e-43a9-83f7-260aa7c265e6,2025-01-06 04:09:51
LOT-MAI-0240,Maiz,Construcción Casares S.L.N.E,11645.5,10623.21,3.25,2025-02-13 04:09:51,completed,fae405e9-5b4e-43a9-83f7-260aa7c265e6,2025-01-06 04:09:51
LOT-MAI-0241,Maiz,Industrias OW S.L.,18648.62,17236.97,3.06,2025-01-25 04:09:51,completed,822f07a9-e410-45f7-9731-387fef39cc4a,2025-01-06 04:09:51
LOT-MAI-0242,Maiz,Llopis & Asociados S.C.P,23546.91,22807.57,3.03,2025-02-04 04:09:51,completed,a76f778e-38df-4170-b898-b5d475bc7437,2025-01-06 04:09:51
LOT-MAI-0243,Maiz,Cortina y Tirado S.Coop.,24038.95,22472.21,3.15,2025-01-21 04:09:51,completed,822f07a9-e410-45f7-9731-387fef39cc4a,2025-01-06 04:09:51
LOT-MAI-0244,Maiz,Hermanos Rodriguez S.L.,8595.63,8338.11,2.85,2025-02-04 04:09:51,completed,75d29d49-e2f9-4dc9-afb3-52732090ca1c,2025-01-06 04:09:51
LOT-MAI-0245,Maiz,Industrias del Norte S.L.,24195.03,21830.47,2.76,2025-03-09 04:09:51,completed,fae405e9-5b4e-43a9-83f7-260aa7c265e6,2025-02-05 04:09:51
LOT-MAI-0246,Maiz,Fábrica Globales S.Coop.,29159.91,27479.9,2.73,2025-03-03 04:09:51,completed,a76f778e-38df-4170-b898-b5d475bc7437,2025-02-05 04:09:51
LOT-MAI-0247,Maiz,Minería Integrales S.Com.,14507.37,13245.21,2.95,2025-03-19 04:09:51,completed,b44f4d24-1f22-4a78-aee0-7d4b475644b6,2025-02-05 04:09:51
LOT-MAI-0248,Maiz,Manufacturas Avanzadas S.A.T.,5985.13,5863.78,2.94,2025-03-08 04:09:51,completed,822f07a9-e410-45f7-9731-387fef39cc4a,2025-02-05 04:09:51
LOT-MAI-0249,Maiz,Fajardo y asociados S.Com.,9205.98,9153.69,2.89,2025-03-07 04:09:51,completed,2d0d9e58-1728-4883-830b-e6313ff462d3,2025-02-05 04:09:51
LOT-MAI-0250,Maiz,Hnos Carlos S.Com.,7724.48,7388.56,3.01,2025-02-25 04:09:51,completed,b44f4d24-1f22-4a78-aee0-7d4b475644b6,2025-02-05 04:09:51
LOT-MAI-0251,Maiz,Saez y asociados S.L.U.,4365.59,3983.31,2.95,2025-02-28 04:09:51,completed,822f07a9-e410-45f7-9731-387fef39cc4a,2025-02-05 04:09:51
LOT-MAI-0252,Maiz,Manufacturas Integrales S.Coop.,25154.78,24419.02,2.94,2025-03-14 04:09:51,completed,b44f4d24-1f22-4a78-aee0-7d4b475644b6,2025-02-05 04:09:51
LOT-MAI-0253,Maiz,Talleres Cordero S.L.N.E,4142.02,4062.42,2.96,2025-03-01 04:09:51,completed,fae405e9-5b4e-43a9-83f7-260aa7c265e6,2025-02-05 04:09:51
LOT-MAI-0254,Maiz,Minería Velasco S.Com.,27623.18,24901.36,3.14,2025-03-14 04:09:51,completed,5676ed82-9a65-4833-9526-d82e8115357c,2025-02-05 04:09:51
LOT-MAI-0255,Maiz,Distribuciones Redondo S.Com.,21949.06,20861.39,2.41,2025-04-15 04:09:51,completed,a76f778e-38df-4170-b898-b5d475bc7437,2025-03-07 04:09:51
LOT-MAI-0256,Maiz,Logística Pozuelo S.Coop.,4264.2,3877.74,2.36,2025-04-17 04:09:51,completed,2d0d9e58-1728-4883-830b-e6313ff462d3,2025-03-07 04:09:51
LOT-MAI-0257,Maiz,Gimeno y asociados S.C.P,15510.69,15509.22,2.46,2025-04-20 04:09:51,completed,5676ed82-9a65-4833-9526-d82e8115357c,2025-03-07 04:09:51
LOT-MAI-0258,Maiz,Nicodemo Zurita Alcaraz S.C.P,25547.34,24832.92,2.32,2025-04-20 04:09:51,completed,a76f778e-38df-4170-b898-b5d475bc7437,2025-03-07 04:09:51
LOT-MAI-0259,Maiz,Sebastián Bolaños Roman S.A.,29595.34,29558.41,2.33,2025-04-07 04:09:51,completed,75d29d49-e2f9-4dc9-afb3-52732090ca1c,2025-03-07 04:09:51
LOT-MAI-0260,Maiz,Promociones YKF S.L.,12659.17,12424.8,2.46,2025-04-17 04:09:51,completed,5676ed82-9a65-4833-9526-d82e8115357c,2025-03-07 04:09:51
LOT-MAI-0261,Maiz,Mate y Tenorio S.Com.,12728.54,5636.71,2.54,2025-03-30 04:09:51,expired,822f07a9-e410-45f7-9731-387fef39cc4a,2025-03-07 04:09:51
LOT-MAI-0262,Maiz,Paz Ibáñez Cabañas S.L.,15691.25,10299.19,2.46,2025-03-24 04:09:51,expired,5676ed82-9a65-4833-9526-d82e8115357c,2025-03-07 04:09:51
LOT-MAI-0263,Maiz,Familia Porcel S.Com.,12187.69,11773.2,2.28,2025-03-25 04:09:51,completed,822f07a9-e410-45f7-9731-387fef39cc4a,2025-03-07 04:09:51
LOT-MAI-0264,Maiz,Comercial Bru & Asociados S.Coop.,23323.07,21973.25,2.2,2025-04-28 04:09:51,completed,75d29d49-e2f9-4dc9-afb3-52732090ca1c,2025-04-06 04:09:51
LOT-MAI-0265,Maiz,Calderón y asociados S.A.,17319.53,16095.59,2.21,2025-05-03 04:09:51,completed,75d29d49-e2f9-4dc9-afb3-52732090ca1c,2025-04-06 04:09:51
LOT-MAI-0266,Maiz,Córdoba y Zapata S.L.,29048.46,27911.54,2.08,2025-05-04 04:09:51,completed,2d0d9e58-1728-4883-830b-e6313ff462d3,2025-04-06 04:09:51
LOT-MAI-0267,Maiz,Banca Privada Quintero & Asociados S.Com.,7327.13,6809.92,2.07,2025-05-21 04:09:51,completed,5676ed82-9a65-4833-9526-d82e8115357c,2025-04-06 04:09:51
LOT-MAI-0268,Maiz,Coronado & Asociados S.L.,18601.67,18472.81,2.32,2025-05-19 04:09:51,completed,822f07a9-e410-45f7-9731-387fef39cc4a,2025-04-06 04:09:51
LOT-MAI-0269,Maiz,Distribuciones Españolas S.A.,15452.52,4368.64,2.13,2025-04-29 04:09:51,expired,a76f778e-38df-4170-b898-b5d475bc7437,2025-04-06 04:09:51
LOT-MAI-0270,Maiz,Hermanos Torrent S.Coop.,11248.58,10504.53,2.14,2025-04-25 04:09:51,completed,5676ed82-9a65-4833-9526-d82e8115357c,2025-04-06 04:09:51
LOT-MAI-0271,Maiz,Mireia Cervantes Giralt S.L.,9558.2,9311.85,2.11,2025-05-06 04:09:51,completed,2d0d9e58-1728-4883-830b-e6313ff462d3,2025-04-06 04:09:51
LOT-MAI-0272,Maiz,Tapia & Asociados S.L.N.E,20686.48,10287.45,2.09,2025-06-02 04:09:51,expired,2d0d9e58-1728-4883-830b-e6313ff462d3,2025-05-06 04:09:51
LOT-MAI-0273,Maiz,Rivera y asociados S.Com.,29846.91,28489.83,2.42,2025-06-16 04:09:51,completed,2d0d9e58-1728-4883-830b-e6313ff462d3,2025-05-06 04:09:51
LOT-MAI-0274,Maiz,Fernandez & Asociados S.A.T.,10064.62,3049.89,2.22,2025-06-07 04:09:51,expired,b44f4d24-1f22-4a78-aee0-7d4b475644b6,2025-05-06 04:09:51
LOT-MAI-0275,Maiz,Vicens y Higueras S.L.N.E,9504.94,8988.34,2.28,2025-06-06 04:09:51,completed,a76f778e-38df-4170-b898-b5d475bc7437,2025-05-06 04:09:51
LOT-MAI-0276,Maiz,Quiroga y Alvarado S.Com.,22182.76,20416.42,2.41,2025-07-07 04:09:51,completed,fae405e9-5b4e-43a9-83f7-260aa7c265e6,2025-06-05 04:09:51
LOT-MAI-0277,Maiz,Grupo Morán S.Coop.,26407.22,25237.5,2.72,2025-06-26 04:09:51,completed,2d0d9e58-1728-4883-830b-e6313ff462d3,2025-06-05 04:09:51
LOT-MAI-0278,Maiz,Inmobiliaria VPV S.L.N.E,25714.43,16729.28,2.58,2025-07-11 04:09:51,expired,75d29d49-e2f9-4dc9-afb3-52732090ca1c,2025-06-05 04:09:51
LOT-MAI-0279,Maiz,Comercializadora Cepeda S.Com.,3941.47,820.94,2.42,2025-07-16 04:09:51,expired,5676ed82-9a65-4833-9526-d82e8115357c,2025-06-05 04:09:51
LOT-MAI-0280,Maiz,Logística Aramburu S.Coop.,11746.14,7623.14,2.5,2025-06-28 04:09:51,expired,5676ed82-9a65-4833-9526-d82e8115357c,2025-06-05 04:09:51
LOT-MAI-0281,Maiz,Fábrica Duarte y asociados S.Com.,12801.58,12669.45,2.68,2025-06-20 04:09:51,completed,fae405e9-5b4e-43a9-83f7-260aa7c265e6,2025-06-05 04:09:51
LOT-MAI-0282,Maiz,Gutiérrez & Asociados S.L.L.,28232.16,10643.28,2.72,2025-07-06 04:09:51,expired,b44f4d24-1f22-4a78-aee0-7d4b475644b6,2025-06-05 04:09:51
LOT-MAI-0283,Maiz,Industrias Española S.A.,24525.34,22298.19,2.91,2025-08-11 04:09:51,completed,a76f778e-38df-4170-b898-b5d475bc7437,2025-07-05 04:09:51
LOT-MAI-0284,Maiz,Hnos Córdoba S.Com.,16417.51,16315.88,2.61,2025-07-21 04:09:51,completed,822f07a9-e410-45f7-9731-387fef39cc4a,2025-07-05 04:09:51
LOT-MAI-0285,Maiz,Jonatan Alvarado Perez S.Coop.,13516.12,7967.38,3.04,2025-07-31 04:09:51,expired,822f07a9-e410-45f7-9731-387fef39cc4a,2025-07-05 04:09:51
LOT-MAI-0286,Maiz,Augusto Peláez Ferrando S.A.U,26685.93,25915.71,2.87,2025-08-11 04:09:51,completed,b44f4d24-1f22-4a78-aee0-7d4b475644b6,2025-07-05 04:09:51
LOT-MAI-0287,Maiz,Eliana Batlle Baeza S.Coop.,27993.78,26064.6,3.06,2025-08-06 04:09:51,completed,822f07a9-e410-45f7-9731-387fef39cc4a,2025-07-05 04:09:51
LOT-MAI-0288,Maiz,Amor Calatayud Jerez S.Coop.,26526.64,24949.98,2.68,2025-07-28 04:09:51,completed,a76f778e-38df-4170-b898-b5d475bc7437,2025-07-05 04:09:51
LOT-MAI-0289,Maiz,Transportes Durán S.Com.,12060.22,3354.35,2.65,2025-08-07 04:09:51,expired,2d0d9e58-1728-4883-830b-e6313ff462d3,2025-07-05 04:09:51
LOT-MAI-0290,Maiz,Hermanos Gonzalo S.L.,4147.64,3744.31,2.9,2025-08-08 04:09:51,completed,822f07a9-e410-45f7-9731-387fef39cc4a,2025-07-05 04:09:51
LOT-MAI-0291,Maiz,Trillo y Sierra S.A.,27823.19,9219.05,2.76,2025-08-19 04:09:51,expired,822f07a9-e410-45f7-9731-387fef39cc4a,2025-07-05 04:09:51
LOT-MAI-0292,Maiz,Supermercados RVQ S.Coop.,8794.17,8687.32,3.25,2025-09-18 04:09:51,completed,5676ed82-9a65-4833-9526-d82e8115357c,2025-08-04 04:09:51
LOT-MAI-0293,Maiz,Instalaciones Castellana S.Com.,3262.51,1646.92,3.09,2025-08-28 04:09:51,expired,5676ed82-9a65-4833-9526-d82e8115357c,2025-08-04 04:09:51
LOT-MAI-0294,Maiz,Inmobiliaria Marín & Asociados S.L.U.,26713.75,25908.94,3.1,2025-09-12 04:09:51,completed,b44f4d24-1f22-4a78-aee0-7d4b475644b6,2025-08-04 04:09:51
LOT-MAI-0295,Maiz,Tecnologías OHQ S.L.,27081.49,26431.44,3.37,2025-08-26 04:09:51,completed,b44f4d24-1f22-4a78-aee0-7d4b475644b6,2025-08-04 04:09:51
LOT-MAI-0296,Maiz,Farmaceútica Ibéricos S.Coop.,20879.73,20004.98,3.17,2025-09-18 04:09:51,completed,b44f4d24-1f22-4a78-aee0-7d4b475644b6,2025-08-04 04:09:51
LOT-MAI-0297,Maiz,Familia Villena S.A.T.,6510.21,6158.26,3.08,2025-08-27 04:09:51,completed,2d0d9e58-1728-4883-830b-e6313ff462d3,2025-08-04 04:09:51
LOT-MAI-0298,Maiz,Compañía del Mediterráneo S.Com.,4883.09,4414.23,3.42,2025-10-16 04:09:51,completed,75d29d49-e2f9-4dc9-afb3-52732090ca1c,2025-09-03 04:09:51
LOT-MAI-0299,Maiz,Promociones Feliu y asociados S.A.,27665.16,25317.68,3.3,2025-10-16 04:09:51,completed,822f07a9-e410-45f7-9731-387fef39cc4a,2025-09-03 04:09:51
LOT-MAI-0300,Maiz,Araceli Viana Pedrero S.A.,23364.4,23322.4,3.56,2025-10-02 04:09:51,completed,b44f4d24-1f22-4a78-aee0-7d4b475644b6,2025-09-03 04:09:51
LOT-MAI-0301,Maiz,Infraestructuras Falcó S.C.P,12991.19,12292.19,3.31,2025-10-02 04:09:51,completed,822f07a9-e410-45f7-9731-387fef39cc4a,2025-09-03 04:09:51
LOT-MAI-0302,Maiz,Mayo & Asociados S.L.N.E,22590.04,22387.6,3.06,2025-11-12 04:09:51,completed,822f07a9-e410-45f7-9731-387fef39cc4a,2025-10-03 04:09:51
LOT-MAI-0303,Maiz,Inversiones YV S.L.,27278.8,27173.62,3.38,2025-10-27 04:09:51,completed,5676ed82-9a65-4833-9526-d82e8115357c,2025-10-03 04:09:51
LOT-MAI-0304,Maiz,Marí y Alcázar S.Coop.,3032.92,2818.96,3.06,2025-10-22 04:09:51,completed,fae405e9-5b4e-43a9-83f7-260aa7c265e6,2025-10-03 04:09:51
LOT-MAI-0305,Maiz,Comercializadora Maza & Asociados S.L.,22864.42,22027.68,3.35,2025-10-19 04:09:51,completed,b44f4d24-1f22-4a78-aee0-7d4b475644b6,2025-10-03 04:09:51
LOT-MAI-0306,Maiz,Farmaceútica Huguet y asociados S.L.N.E,14284.07,13421.13,3.43,2025-10-18 04:09:51,completed,fae405e9-5b4e-43a9-83f7-260aa7c265e6,2025-10-03 04:09:51
LOT-MAI-0307,Maiz,Josep Cortes Fuster S.A.U,12608.19,12024.77,3.44,2025-10-22 04:09:51,completed,5676ed82-9a65-4833-9526-d82e8115357c,2025-10-03 04:09:51
LOT-MAI-0308,Maiz,Minería ZURG S.Com.,26236.22,25005.44,3.05,2025-10-21 04:09:51,completed,5676ed82-9a65-4833-9526-d82e8115357c,2025-10-03 04:09:51
LOT-MAI-0309,Maiz,Loreto Pereira Arjona S.A.,19742.4,17928.39,3.17,2025-11-14 04:09:51,completed,2d0d9e58-1728-4883-830b-e6313ff462d3,2025-10-03 04:09:51
LOT-MAI-0310,Maiz,Familia Guerra S.L.,26679.35,25062.58,2.9,2025-11-21 04:09:51,completed,822f07a9-e410-45f7-9731-387fef39cc4a,2025-11-02 04:09:51
LOT-MAI-0311,Maiz,Hermanos Páez S.Com.,21776.51,21077.87,3.01,2025-12-14 04:09:51,completed,a76f778e-38df-4170-b898-b5d475bc7437,2025-11-02 04:09:51
LOT-MAI-0312,Maiz,Doménech y asociados S.A.,22977.44,21231.39,3.34,2025-11-26 04:09:51,completed,5676ed82-9a65-4833-9526-d82e8115357c,2025-11-02 04:09:51
LOT-MAI-0313,Maiz,Benigno Arnal Baquero S.L.,29300.92,26539.61,2.97,2025-12-04 04:09:51,completed,2d0d9e58-1728-4883-830b-e6313ff462d3,2025-11-02 04:09:51
LOT-MAI-0314,Maiz,Familia Aguilar S.Com.,11932.28,11806.89,3.1,2025-12-12 04:09:51,completed,b44f4d24-1f22-4a78-aee0-7d4b475644b6,2025-11-02 04:09:51
LOT-MAI-0315,Maiz,Reguera y Puga S.A.,16717.23,15712.69,3.28,2025-11-21 04:09:51,completed,b44f4d24-1f22-4a78-aee0-7d4b475644b6,2025-11-02 04:09:51
LOT-MAI-0316,Maiz,Arias y Gomis S.L.N.E,28405.88,26465.01,3.29,2025-11-26 04:09:51,completed,2d0d9e58-1728-4883-830b-e6313ff462d3,2025-11-02 04:09:51
LOT-MAI-0317,Maiz,Familia Solera S.A.,5814.75,5250.71,3.33,2025-12-07 04:09:51,completed,fae405e9-5b4e-43a9-83f7-260aa7c265e6,2025-11-02 04:09:51
LOT-MAI-0318,Maiz,Hnos Peralta S.A.,27736.06,25542.45,3.16,2025-12-13 04:09:51,completed,fae405e9-5b4e-43a9-83f7-260aa7c265e6,2025-11-02 04:09:51
LOT-MAI-0319,Maiz,Industrias Arjona S.A.,15495.58,15002.77,2.94,2025-11-30 04:09:51,completed,2d0d9e58-1728-4883-830b-e6313ff462d3,2025-11-02 04:09:51
LOT-MAI-0320,Maiz,Comercializadora Llano & Asociados S.L.N.E,16063.81,14562.99,3.29,2025-12-22 04:09:51,completed,b44f4d24-1f22-4a78-aee0-7d4b475644b6,2025-12-02 04:09:51
LOT-MAI-0321,Maiz,Distribuciones XAS S.L.,25335.67,25106.49,3.38,2025-12-21 04:09:51,completed,2d0d9e58-1728-4883-830b-e6313ff462d3,2025-12-02 04:09:51
LOT-MAI-0322,Maiz,Finanzas Crespi S.A.,9088.55,8640.74,3.06,2025-12-18 04:09:51,completed,75d29d49-e2f9-4dc9-afb3-52732090ca1c,2025-12-02 04:09:51
LOT-MAI-0323,Maiz,Industrias del Levante S.L.N.E,20987.96,20373.96,3.38,2025-12-25 04:09:51,completed,a76f778e-38df-4170-b898-b5d475bc7437,2025-12-02 04:09:51
LOT-MAI-0324,Maiz,Banca Privada Iberia S.Coop.,29740.52,28899.92,3.38,2026-01-07 04:09:51,completed,fae405e9-5b4e-43a9-83f7-260aa7c265e6,2025-12-02 04:09:51
LOT-MAI-0325,Maiz,Planas & Asociados S.L.,26341.32,24009.43,3.08,2026-01-17 04:09:51,completed,b44f4d24-1f22-4a78-aee0-7d4b475644b6,2026-01-01 04:09:51
LOT-MAI-0326,Maiz,Evita Cabeza Coll S.L.U.,4215.89,4131.27,3.12,2026-02-14 04:09:51,completed,fae405e9-5b4e-43a9-83f7-260aa7c265e6,2026-01-01 04:09:51
LOT-MAI-0327,Maiz,Solsona y Ferrando S.L.U.,14563.16,13239.84,2.97,2026-02-08 04:09:51,completed,75d29d49-e2f9-4dc9-afb3-52732090ca1c,2026-01-01 04:09:51
LOT-MAI-0328,Maiz,Talleres Iberia S.L.,5594.54,5207.11,3.33,2026-02-15 04:09:51,completed,2d0d9e58-1728-4883-830b-e6313ff462d3,2026-01-01 04:09:51
LOT-MAI-0329,Maiz,Supermercados Puente S.Coop.,14821.93,14022.11,3.16,2026-01-26 04:09:51,completed,fae405e9-5b4e-43a9-83f7-260aa7c265e6,2026-01-01 04:09:51
LOT-MAI-0330,Maiz,Banco Ibéricos S.L.N.E,14363.35,13371.11,3.25,2026-02-06 04:09:51,completed,5676ed82-9a65-4833-9526-d82e8115357c,2026-01-01 04:09:51
LOT-MAI-0331,Maiz,Banco Fuentes & Asociados S.Com.,26833.76,25678.06,3.25,2026-01-28 04:09:51,completed,2d0d9e58-1728-4883-830b-e6313ff462d3,2026-01-01 04:09:51
LOT-MAI-0332,Maiz,Inversiones FOS S.Coop.,11060.5,10951.14,3.14,2026-03-16 04:09:51,completed,b44f4d24-1f22-4a78-aee0-7d4b475644b6,2026-01-31 04:09:51
LOT-MAI-0333,Maiz,Servicios Blasco S.Coop.,3463.76,3359.71,3.37,2026-02-20 04:09:51,completed,2d0d9e58-1728-4883-830b-e6313ff462d3,2026-01-31 04:09:51
LOT-MAI-0334,Maiz,Transportes CLH S.L.L.,5797.51,5548.8,2.98,2026-02-19 04:09:51,completed,822f07a9-e410-45f7-9731-387fef39cc4a,2026-01-31 04:09:51
LOT-MAI-0335,Maiz,Guzmán & Asociados S.L.L.,26196.87,23689.6,3.04,2026-02-23 04:09:51,completed,a76f778e-38df-4170-b898-b5d475bc7437,2026-01-31 04:09:51
LOT-MAI-0336,Maiz,Tecnologías HI S.Coop.,8896.82,8498.74,3.01,2026-02-21 04:09:51,completed,b44f4d24-1f22-4a78-aee0-7d4b475644b6,2026-01-31 04:09:51
LOT-MAI-0337,Maiz,Hermanos Mariño S.Coop.,21219.52,9861.42,2.57,2026-03-17 04:09:51,expired,822f07a9-e410-45f7-9731-387fef39cc4a,2026-03-02 04:09:51
LOT-MAI-0338,Maiz,Desarrollo Ángel & Asociados S.L.,24416.61,22781.16,2.31,2026-04-04 04:09:51,completed,822f07a9-e410-45f7-9731-387fef39cc4a,2026-03-02 04:09:51
LOT-MAI-0339,Maiz,Cal y Pizarro S.L.,19468.95,19271.62,2.61,2026-03-18 04:09:51,completed,2d0d9e58-1728-4883-830b-e6313ff462d3,2026-03-02 04:09:51
LOT-MAI-0340,Maiz,Familia Navarro S.L.N.E,5453.41,2859.44,2.6,2026-03-21 04:09:51,expired,b44f4d24-1f22-4a78-aee0-7d4b475644b6,2026-03-02 04:09:51
LOT-MAI-0341,Maiz,Cipriano Abella Bernad S.Coop.,20834.95,13951.84,2.53,2026-04-12 04:09:51,expired,75d29d49-e2f9-4dc9-afb3-52732090ca1c,2026-03-02 04:09:51
LOT-MAI-0342,Maiz,Nidia Cabrera Espada S.A.,15186.98,13951.22,2.62,2026-03-21 04:09:51,completed,822f07a9-e410-45f7-9731-387fef39cc4a,2026-03-02 04:09:51
LOT-MAI-0343,Maiz,Landa y asociados S.L.L.,24798.25,24590.76,2.61,2026-04-14 04:09:51,completed,822f07a9-e410-45f7-9731-387fef39cc4a,2026-03-02 04:09:51
LOT-MAI-0344,Maiz,Compañía Castellana S.Coop.,26734.89,17251.97,2.46,2026-04-09 04:09:51,expired,fae405e9-5b4e-43a9-83f7-260aa7c265e6,2026-03-02 04:09:51
LOT-MAI-0345,Maiz,Comercial Planas & Asociados S.Coop.,26684.65,26259.34,2.64,2026-04-01 04:09:51,completed,a76f778e-38df-4170-b898-b5d475bc7437,2026-03-02 04:09:51
LOT-MAI-0346,Maiz,Manufacturas TL S.Coop.,15213.46,13951.5,2.31,2026-05-15 04:09:51,completed,b44f4d24-1f22-4a78-aee0-7d4b475644b6,2026-04-01 04:09:51
LOT-MAI-0347,Maiz,Desarrollo Frutos S.Coop.,6159.69,4035.7,2.25,2026-04-29 04:09:51,expired,2d0d9e58-1728-4883-830b-e6313ff462d3,2026-04-01 04:09:51
LOT-MAI-0348,Maiz,Jordán y asociados S.Coop.,9279.97,5549.96,2.22,2026-05-06 04:09:51,expired,75d29d49-e2f9-4dc9-afb3-52732090ca1c,2026-04-01 04:09:51
LOT-MAI-0349,Maiz,Fábrica GWJ S.A.U,20676.93,19172.92,2.41,2026-05-03 04:09:51,completed,5676ed82-9a65-4833-9526-d82e8115357c,2026-04-01 04:09:51
LOT-MAI-0350,Maiz,Comercial ZOT S.L.N.E,27128.0,25855.25,2.17,2026-04-24 04:09:51,completed,a76f778e-38df-4170-b898-b5d475bc7437,2026-04-01 04:09:51
LOT-MAI-0351,Maiz,Supermercados Segovia S.Com.,10676.7,8943.98,2.43,2026-05-19 04:09:51,active,b44f4d24-1f22-4a78-aee0-7d4b475644b6,2026-05-01 04:09:51
LOT-MAI-0352,Maiz,Pili Bayón Garmendia S.Coop.,11687.67,6411.67,2.21,2026-06-13 04:09:51,active,a76f778e-38df-4170-b898-b5d475bc7437,2026-05-01 04:09:51
LOT-MAI-0353,Maiz,Inmobiliaria Campo & Asociados S.A.,7787.38,6892.67,2.41,2026-06-01 04:09:51,active,a76f778e-38df-4170-b898-b5d475bc7437,2026-05-01 04:09:51
LOT-MAI-0354,Maiz,Hnos Ortega S.L.,12431.85,8585.37,2.27,2026-05-26 04:09:51,active,fae405e9-5b4e-43a9-83f7-260aa7c265e6,2026-05-01 04:09:51
LOT-ARR-0001,Arroz,Pina & Asociados S.L.N.E,10515.38,10409.02,3.23,2022-05-24 04:09:51,completed,91b887de-f920-4f25-aa0b-5e71502435fc,2022-04-22 04:09:51
LOT-ARR-0002,Arroz,Morales y asociados S.Com.,10103.9,9632.29,3.24,2022-05-14 04:09:51,completed,91b887de-f920-4f25-aa0b-5e71502435fc,2022-04-22 04:09:51
LOT-ARR-0003,Arroz,Galan y Solana S.Com.,9501.46,9148.26,3.24,2022-05-07 04:09:51,completed,fae405e9-5b4e-43a9-83f7-260aa7c265e6,2022-04-22 04:09:51
LOT-ARR-0004,Arroz,Industrias del Sur S.C.P,14860.45,5041.72,3.28,2022-05-15 04:09:51,expired,4ed21bf4-a3b5-4f5d-be5a-57bc7c6971ab,2022-04-22 04:09:51
LOT-ARR-0005,Arroz,Hermanos Cerezo S.C.P,11124.28,10079.94,3.08,2022-06-02 04:09:51,completed,91b887de-f920-4f25-aa0b-5e71502435fc,2022-04-22 04:09:51
LOT-ARR-0006,Arroz,Minería AAQ S.L.,13096.76,12097.42,3.27,2022-05-26 04:09:51,completed,fae405e9-5b4e-43a9-83f7-260aa7c265e6,2022-04-22 04:09:51
LOT-ARR-0007,Arroz,Hermanos Casanovas S.A.,6676.03,2602.5,3.4,2022-05-10 04:09:51,expired,91b887de-f920-4f25-aa0b-5e71502435fc,2022-04-22 04:09:51
LOT-ARR-0008,Arroz,Menendez y Peralta S.L.N.E,22436.78,22254.89,3.0,2022-05-16 04:09:51,completed,664ca3d9-b4cc-4644-b4bc-d65ed5ce51e1,2022-04-22 04:09:51
LOT-ARR-0009,Arroz,Alimentación Maldonado y asociados S.A.U,20110.14,18791.3,3.0,2022-05-26 04:09:51,completed,fae405e9-5b4e-43a9-83f7-260aa7c265e6,2022-04-22 04:09:51
LOT-ARR-0010,Arroz,Construcción Carreño & Asociados S.L.,4337.43,2134.04,3.11,2022-06-06 04:09:51,expired,12e43293-913a-4078-998d-6aa7970086a5,2022-05-22 04:09:51
LOT-ARR-0011,Arroz,Promociones Internacionales S.Coop.,10469.6,9774.4,2.81,2022-06-07 04:09:51,completed,91b887de-f920-4f25-aa0b-5e71502435fc,2022-05-22 04:09:51
LOT-ARR-0012,Arroz,Sevilla y asociados S.L.U.,8192.64,7549.37,2.88,2022-06-30 04:09:51,completed,12e43293-913a-4078-998d-6aa7970086a5,2022-05-22 04:09:51
LOT-ARR-0013,Arroz,Distribuciones Internacionales S.L.N.E,17832.76,17687.32,2.88,2022-06-11 04:09:51,completed,fae405e9-5b4e-43a9-83f7-260aa7c265e6,2022-05-22 04:09:51
LOT-ARR-0014,Arroz,Distribuciones Landa S.A.,10110.41,9297.83,2.85,2022-06-15 04:09:51,completed,91b887de-f920-4f25-aa0b-5e71502435fc,2022-05-22 04:09:51
LOT-ARR-0015,Arroz,Despacho Garrido S.Com.,15543.56,14315.46,2.88,2022-07-18 04:09:51,completed,12e43293-913a-4078-998d-6aa7970086a5,2022-06-21 04:09:51
LOT-ARR-0016,Arroz,Morell & Asociados S.L.L.,11420.77,3236.63,3.11,2022-07-15 04:09:51,expired,fae405e9-5b4e-43a9-83f7-260aa7c265e6,2022-06-21 04:09:51
LOT-ARR-0017,Arroz,Inversiones Villena & Asociados S.C.P,12145.47,6054.63,3.14,2022-08-03 04:09:51,expired,4ed21bf4-a3b5-4f5d-be5a-57bc7c6971ab,2022-06-21 04:09:51
LOT-ARR-0018,Arroz,Jacobo Ribas Badía S.L.N.E,20650.36,6215.64,3.24,2022-07-21 04:09:51,expired,12e43293-913a-4078-998d-6aa7970086a5,2022-06-21 04:09:51
LOT-ARR-0019,Arroz,Villaverde y asociados S.Com.,4056.9,3855.91,3.26,2022-07-30 04:09:51,completed,4ed21bf4-a3b5-4f5d-be5a-57bc7c6971ab,2022-06-21 04:09:51
LOT-ARR-0020,Arroz,Tecnologías Contreras & Asociados S.L.,6880.08,6815.25,3.08,2022-08-04 04:09:51,completed,91b887de-f920-4f25-aa0b-5e71502435fc,2022-06-21 04:09:51
LOT-ARR-0021,Arroz,Compañía Tur & Asociados S.L.,10736.11,5374.36,2.97,2022-07-27 04:09:51,expired,12e43293-913a-4078-998d-6aa7970086a5,2022-06-21 04:09:51
LOT-ARR-0022,Arroz,Comercializadora Ibéricos S.Coop.,24542.97,23118.74,3.14,2022-08-18 04:09:51,completed,12e43293-913a-4078-998d-6aa7970086a5,2022-07-21 04:09:51
LOT-ARR-0023,Arroz,Concha Río Tejada S.Com.,5123.05,5065.81,3.4,2022-08-05 04:09:51,completed,fae405e9-5b4e-43a9-83f7-260aa7c265e6,2022-07-21 04:09:51
LOT-ARR-0024,Arroz,Huguet y Sastre S.L.,14533.88,14225.07,3.35,2022-08-06 04:09:51,completed,664ca3d9-b4cc-4644-b4bc-d65ed5ce51e1,2022-07-21 04:09:51
LOT-ARR-0025,Arroz,Comercial Gimenez & Asociados S.L.N.E,3524.55,3415.1,3.17,2022-08-31 04:09:51,completed,664ca3d9-b4cc-4644-b4bc-d65ed5ce51e1,2022-07-21 04:09:51
LOT-ARR-0026,Arroz,Soluciones Simó S.A.,13102.59,12623.41,3.47,2022-08-09 04:09:51,completed,12e43293-913a-4078-998d-6aa7970086a5,2022-07-21 04:09:51
LOT-ARR-0027,Arroz,Lopez y Gracia S.A.,5965.0,5739.44,3.19,2022-08-06 04:09:51,completed,12e43293-913a-4078-998d-6aa7970086a5,2022-07-21 04:09:51
LOT-ARR-0028,Arroz,Manufacturas Ibéricos S.Com.,15138.55,7355.25,3.24,2022-08-05 04:09:51,expired,664ca3d9-b4cc-4644-b4bc-d65ed5ce51e1,2022-07-21 04:09:51
LOT-ARR-0029,Arroz,Desarrollo KZFW S.Com.,19789.9,19787.51,3.75,2022-09-07 04:09:51,completed,91b887de-f920-4f25-aa0b-5e71502435fc,2022-08-20 04:09:51
LOT-ARR-0030,Arroz,Supermercados Bernal S.C.P,10292.56,9411.59,3.37,2022-09-09 04:09:51,completed,12e43293-913a-4078-998d-6aa7970086a5,2022-08-20 04:09:51
LOT-ARR-0031,Arroz,Comercializadora Vargas & Asociados S.A.,18564.6,4931.29,3.33,2022-10-04 04:09:51,expired,664ca3d9-b4cc-4644-b4bc-d65ed5ce51e1,2022-08-20 04:09:51
LOT-ARR-0032,Arroz,Infraestructuras Llano y asociados S.C.P,4918.74,3171.84,3.59,2022-09-20 04:09:51,expired,91b887de-f920-4f25-aa0b-5e71502435fc,2022-08-20 04:09:51
LOT-ARR-0033,Arroz,Encarna Blanca Oliveras S.A.,11039.88,10856.18,3.88,2022-09-29 04:09:51,completed,664ca3d9-b4cc-4644-b4bc-d65ed5ce51e1,2022-08-20 04:09:51
LOT-ARR-0034,Arroz,Restauración Rebollo y asociados S.L.,24951.03,24168.37,3.44,2022-09-27 04:09:51,completed,12e43293-913a-4078-998d-6aa7970086a5,2022-08-20 04:09:51
LOT-ARR-0035,Arroz,Trujillo y Duque S.A.,3402.07,3146.46,3.33,2022-09-13 04:09:51,completed,fae405e9-5b4e-43a9-83f7-260aa7c265e6,2022-08-20 04:09:51
LOT-ARR-0036,Arroz,Infraestructuras Clemente S.Com.,14496.51,14285.69,3.81,2022-10-03 04:09:51,completed,91b887de-f920-4f25-aa0b-5e71502435fc,2022-08-20 04:09:51
LOT-ARR-0037,Arroz,Comercializadora Blanca & Asociados S.Com.,24373.9,24003.09,3.43,2022-09-04 04:09:51,completed,4ed21bf4-a3b5-4f5d-be5a-57bc7c6971ab,2022-08-20 04:09:51
LOT-ARR-0038,Arroz,Instalaciones YB S.Coop.,13660.9,12996.08,4.07,2022-10-23 04:09:51,completed,664ca3d9-b4cc-4644-b4bc-d65ed5ce51e1,2022-09-19 04:09:51
LOT-ARR-0039,Arroz,Fábrica CSF S.L.L.,13428.26,5762.18,3.93,2022-10-29 04:09:51,expired,664ca3d9-b4cc-4644-b4bc-d65ed5ce51e1,2022-09-19 04:09:51
LOT-ARR-0040,Arroz,Servicios RSK S.L.L.,16451.86,6079.23,3.99,2022-10-04 04:09:51,expired,664ca3d9-b4cc-4644-b4bc-d65ed5ce51e1,2022-09-19 04:09:51
LOT-ARR-0041,Arroz,Hotel Samper S.L.N.E,2265.15,2112.28,3.96,2022-11-03 04:09:51,completed,664ca3d9-b4cc-4644-b4bc-d65ed5ce51e1,2022-09-19 04:09:51
LOT-ARR-0042,Arroz,Construcción Beltrán S.C.P,21442.92,21359.51,3.67,2022-10-06 04:09:51,completed,fae405e9-5b4e-43a9-83f7-260aa7c265e6,2022-09-19 04:09:51
LOT-ARR-0043,Arroz,Alemán y Olivé S.Com.,8749.39,8014.13,3.79,2022-10-05 04:09:51,completed,12e43293-913a-4078-998d-6aa7970086a5,2022-09-19 04:09:51
LOT-ARR-0044,Arroz,Inmobiliaria Peiró S.Com.,15905.83,14723.67,3.96,2022-10-29 04:09:51,completed,12e43293-913a-4078-998d-6aa7970086a5,2022-09-19 04:09:51
LOT-ARR-0045,Arroz,Tecnologías FIQC S.L.U.,4324.73,3976.84,3.94,2022-10-21 04:09:51,completed,4ed21bf4-a3b5-4f5d-be5a-57bc7c6971ab,2022-09-19 04:09:51
LOT-ARR-0046,Arroz,Hnos Prieto S.Com.,4724.67,4603.71,3.75,2022-10-20 04:09:51,completed,fae405e9-5b4e-43a9-83f7-260aa7c265e6,2022-09-19 04:09:51
LOT-ARR-0047,Arroz,Despacho Juárez S.Coop.,6660.62,6064.52,3.73,2022-11-17 04:09:51,completed,91b887de-f920-4f25-aa0b-5e71502435fc,2022-10-19 04:09:51
LOT-ARR-0048,Arroz,Promociones Cámara S.C.P,20705.7,19662.93,3.85,2022-11-06 04:09:51,completed,91b887de-f920-4f25-aa0b-5e71502435fc,2022-10-19 04:09:51
LOT-ARR-0049,Arroz,Farmaceútica Quintero y asociados S.A.,15771.12,14370.57,3.73,2022-11-16 04:09:51,completed,4ed21bf4-a3b5-4f5d-be5a-57bc7c6971ab,2022-10-19 04:09:51
LOT-ARR-0050,Arroz,Miguel y Leiva S.Com.,20040.7,4317.25,3.99,2022-11-08 04:09:51,expired,664ca3d9-b4cc-4644-b4bc-d65ed5ce51e1,2022-10-19 04:09:51
LOT-ARR-0051,Arroz,Violeta Morán Zabaleta S.Com.,4723.07,3100.43,4.27,2022-12-25 04:09:51,expired,12e43293-913a-4078-998d-6aa7970086a5,2022-11-18 04:09:51
LOT-ARR-0052,Arroz,Desarrollo Borrego & Asociados S.Coop.,6545.37,3917.74,3.91,2022-12-19 04:09:51,expired,664ca3d9-b4cc-4644-b4bc-d65ed5ce51e1,2022-11-18 04:09:51
LOT-ARR-0053,Arroz,Teresita Cabezas Macías S.A.,18987.57,18634.5,4.29,2022-12-13 04:09:51,completed,12e43293-913a-4078-998d-6aa7970086a5,2022-11-18 04:09:51
LOT-ARR-0054,Arroz,Farmaceútica KIWR S.Coop.,19563.97,10606.8,4.37,2022-12-15 04:09:51,expired,12e43293-913a-4078-998d-6aa7970086a5,2022-11-18 04:09:51
LOT-ARR-0055,Arroz,Talleres Salmerón & Asociados S.L.,21677.02,20705.48,3.97,2022-12-13 04:09:51,completed,4ed21bf4-a3b5-4f5d-be5a-57bc7c6971ab,2022-11-18 04:09:51
LOT-ARR-0056,Arroz,Inmobiliaria Ortega & Asociados S.A.,10656.75,10306.62,4.52,2022-12-22 04:09:51,completed,fae405e9-5b4e-43a9-83f7-260aa7c265e6,2022-11-18 04:09:51
LOT-ARR-0057,Arroz,Construcción Avanzadas S.Coop.,4340.15,4123.16,4.19,2022-12-06 04:09:51,completed,664ca3d9-b4cc-4644-b4bc-d65ed5ce51e1,2022-11-18 04:09:51
LOT-ARR-0058,Arroz,Despacho Murcia y asociados S.A.,6276.54,5677.56,4.23,2022-12-16 04:09:51,completed,fae405e9-5b4e-43a9-83f7-260aa7c265e6,2022-11-18 04:09:51
LOT-ARR-0059,Arroz,Hnos Olivera S.A.,15969.77,14421.04,4.16,2022-12-11 04:09:51,completed,91b887de-f920-4f25-aa0b-5e71502435fc,2022-11-18 04:09:51
LOT-ARR-0060,Arroz,Mariscal y Calderon S.L.,18202.67,17341.62,4.2,2023-01-06 04:09:51,completed,12e43293-913a-4078-998d-6aa7970086a5,2022-12-18 04:09:51
LOT-ARR-0061,Arroz,Promociones Busquets y asociados S.A.,6041.59,5786.99,4.25,2023-01-08 04:09:51,completed,91b887de-f920-4f25-aa0b-5e71502435fc,2022-12-18 04:09:51
LOT-ARR-0062,Arroz,Manufacturas HVPX S.Com.,21972.09,21443.6,4.51,2023-01-31 04:09:51,completed,12e43293-913a-4078-998d-6aa7970086a5,2022-12-18 04:09:51
LOT-ARR-0063,Arroz,Hermanos Camps S.L.,6560.54,6024.9,4.31,2023-01-31 04:09:51,completed,664ca3d9-b4cc-4644-b4bc-d65ed5ce51e1,2022-12-18 04:09:51
LOT-ARR-0064,Arroz,Manufacturas EK S.L.N.E,24800.05,22535.82,4.54,2023-01-30 04:09:51,completed,91b887de-f920-4f25-aa0b-5e71502435fc,2022-12-18 04:09:51
LOT-ARR-0065,Arroz,Cornejo & Asociados S.L.L.,12408.94,11730.93,4.65,2023-01-07 04:09:51,completed,91b887de-f920-4f25-aa0b-5e71502435fc,2022-12-18 04:09:51
LOT-ARR-0066,Arroz,Manufacturas Globales S.A.,24076.1,22067.92,4.79,2023-01-26 04:09:51,completed,4ed21bf4-a3b5-4f5d-be5a-57bc7c6971ab,2022-12-18 04:09:51
LOT-ARR-0067,Arroz,Manzanares y asociados S.L.L.,24754.14,23969.31,4.39,2023-01-03 04:09:51,completed,12e43293-913a-4078-998d-6aa7970086a5,2022-12-18 04:09:51
LOT-ARR-0068,Arroz,Luís y Giralt S.Coop.,15764.22,15135.45,4.31,2023-02-05 04:09:51,completed,4ed21bf4-a3b5-4f5d-be5a-57bc7c6971ab,2023-01-17 04:09:51
LOT-ARR-0069,Arroz,Manufacturas Iberia S.A.D,22847.53,22543.58,4.36,2023-02-21 04:09:51,completed,4ed21bf4-a3b5-4f5d-be5a-57bc7c6971ab,2023-01-17 04:09:51
LOT-ARR-0070,Arroz,Instalaciones Benítez y asociados S.L.N.E,17358.94,16060.27,4.45,2023-02-04 04:09:51,completed,12e43293-913a-4078-998d-6aa7970086a5,2023-01-17 04:09:51
LOT-ARR-0071,Arroz,Banca Privada Bermúdez S.L.,2103.72,2078.34,4.51,2023-03-01 04:09:51,completed,664ca3d9-b4cc-4644-b4bc-d65ed5ce51e1,2023-01-17 04:09:51
LOT-ARR-0072,Arroz,Vanesa Mariscal Pulido S.A.,8001.35,7755.25,4.52,2023-02-09 04:09:51,completed,12e43293-913a-4078-998d-6aa7970086a5,2023-01-17 04:09:51
LOT-ARR-0073,Arroz,Camps & Asociados S.A.,19748.2,18746.39,4.43,2023-02-13 04:09:51,completed,91b887de-f920-4f25-aa0b-5e71502435fc,2023-01-17 04:09:51
LOT-ARR-0074,Arroz,Marco y Ballesteros S.Coop.,13579.49,12941.81,4.64,2023-02-27 04:09:51,completed,91b887de-f920-4f25-aa0b-5e71502435fc,2023-01-17 04:09:51
LOT-ARR-0075,Arroz,Inmobiliaria Franco y asociados S.Com.,22122.61,21205.85,4.61,2023-02-06 04:09:51,completed,91b887de-f920-4f25-aa0b-5e71502435fc,2023-01-17 04:09:51
LOT-ARR-0076,Arroz,Suministros Moreno & Asociados S.L.L.,19491.02,17718.58,4.71,2023-03-03 04:09:51,completed,12e43293-913a-4078-998d-6aa7970086a5,2023-01-17 04:09:51
LOT-ARR-0077,Arroz,Gelabert y Sanmiguel S.Com.,5090.71,5004.7,4.37,2023-02-11 04:09:51,completed,4ed21bf4-a3b5-4f5d-be5a-57bc7c6971ab,2023-01-17 04:09:51
LOT-ARR-0078,Arroz,Hotel QDUH S.A.,23430.58,21174.85,4.38,2023-03-15 04:09:51,completed,664ca3d9-b4cc-4644-b4bc-d65ed5ce51e1,2023-02-16 04:09:51
LOT-ARR-0079,Arroz,Grupo Carlos S.C.P,8511.63,7777.26,4.35,2023-03-09 04:09:51,completed,4ed21bf4-a3b5-4f5d-be5a-57bc7c6971ab,2023-02-16 04:09:51
LOT-ARR-0080,Arroz,Minería Iberia S.C.P,16253.62,15761.68,4.7,2023-03-04 04:09:51,completed,12e43293-913a-4078-998d-6aa7970086a5,2023-02-16 04:09:51
LOT-ARR-0081,Arroz,Compañía del Levante S.Coop.,19143.22,18029.12,4.56,2023-03-21 04:09:51,completed,4ed21bf4-a3b5-4f5d-be5a-57bc7c6971ab,2023-02-16 04:09:51
LOT-ARR-0082,Arroz,Logística Juan S.L.N.E,15375.67,14240.72,4.08,2023-04-15 04:09:51,completed,4ed21bf4-a3b5-4f5d-be5a-57bc7c6971ab,2023-03-18 04:09:51
LOT-ARR-0083,Arroz,Almagro y Fabra S.Com.,5021.59,4722.37,4.53,2023-05-01 04:09:51,completed,4ed21bf4-a3b5-4f5d-be5a-57bc7c6971ab,2023-03-18 04:09:51
LOT-ARR-0084,Arroz,Supermercados Avanzadas S.L.N.E,22686.78,21023.86,4.09,2023-04-15 04:09:51,completed,91b887de-f920-4f25-aa0b-5e71502435fc,2023-03-18 04:09:51
LOT-ARR-0085,Arroz,Construcción TDF S.Com.,17633.96,16960.2,4.05,2023-04-29 04:09:51,completed,91b887de-f920-4f25-aa0b-5e71502435fc,2023-03-18 04:09:51
LOT-ARR-0086,Arroz,Manufacturas KLRP S.A.,20777.23,19866.88,3.54,2023-05-15 04:09:51,completed,664ca3d9-b4cc-4644-b4bc-d65ed5ce51e1,2023-04-17 04:09:51
LOT-ARR-0087,Arroz,Hnos Carreño S.Coop.,17515.15,16967.08,3.18,2023-05-22 04:09:51,completed,91b887de-f920-4f25-aa0b-5e71502435fc,2023-04-17 04:09:51
LOT-ARR-0088,Arroz,Alba & Asociados S.Coop.,2616.03,2515.82,3.25,2023-05-28 04:09:51,completed,91b887de-f920-4f25-aa0b-5e71502435fc,2023-04-17 04:09:51
LOT-ARR-0089,Arroz,Supermercados Salmerón S.L.,10731.11,5200.84,3.5,2023-05-25 04:09:51,expired,12e43293-913a-4078-998d-6aa7970086a5,2023-04-17 04:09:51
LOT-ARR-0090,Arroz,Torres & Asociados S.Coop.,5388.02,5031.81,3.32,2023-05-20 04:09:51,completed,12e43293-913a-4078-998d-6aa7970086a5,2023-04-17 04:09:51
LOT-ARR-0091,Arroz,Tecnologías del Mediterráneo S.Coop.,9682.18,4235.29,3.33,2023-05-02 04:09:51,expired,4ed21bf4-a3b5-4f5d-be5a-57bc7c6971ab,2023-04-17 04:09:51
LOT-ARR-0092,Arroz,Supermercados Ibéricos S.Coop.,10377.33,9615.91,3.05,2023-05-16 04:09:51,completed,fae405e9-5b4e-43a9-83f7-260aa7c265e6,2023-04-17 04:09:51
LOT-ARR-0093,Arroz,Gelabert & Asociados S.A.,23120.69,21116.03,3.21,2023-05-26 04:09:51,completed,664ca3d9-b4cc-4644-b4bc-d65ed5ce51e1,2023-04-17 04:09:51
LOT-ARR-0094,Arroz,Inmobiliaria Ibéricos S.L.L.,12111.15,6455.71,3.06,2023-06-08 04:09:51,expired,fae405e9-5b4e-43a9-83f7-260aa7c265e6,2023-05-17 04:09:51
LOT-ARR-0095,Arroz,Salamanca y asociados S.L.L.,11378.31,10902.1,3.17,2023-06-19 04:09:51,completed,fae405e9-5b4e-43a9-83f7-260aa7c265e6,2023-05-17 04:09:51
LOT-ARR-0096,Arroz,Cipriano Torre Núñez S.L.,23818.44,21887.1,3.16,2023-06-12 04:09:51,completed,fae405e9-5b4e-43a9-83f7-260aa7c265e6,2023-05-17 04:09:51
LOT-ARR-0097,Arroz,Cantero y Boada S.L.L.,10559.89,9632.11,3.27,2023-06-09 04:09:51,completed,91b887de-f920-4f25-aa0b-5e71502435fc,2023-05-17 04:09:51
LOT-ARR-0098,Arroz,Soluciones Requena S.Coop.,2674.61,2420.44,3.33,2023-06-22 04:09:51,completed,fae405e9-5b4e-43a9-83f7-260aa7c265e6,2023-05-17 04:09:51
LOT-ARR-0099,Arroz,Transportes JVM S.A.,5480.63,5388.36,3.14,2023-06-01 04:09:51,completed,91b887de-f920-4f25-aa0b-5e71502435fc,2023-05-17 04:09:51
LOT-ARR-0100,Arroz,Morata y Feliu S.L.,7925.43,7897.19,3.24,2023-06-22 04:09:51,completed,12e43293-913a-4078-998d-6aa7970086a5,2023-05-17 04:09:51
LOT-ARR-0101,Arroz,Hermanos España S.L.,21591.03,7350.44,3.04,2023-06-20 04:09:51,expired,4ed21bf4-a3b5-4f5d-be5a-57bc7c6971ab,2023-05-17 04:09:51
LOT-ARR-0102,Arroz,Hermanos Cuenca S.Coop.,4066.05,1144.86,3.23,2023-06-18 04:09:51,expired,91b887de-f920-4f25-aa0b-5e71502435fc,2023-05-17 04:09:51
LOT-ARR-0103,Arroz,Promociones CWSX S.A.,3078.49,2786.21,3.13,2023-06-01 04:09:51,completed,91b887de-f920-4f25-aa0b-5e71502435fc,2023-05-17 04:09:51
LOT-ARR-0104,Arroz,Gomila y Esteve S.Coop.,23614.75,22131.14,3.34,2023-07-27 04:09:51,completed,91b887de-f920-4f25-aa0b-5e71502435fc,2023-06-16 04:09:51
LOT-ARR-0105,Arroz,Familia Querol S.L.,13108.26,11851.21,3.46,2023-07-22 04:09:51,completed,4ed21bf4-a3b5-4f5d-be5a-57bc7c6971ab,2023-06-16 04:09:51
LOT-ARR-0106,Arroz,Carretero & Asociados S.Com.,14353.62,13410.46,3.25,2023-07-26 04:09:51,completed,fae405e9-5b4e-43a9-83f7-260aa7c265e6,2023-06-16 04:09:51
LOT-ARR-0107,Arroz,Familia Cuéllar S.Com.,13045.7,8129.25,3.32,2023-07-22 04:09:51,expired,12e43293-913a-4078-998d-6aa7970086a5,2023-06-16 04:09:51
LOT-ARR-0108,Arroz,Grupo Cases S.Com.,7708.54,7649.06,3.32,2023-07-12 04:09:51,completed,12e43293-913a-4078-998d-6aa7970086a5,2023-06-16 04:09:51
LOT-ARR-0109,Arroz,Soluciones Pagès S.Coop.,10601.32,2151.11,3.38,2023-07-30 04:09:51,expired,fae405e9-5b4e-43a9-83f7-260aa7c265e6,2023-06-16 04:09:51
LOT-ARR-0110,Arroz,Peñalver & Asociados S.A.,19410.45,18181.13,3.25,2023-07-28 04:09:51,completed,4ed21bf4-a3b5-4f5d-be5a-57bc7c6971ab,2023-06-16 04:09:51
LOT-ARR-0111,Arroz,Transportes Iberia S.L.,24574.1,22900.66,3.27,2023-07-24 04:09:51,completed,91b887de-f920-4f25-aa0b-5e71502435fc,2023-06-16 04:09:51
LOT-ARR-0112,Arroz,Fábrica SYVB S.A.,20266.65,19489.48,3.15,2023-07-02 04:09:51,completed,664ca3d9-b4cc-4644-b4bc-d65ed5ce51e1,2023-06-16 04:09:51
LOT-ARR-0113,Arroz,Instalaciones Expósito & Asociados S.Coop.,11732.69,10622.74,3.38,2023-07-17 04:09:51,completed,fae405e9-5b4e-43a9-83f7-260aa7c265e6,2023-06-16 04:09:51
LOT-ARR-0114,Arroz,Reguera & Asociados S.A.,12173.77,12135.58,3.41,2023-08-23 04:09:51,completed,664ca3d9-b4cc-4644-b4bc-d65ed5ce51e1,2023-07-16 04:09:51
LOT-ARR-0115,Arroz,Capdevila & Asociados S.A.,15356.94,14010.22,3.5,2023-08-07 04:09:51,completed,12e43293-913a-4078-998d-6aa7970086a5,2023-07-16 04:09:51
LOT-ARR-0116,Arroz,Distribuciones Cáceres S.Coop.,7563.6,4070.72,3.37,2023-08-19 04:09:51,expired,fae405e9-5b4e-43a9-83f7-260aa7c265e6,2023-07-16 04:09:51
LOT-ARR-0117,Arroz,Construcción Iberia S.A.,7940.61,4008.06,3.51,2023-08-22 04:09:51,expired,12e43293-913a-4078-998d-6aa7970086a5,2023-07-16 04:09:51
LOT-ARR-0118,Arroz,Vallés & Asociados S.Com.,5180.9,4699.39,3.81,2023-08-18 04:09:51,completed,91b887de-f920-4f25-aa0b-5e71502435fc,2023-07-16 04:09:51
LOT-ARR-0119,Arroz,Supermercados Vicens S.C.P,12037.6,11076.69,3.65,2023-08-30 04:09:51,completed,12e43293-913a-4078-998d-6aa7970086a5,2023-07-16 04:09:51
LOT-ARR-0120,Arroz,Promociones Iberia S.Com.,23013.05,21214.22,3.75,2023-09-29 04:09:51,completed,4ed21bf4-a3b5-4f5d-be5a-57bc7c6971ab,2023-08-15 04:09:51
LOT-ARR-0121,Arroz,Grupo Belda S.L.,21976.47,20891.58,3.74,2023-09-12 04:09:51,completed,fae405e9-5b4e-43a9-83f7-260aa7c265e6,2023-08-15 04:09:51
LOT-ARR-0122,Arroz,Comercial Juárez S.A.,19216.92,18913.51,3.96,2023-09-18 04:09:51,completed,4ed21bf4-a3b5-4f5d-be5a-57bc7c6971ab,2023-08-15 04:09:51
LOT-ARR-0123,Arroz,Fábrica Avanzadas S.A.,18189.44,16506.24,3.98,2023-09-26 04:09:51,completed,4ed21bf4-a3b5-4f5d-be5a-57bc7c6971ab,2023-08-15 04:09:51
LOT-ARR-0124,Arroz,Salcedo & Asociados S.C.P,18009.92,17111.56,3.49,2023-09-03 04:09:51,completed,12e43293-913a-4078-998d-6aa7970086a5,2023-08-15 04:09:51
LOT-ARR-0125,Arroz,Crespi y asociados S.L.N.E,19194.65,18944.81,4.01,2023-10-07 04:09:51,completed,fae405e9-5b4e-43a9-83f7-260aa7c265e6,2023-09-14 04:09:51
LOT-ARR-0126,Arroz,Instalaciones Quevedo S.A.,19826.02,9226.49,3.89,2023-09-29 04:09:51,expired,91b887de-f920-4f25-aa0b-5e71502435fc,2023-09-14 04:09:51
LOT-ARR-0127,Arroz,Garrido y asociados S.L.N.E,13983.45,13781.86,4.16,2023-10-08 04:09:51,completed,4ed21bf4-a3b5-4f5d-be5a-57bc7c6971ab,2023-09-14 04:09:51
LOT-ARR-0128,Arroz,Inmobiliaria Españolas S.A.,20873.39,19730.86,4.2,2023-10-29 04:09:51,completed,12e43293-913a-4078-998d-6aa7970086a5,2023-09-14 04:09:51
LOT-ARR-0129,Arroz,Ruperta Baena Pozuelo S.L.L.,5103.38,2409.14,3.82,2023-10-02 04:09:51,expired,12e43293-913a-4078-998d-6aa7970086a5,2023-09-14 04:09:51
LOT-ARR-0130,Arroz,Despacho Española S.Com.,5228.18,5080.35,4.27,2023-10-07 04:09:51,completed,664ca3d9-b4cc-4644-b4bc-d65ed5ce51e1,2023-09-14 04:09:51
LOT-ARR-0131,Arroz,Comercializadora Avanzadas S.A.,7229.23,6838.73,4.0,2023-10-08 04:09:51,completed,91b887de-f920-4f25-aa0b-5e71502435fc,2023-09-14 04:09:51
LOT-ARR-0132,Arroz,Inmobiliaria Jimenez S.L.,18619.15,17278.48,4.09,2023-11-12 04:09:51,completed,fae405e9-5b4e-43a9-83f7-260aa7c265e6,2023-10-14 04:09:51
LOT-ARR-0133,Arroz,Anna Roca Hoz S.A.,12583.87,11475.29,3.94,2023-11-17 04:09:51,completed,91b887de-f920-4f25-aa0b-5e71502435fc,2023-10-14 04:09:51
LOT-ARR-0134,Arroz,Andres y Carpio S.Coop.,2825.97,2664.44,4.38,2023-11-24 04:09:51,completed,664ca3d9-b4cc-4644-b4bc-d65ed5ce51e1,2023-10-14 04:09:51
LOT-ARR-0135,Arroz,Feijoo y Cárdenas S.L.N.E,13627.14,12544.28,4.21,2023-10-29 04:09:51,completed,12e43293-913a-4078-998d-6aa7970086a5,2023-10-14 04:09:51
LOT-ARR-0136,Arroz,Ulises Alvarez Benet S.Coop.,6149.35,5905.0,4.47,2023-11-18 04:09:51,completed,664ca3d9-b4cc-4644-b4bc-d65ed5ce51e1,2023-10-14 04:09:51
LOT-ARR-0137,Arroz,Gordillo & Asociados S.A.,13747.1,13264.38,3.93,2023-11-13 04:09:51,completed,4ed21bf4-a3b5-4f5d-be5a-57bc7c6971ab,2023-10-14 04:09:51
LOT-ARR-0138,Arroz,Alimentación Machado & Asociados S.Com.,18780.93,6869.62,4.2,2023-12-20 04:09:51,expired,fae405e9-5b4e-43a9-83f7-260aa7c265e6,2023-11-13 04:09:51
LOT-ARR-0139,Arroz,Desarrollo del Mediterráneo S.L.,4303.45,4166.32,4.27,2023-12-22 04:09:51,completed,664ca3d9-b4cc-4644-b4bc-d65ed5ce51e1,2023-11-13 04:09:51
LOT-ARR-0140,Arroz,Sandalio Zurita Manzano S.Com.,3716.9,3671.68,4.06,2023-12-12 04:09:51,completed,91b887de-f920-4f25-aa0b-5e71502435fc,2023-11-13 04:09:51
LOT-ARR-0141,Arroz,Construcción LJ S.L.,18247.62,17644.29,4.15,2023-12-19 04:09:51,completed,fae405e9-5b4e-43a9-83f7-260aa7c265e6,2023-11-13 04:09:51
LOT-ARR-0142,Arroz,Hotel Fonseca & Asociados S.Coop.,3586.37,3420.52,4.28,2023-12-16 04:09:51,completed,fae405e9-5b4e-43a9-83f7-260aa7c265e6,2023-11-13 04:09:51
LOT-ARR-0143,Arroz,Vall & Asociados S.L.U.,14691.66,9354.3,4.49,2023-12-01 04:09:51,expired,12e43293-913a-4078-998d-6aa7970086a5,2023-11-13 04:09:51
LOT-ARR-0144,Arroz,Tecnologías GN S.A.,11769.3,11690.24,4.64,2023-11-28 04:09:51,completed,91b887de-f920-4f25-aa0b-5e71502435fc,2023-11-13 04:09:51
LOT-ARR-0145,Arroz,Morell & Asociados S.Coop.,22691.82,21383.36,4.18,2023-12-05 04:09:51,completed,fae405e9-5b4e-43a9-83f7-260aa7c265e6,2023-11-13 04:09:51
LOT-ARR-0146,Arroz,Molins y Pozo S.A.,10772.02,10322.45,4.47,2023-12-03 04:09:51,completed,12e43293-913a-4078-998d-6aa7970086a5,2023-11-13 04:09:51
LOT-ARR-0147,Arroz,Restauración IXZ S.Com.,10693.32,10358.23,4.56,2023-12-07 04:09:51,completed,91b887de-f920-4f25-aa0b-5e71502435fc,2023-11-13 04:09:51
LOT-ARR-0148,Arroz,Transportes del Norte S.C.P,12015.27,11652.85,4.42,2024-01-22 04:09:51,completed,664ca3d9-b4cc-4644-b4bc-d65ed5ce51e1,2023-12-13 04:09:51
LOT-ARR-0149,Arroz,Comercializadora del Mediterráneo S.Coop.,7621.0,7576.84,4.96,2024-01-02 04:09:51,completed,12e43293-913a-4078-998d-6aa7970086a5,2023-12-13 04:09:51
LOT-ARR-0150,Arroz,Comercial DJZS S.Com.,11929.96,11861.22,4.6,2024-01-26 04:09:51,completed,4ed21bf4-a3b5-4f5d-be5a-57bc7c6971ab,2023-12-13 04:09:51
LOT-ARR-0151,Arroz,Yésica Huertas Bou S.Coop.,2859.24,2852.75,5.1,2024-01-01 04:09:51,completed,12e43293-913a-4078-998d-6aa7970086a5,2023-12-13 04:09:51
LOT-ARR-0152,Arroz,Magdalena Pino Aguilera S.Coop.,7143.42,6553.6,4.42,2024-01-02 04:09:51,completed,91b887de-f920-4f25-aa0b-5e71502435fc,2023-12-13 04:09:51
LOT-ARR-0153,Arroz,Girona y asociados S.A.,16377.35,15823.59,5.0,2024-01-14 04:09:51,completed,664ca3d9-b4cc-4644-b4bc-d65ed5ce51e1,2023-12-13 04:09:51
LOT-ARR-0154,Arroz,Familia Mendizábal S.A.U,13222.28,12388.92,5.02,2024-01-04 04:09:51,completed,91b887de-f920-4f25-aa0b-5e71502435fc,2023-12-13 04:09:51
LOT-ARR-0155,Arroz,Inversiones KBIU S.A.,7041.04,6598.06,4.65,2024-01-06 04:09:51,completed,fae405e9-5b4e-43a9-83f7-260aa7c265e6,2023-12-13 04:09:51
LOT-ARR-0156,Arroz,Infraestructuras Castellana S.Com.,9791.36,9657.62,4.41,2024-01-19 04:09:51,completed,fae405e9-5b4e-43a9-83f7-260aa7c265e6,2023-12-13 04:09:51
LOT-ARR-0157,Arroz,Castellanos y asociados S.L.N.E,7436.38,7099.05,4.7,2024-02-17 04:09:51,completed,4ed21bf4-a3b5-4f5d-be5a-57bc7c6971ab,2024-01-12 04:09:51
LOT-ARR-0158,Arroz,Blazquez y Barberá S.Coop.,18834.06,18794.9,4.67,2024-02-05 04:09:51,completed,fae405e9-5b4e-43a9-83f7-260aa7c265e6,2024-01-12 04:09:51
LOT-ARR-0159,Arroz,Natanael Romero Goicoechea S.A.,4504.35,4441.55,4.35,2024-02-14 04:09:51,completed,664ca3d9-b4cc-4644-b4bc-d65ed5ce51e1,2024-01-12 04:09:51
LOT-ARR-0160,Arroz,Consultoría del Sur S.L.L.,6175.01,6001.25,4.56,2024-02-14 04:09:51,completed,fae405e9-5b4e-43a9-83f7-260aa7c265e6,2024-01-12 04:09:51
LOT-ARR-0161,Arroz,Servicios UW S.A.T.,2755.81,2576.66,4.96,2024-02-20 04:09:51,completed,91b887de-f920-4f25-aa0b-5e71502435fc,2024-01-12 04:09:51
LOT-ARR-0162,Arroz,Maura Esparza Valbuena S.Com.,18821.78,17306.04,4.27,2024-02-03 04:09:51,completed,664ca3d9-b4cc-4644-b4bc-d65ed5ce51e1,2024-01-12 04:09:51
LOT-ARR-0163,Arroz,Rocamora & Asociados S.L.L.,4385.78,4234.23,4.26,2024-02-14 04:09:51,completed,4ed21bf4-a3b5-4f5d-be5a-57bc7c6971ab,2024-01-12 04:09:51
LOT-ARR-0164,Arroz,Nydia Sacristán Tovar S.Coop.,14181.65,13354.85,4.86,2024-01-30 04:09:51,completed,fae405e9-5b4e-43a9-83f7-260aa7c265e6,2024-01-12 04:09:51
LOT-ARR-0165,Arroz,Minería Ibérica S.A.U,15408.24,13892.41,4.48,2024-01-31 04:09:51,completed,664ca3d9-b4cc-4644-b4bc-d65ed5ce51e1,2024-01-12 04:09:51
LOT-ARR-0166,Arroz,Inversiones NIT S.L.,24971.38,22771.33,4.58,2024-03-06 04:09:51,completed,4ed21bf4-a3b5-4f5d-be5a-57bc7c6971ab,2024-02-11 04:09:51
LOT-ARR-0167,Arroz,Medina y Milla S.Com.,3527.87,3294.02,4.87,2024-03-07 04:09:51,completed,12e43293-913a-4078-998d-6aa7970086a5,2024-02-11 04:09:51
LOT-ARR-0168,Arroz,Sabater y Carrión S.Coop.,22389.79,21579.62,5.11,2024-02-28 04:09:51,completed,fae405e9-5b4e-43a9-83f7-260aa7c265e6,2024-02-11 04:09:51
LOT-ARR-0169,Arroz,Compañía Globales S.L.,4558.33,1756.12,4.62,2024-03-17 04:09:51,expired,fae405e9-5b4e-43a9-83f7-260aa7c265e6,2024-02-11 04:09:51
LOT-ARR-0170,Arroz,Jose Manuel Casado Gargallo S.C.P,13174.81,12394.4,4.86,2024-03-03 04:09:51,completed,91b887de-f920-4f25-aa0b-5e71502435fc,2024-02-11 04:09:51
LOT-ARR-0171,Arroz,Desarrollo Peralta & Asociados S.Com.,14329.15,13649.96,4.81,2024-03-08 04:09:51,completed,91b887de-f920-4f25-aa0b-5e71502435fc,2024-02-11 04:09:51
LOT-ARR-0172,Arroz,Ariadna Valle Daza S.A.T.,5788.84,5744.57,4.95,2024-02-26 04:09:51,completed,fae405e9-5b4e-43a9-83f7-260aa7c265e6,2024-02-11 04:09:51
LOT-ARR-0173,Arroz,Banco Tovar y asociados S.A.,23386.2,22006.39,4.65,2024-03-11 04:09:51,completed,664ca3d9-b4cc-4644-b4bc-d65ed5ce51e1,2024-02-11 04:09:51
LOT-ARR-0174,Arroz,Melero y asociados S.L.,12687.16,11603.56,4.51,2024-04-03 04:09:51,completed,91b887de-f920-4f25-aa0b-5e71502435fc,2024-03-12 04:09:51
LOT-ARR-0175,Arroz,Fábrica Carlos & Asociados S.A.,9625.87,9391.14,4.42,2024-04-07 04:09:51,completed,fae405e9-5b4e-43a9-83f7-260aa7c265e6,2024-03-12 04:09:51
LOT-ARR-0176,Arroz,Manufacturas ITIN S.L.N.E,11619.86,11502.4,4.49,2024-03-28 04:09:51,completed,12e43293-913a-4078-998d-6aa7970086a5,2024-03-12 04:09:51
LOT-ARR-0177,Arroz,Torres y asociados S.Coop.,8934.08,8112.16,4.09,2024-04-18 04:09:51,completed,12e43293-913a-4078-998d-6aa7970086a5,2024-03-12 04:09:51
LOT-ARR-0178,Arroz,Antón & Asociados S.A.,7097.33,6867.14,4.19,2024-04-05 04:09:51,completed,664ca3d9-b4cc-4644-b4bc-d65ed5ce51e1,2024-03-12 04:09:51
LOT-ARR-0179,Arroz,Fábrica Cuervo & Asociados S.Com.,4281.8,3913.07,3.33,2024-04-30 04:09:51,completed,4ed21bf4-a3b5-4f5d-be5a-57bc7c6971ab,2024-04-11 04:09:51
LOT-ARR-0180,Arroz,Promociones SICJ S.L.L.,15486.5,15146.16,3.45,2024-05-22 04:09:51,completed,664ca3d9-b4cc-4644-b4bc-d65ed5ce51e1,2024-04-11 04:09:51
LOT-ARR-0181,Arroz,Fabiola Iniesta Vall S.L.N.E,4443.59,4165.27,3.3,2024-05-03 04:09:51,completed,fae405e9-5b4e-43a9-83f7-260aa7c265e6,2024-04-11 04:09:51
LOT-ARR-0182,Arroz,Familia Mascaró S.Coop.,16433.07,9473.76,3.43,2024-05-05 04:09:51,expired,664ca3d9-b4cc-4644-b4bc-d65ed5ce51e1,2024-04-11 04:09:51
LOT-ARR-0183,Arroz,Chucho Valero Fernández S.A.,3990.43,3809.84,3.56,2024-05-09 04:09:51,completed,4ed21bf4-a3b5-4f5d-be5a-57bc7c6971ab,2024-04-11 04:09:51
LOT-ARR-0184,Arroz,Manuela Mulet Cabanillas S.L.,23329.3,22111.1,3.01,2024-06-08 04:09:51,completed,12e43293-913a-4078-998d-6aa7970086a5,2024-05-11 04:09:51
LOT-ARR-0185,Arroz,Juan y Catalá S.Coop.,21094.1,20571.68,3.4,2024-06-13 04:09:51,completed,12e43293-913a-4078-998d-6aa7970086a5,2024-05-11 04:09:51
LOT-ARR-0186,Arroz,Inmobiliaria TY S.A.T.,20433.29,18536.22,3.25,2024-06-05 04:09:51,completed,12e43293-913a-4078-998d-6aa7970086a5,2024-05-11 04:09:51
LOT-ARR-0187,Arroz,Finanzas Ibañez S.A.T.,5787.79,5618.88,3.42,2024-06-21 04:09:51,completed,4ed21bf4-a3b5-4f5d-be5a-57bc7c6971ab,2024-05-11 04:09:51
LOT-ARR-0188,Arroz,Banco Internacionales S.L.,4981.12,4748.92,3.29,2024-06-05 04:09:51,completed,4ed21bf4-a3b5-4f5d-be5a-57bc7c6971ab,2024-05-11 04:09:51
LOT-ARR-0189,Arroz,Alimentación Enríquez S.L.L.,7920.21,1867.15,3.45,2024-06-13 04:09:51,expired,4ed21bf4-a3b5-4f5d-be5a-57bc7c6971ab,2024-05-11 04:09:51
LOT-ARR-0190,Arroz,Áurea Ferreras Pina S.Com.,3194.61,3070.33,3.01,2024-05-30 04:09:51,completed,4ed21bf4-a3b5-4f5d-be5a-57bc7c6971ab,2024-05-11 04:09:51
LOT-ARR-0191,Arroz,Osvaldo Montserrat Saavedra S.L.N.E,17430.75,10387.44,3.44,2024-06-08 04:09:51,expired,12e43293-913a-4078-998d-6aa7970086a5,2024-05-11 04:09:51
LOT-ARR-0192,Arroz,Armas y Barón S.Com.,20899.24,11553.52,3.43,2024-06-11 04:09:51,expired,664ca3d9-b4cc-4644-b4bc-d65ed5ce51e1,2024-05-11 04:09:51
LOT-ARR-0193,Arroz,Tamayo y Ferrero S.Coop.,8015.67,5169.85,3.28,2024-07-24 04:09:51,expired,12e43293-913a-4078-998d-6aa7970086a5,2024-06-10 04:09:51
LOT-ARR-0194,Arroz,Lucila Feijoo Anguita S.A.,3413.02,3203.11,3.21,2024-07-11 04:09:51,completed,664ca3d9-b4cc-4644-b4bc-d65ed5ce51e1,2024-06-10 04:09:51
LOT-ARR-0195,Arroz,Antúnez y asociados S.L.N.E,9353.53,9002.27,3.35,2024-06-25 04:09:51,completed,4ed21bf4-a3b5-4f5d-be5a-57bc7c6971ab,2024-06-10 04:09:51
LOT-ARR-0196,Arroz,Familia Bayona S.A.,12810.52,12271.38,3.53,2024-07-17 04:09:51,completed,91b887de-f920-4f25-aa0b-5e71502435fc,2024-06-10 04:09:51
LOT-ARR-0197,Arroz,Instalaciones Hernando S.Com.,12113.83,11344.29,3.16,2024-07-02 04:09:51,completed,12e43293-913a-4078-998d-6aa7970086a5,2024-06-10 04:09:51
LOT-ARR-0198,Arroz,Amparo Peral Blazquez S.L.L.,22120.12,20143.68,3.61,2024-08-01 04:09:51,completed,4ed21bf4-a3b5-4f5d-be5a-57bc7c6971ab,2024-07-10 04:09:51
LOT-ARR-0199,Arroz,Fábrica Jove & Asociados S.A.T.,6981.95,6799.62,3.79,2024-08-09 04:09:51,completed,fae405e9-5b4e-43a9-83f7-260aa7c265e6,2024-07-10 04:09:51
LOT-ARR-0200,Arroz,Fiol y asociados S.L.,6606.69,6004.32,3.8,2024-07-27 04:09:51,completed,664ca3d9-b4cc-4644-b4bc-d65ed5ce51e1,2024-07-10 04:09:51
LOT-ARR-0201,Arroz,Dávila & Asociados S.Coop.,3008.69,824.93,3.63,2024-07-25 04:09:51,expired,4ed21bf4-a3b5-4f5d-be5a-57bc7c6971ab,2024-07-10 04:09:51
LOT-ARR-0202,Arroz,Suministros Reina & Asociados S.L.,23675.46,23242.88,3.95,2024-08-07 04:09:51,completed,fae405e9-5b4e-43a9-83f7-260aa7c265e6,2024-07-10 04:09:51
LOT-ARR-0203,Arroz,Curro León Peinado S.A.D,2554.02,2509.04,4.07,2024-09-08 04:09:51,completed,4ed21bf4-a3b5-4f5d-be5a-57bc7c6971ab,2024-08-09 04:09:51
LOT-ARR-0204,Arroz,Felipa Vera Iriarte S.L.L.,14114.73,13689.9,4.21,2024-09-01 04:09:51,completed,4ed21bf4-a3b5-4f5d-be5a-57bc7c6971ab,2024-08-09 04:09:51
LOT-ARR-0205,Arroz,Maestre y Gomez S.L.L.,19935.63,11500.08,4.15,2024-09-20 04:09:51,expired,4ed21bf4-a3b5-4f5d-be5a-57bc7c6971ab,2024-08-09 04:09:51
LOT-ARR-0206,Arroz,Guzman & Asociados S.L.,2661.98,2525.1,4.05,2024-09-08 04:09:51,completed,4ed21bf4-a3b5-4f5d-be5a-57bc7c6971ab,2024-08-09 04:09:51
LOT-ARR-0207,Arroz,Hnos Franco S.Com.,23085.86,10700.53,3.97,2024-09-12 04:09:51,expired,4ed21bf4-a3b5-4f5d-be5a-57bc7c6971ab,2024-08-09 04:09:51
LOT-ARR-0208,Arroz,Comercializadora Bustamante S.Coop.,3609.33,3590.93,4.11,2024-09-04 04:09:51,completed,fae405e9-5b4e-43a9-83f7-260aa7c265e6,2024-08-09 04:09:51
LOT-ARR-0209,Arroz,Porras y asociados S.Coop.,2383.19,2174.3,3.68,2024-09-16 04:09:51,completed,12e43293-913a-4078-998d-6aa7970086a5,2024-08-09 04:09:51
LOT-ARR-0210,Arroz,Construcción TCMV S.C.P,16695.59,15462.92,3.6,2024-08-29 04:09:51,completed,fae405e9-5b4e-43a9-83f7-260aa7c265e6,2024-08-09 04:09:51
LOT-ARR-0211,Arroz,Perea y asociados S.A.T.,7034.01,6598.47,4.01,2024-10-06 04:09:51,completed,91b887de-f920-4f25-aa0b-5e71502435fc,2024-09-08 04:09:51
LOT-ARR-0212,Arroz,Feliu & Asociados S.A.D,17108.41,16888.17,4.22,2024-10-16 04:09:51,completed,fae405e9-5b4e-43a9-83f7-260aa7c265e6,2024-09-08 04:09:51
LOT-ARR-0213,Arroz,Minería Inteligentes S.A.T.,21424.34,20971.14,4.18,2024-10-04 04:09:51,completed,4ed21bf4-a3b5-4f5d-be5a-57bc7c6971ab,2024-09-08 04:09:51
LOT-ARR-0214,Arroz,Francisco Javier Elías Cortés S.Com.,6823.51,6761.32,3.94,2024-10-12 04:09:51,completed,664ca3d9-b4cc-4644-b4bc-d65ed5ce51e1,2024-09-08 04:09:51
LOT-ARR-0215,Arroz,Compañía Nadal S.C.P,5426.7,5375.75,4.08,2024-10-18 04:09:51,completed,664ca3d9-b4cc-4644-b4bc-d65ed5ce51e1,2024-09-08 04:09:51
LOT-ARR-0216,Arroz,Finanzas MSQ S.L.,23954.88,23899.3,3.96,2024-10-18 04:09:51,completed,91b887de-f920-4f25-aa0b-5e71502435fc,2024-09-08 04:09:51
LOT-ARR-0217,Arroz,Supermercados Luz & Asociados S.Coop.,11611.22,10575.09,4.33,2024-11-06 04:09:51,completed,12e43293-913a-4078-998d-6aa7970086a5,2024-10-08 04:09:51
LOT-ARR-0218,Arroz,Vito Granados Barros S.L.,14091.54,13305.34,4.35,2024-10-28 04:09:51,completed,4ed21bf4-a3b5-4f5d-be5a-57bc7c6971ab,2024-10-08 04:09:51
LOT-ARR-0219,Arroz,Cruz y Portero S.A.,2464.09,1214.5,4.58,2024-11-22 04:09:51,expired,4ed21bf4-a3b5-4f5d-be5a-57bc7c6971ab,2024-10-08 04:09:51
LOT-ARR-0220,Arroz,Amores y asociados S.Coop.,10493.84,9828.81,4.56,2024-11-19 04:09:51,completed,12e43293-913a-4078-998d-6aa7970086a5,2024-10-08 04:09:51
LOT-ARR-0221,Arroz,Chaparro y Calderon S.Coop.,9375.94,8545.89,4.28,2024-11-13 04:09:51,completed,fae405e9-5b4e-43a9-83f7-260aa7c265e6,2024-10-08 04:09:51
LOT-ARR-0222,Arroz,Infraestructuras Río S.L.,7257.52,6962.65,4.43,2024-10-30 04:09:51,completed,fae405e9-5b4e-43a9-83f7-260aa7c265e6,2024-10-08 04:09:51
LOT-ARR-0223,Arroz,Tecnologías del Sur S.L.,13818.43,13325.76,4.31,2024-11-03 04:09:51,completed,91b887de-f920-4f25-aa0b-5e71502435fc,2024-10-08 04:09:51
LOT-ARR-0224,Arroz,Hotel Pintor y asociados S.A.,10677.53,10137.64,4.56,2024-11-11 04:09:51,completed,4ed21bf4-a3b5-4f5d-be5a-57bc7c6971ab,2024-10-08 04:09:51
LOT-ARR-0225,Arroz,Despacho Globales S.L.,8844.74,8089.57,4.04,2024-11-17 04:09:51,completed,fae405e9-5b4e-43a9-83f7-260aa7c265e6,2024-10-08 04:09:51
LOT-ARR-0226,Arroz,Octavia Morcillo Malo S.Coop.,14361.83,13857.03,4.47,2024-11-14 04:09:51,completed,fae405e9-5b4e-43a9-83f7-260aa7c265e6,2024-10-08 04:09:51
LOT-ARR-0227,Arroz,Farmaceútica Hurtado S.L.,4625.22,4565.72,4.38,2024-11-22 04:09:51,completed,91b887de-f920-4f25-aa0b-5e71502435fc,2024-11-07 04:09:51
LOT-ARR-0228,Arroz,Mesa y Villalba S.L.,7435.53,6778.47,4.53,2024-12-16 04:09:51,completed,91b887de-f920-4f25-aa0b-5e71502435fc,2024-11-07 04:09:51
LOT-ARR-0229,Arroz,Comercial Internacionales S.Com.,13367.5,12427.57,4.35,2024-12-13 04:09:51,completed,4ed21bf4-a3b5-4f5d-be5a-57bc7c6971ab,2024-11-07 04:09:51
LOT-ARR-0230,Arroz,Roig y asociados S.Coop.,15822.21,14567.84,4.92,2024-12-21 04:09:51,completed,fae405e9-5b4e-43a9-83f7-260aa7c265e6,2024-11-07 04:09:51
LOT-ARR-0231,Arroz,Adolfo Cámara Guijarro S.A.,11235.98,10972.51,4.37,2024-12-10 04:09:51,completed,12e43293-913a-4078-998d-6aa7970086a5,2024-11-07 04:09:51
LOT-ARR-0232,Arroz,Finanzas YMTS S.A.,4166.32,3963.65,4.6,2024-11-30 04:09:51,completed,fae405e9-5b4e-43a9-83f7-260aa7c265e6,2024-11-07 04:09:51
LOT-ARR-0233,Arroz,Calleja y Alberto S.Coop.,21503.59,20483.94,4.55,2024-12-15 04:09:51,completed,91b887de-f920-4f25-aa0b-5e71502435fc,2024-11-07 04:09:51
LOT-ARR-0234,Arroz,Hnos Gil S.Coop.,16532.38,16047.26,5.06,2025-01-04 04:09:51,completed,12e43293-913a-4078-998d-6aa7970086a5,2024-12-07 04:09:51
LOT-ARR-0235,Arroz,Compañía Iberia S.L.,4377.18,4034.85,4.99,2025-01-20 04:09:51,completed,91b887de-f920-4f25-aa0b-5e71502435fc,2024-12-07 04:09:51
LOT-ARR-0236,Arroz,Promociones NKOD S.Coop.,19243.91,18288.49,4.81,2025-01-01 04:09:51,completed,fae405e9-5b4e-43a9-83f7-260aa7c265e6,2024-12-07 04:09:51
LOT-ARR-0237,Arroz,Logística Cantón S.Coop.,9421.44,9175.59,5.21,2025-01-19 04:09:51,completed,664ca3d9-b4cc-4644-b4bc-d65ed5ce51e1,2024-12-07 04:09:51
LOT-ARR-0238,Arroz,Consultoría Ballester S.L.N.E,22284.37,21459.04,4.98,2025-01-20 04:09:51,completed,4ed21bf4-a3b5-4f5d-be5a-57bc7c6971ab,2024-12-07 04:09:51
LOT-ARR-0239,Arroz,Distribuciones Casas S.Com.,9191.44,8772.56,5.11,2025-02-10 04:09:51,completed,664ca3d9-b4cc-4644-b4bc-d65ed5ce51e1,2025-01-06 04:09:51
LOT-ARR-0240,Arroz,Amílcar Arias Esparza S.L.,24537.12,23586.77,4.74,2025-02-08 04:09:51,completed,664ca3d9-b4cc-4644-b4bc-d65ed5ce51e1,2025-01-06 04:09:51
LOT-ARR-0241,Arroz,Minería Atienza y asociados S.L.,21108.81,21087.96,4.52,2025-02-11 04:09:51,completed,91b887de-f920-4f25-aa0b-5e71502435fc,2025-01-06 04:09:51
LOT-ARR-0242,Arroz,Juan Antonio Paniagua Romero S.A.U,16789.1,15558.74,4.66,2025-02-13 04:09:51,completed,91b887de-f920-4f25-aa0b-5e71502435fc,2025-01-06 04:09:51
LOT-ARR-0243,Arroz,Baeza y asociados S.A.D,7329.39,6664.52,4.71,2025-01-23 04:09:51,completed,91b887de-f920-4f25-aa0b-5e71502435fc,2025-01-06 04:09:51
LOT-ARR-0244,Arroz,Construcción BZ S.L.,15903.68,15064.99,5.15,2025-01-24 04:09:51,completed,91b887de-f920-4f25-aa0b-5e71502435fc,2025-01-06 04:09:51
LOT-ARR-0245,Arroz,Industrias Medina S.C.P,21909.46,21699.8,4.61,2025-02-17 04:09:51,completed,fae405e9-5b4e-43a9-83f7-260aa7c265e6,2025-01-06 04:09:51
LOT-ARR-0246,Arroz,Manufacturas Daza y asociados S.Coop.,16836.29,15882.75,5.16,2025-03-06 04:09:51,completed,91b887de-f920-4f25-aa0b-5e71502435fc,2025-02-05 04:09:51
LOT-ARR-0247,Arroz,Fábrica KC S.Com.,13302.08,12933.88,4.86,2025-02-25 04:09:51,completed,12e43293-913a-4078-998d-6aa7970086a5,2025-02-05 04:09:51
LOT-ARR-0248,Arroz,Compañía BZLX S.L.,20294.31,19691.59,4.98,2025-03-10 04:09:51,completed,12e43293-913a-4078-998d-6aa7970086a5,2025-02-05 04:09:51
LOT-ARR-0249,Arroz,Valenciano & Asociados S.L.,21767.38,20016.99,5.33,2025-03-08 04:09:51,completed,664ca3d9-b4cc-4644-b4bc-d65ed5ce51e1,2025-02-05 04:09:51
LOT-ARR-0250,Arroz,Servicios Juliá & Asociados S.Coop.,10056.4,9947.32,4.93,2025-03-04 04:09:51,completed,664ca3d9-b4cc-4644-b4bc-d65ed5ce51e1,2025-02-05 04:09:51
LOT-ARR-0251,Arroz,Juan Gras Bermúdez S.A.,12615.67,12477.14,4.97,2025-03-04 04:09:51,completed,12e43293-913a-4078-998d-6aa7970086a5,2025-02-05 04:09:51
LOT-ARR-0252,Arroz,Hnos Botella S.L.L.,12711.81,11777.67,5.08,2025-02-24 04:09:51,completed,4ed21bf4-a3b5-4f5d-be5a-57bc7c6971ab,2025-02-05 04:09:51
LOT-ARR-0253,Arroz,Familia Tomás S.Coop.,17116.18,15713.15,4.92,2025-02-26 04:09:51,completed,12e43293-913a-4078-998d-6aa7970086a5,2025-02-05 04:09:51
LOT-ARR-0254,Arroz,Eloy Terrón Cantón S.L.,11241.24,10645.89,4.31,2025-04-04 04:09:51,completed,4ed21bf4-a3b5-4f5d-be5a-57bc7c6971ab,2025-03-07 04:09:51
LOT-ARR-0255,Arroz,Supermercados Cifuentes & Asociados S.L.,14305.69,13237.59,4.38,2025-04-02 04:09:51,completed,4ed21bf4-a3b5-4f5d-be5a-57bc7c6971ab,2025-03-07 04:09:51
LOT-ARR-0256,Arroz,Manu Quintana Osorio S.A.U,21035.12,19483.68,4.26,2025-03-25 04:09:51,completed,4ed21bf4-a3b5-4f5d-be5a-57bc7c6971ab,2025-03-07 04:09:51
LOT-ARR-0257,Arroz,Manufacturas Pastor S.Com.,23129.48,20836.57,4.31,2025-04-02 04:09:51,completed,91b887de-f920-4f25-aa0b-5e71502435fc,2025-03-07 04:09:51
LOT-ARR-0258,Arroz,Débora Coca Cabañas S.L.L.,24335.89,22780.84,4.66,2025-04-07 04:09:51,completed,4ed21bf4-a3b5-4f5d-be5a-57bc7c6971ab,2025-03-07 04:09:51
LOT-ARR-0259,Arroz,Compañía del Sur S.L.,12656.14,7783.85,4.88,2025-04-17 04:09:51,expired,91b887de-f920-4f25-aa0b-5e71502435fc,2025-03-07 04:09:51
LOT-ARR-0260,Arroz,Diez y asociados S.Com.,3928.49,3612.55,3.81,2025-04-22 04:09:51,completed,4ed21bf4-a3b5-4f5d-be5a-57bc7c6971ab,2025-04-06 04:09:51
LOT-ARR-0261,Arroz,Villalba y Rosell S.Coop.,15745.63,15137.65,3.36,2025-05-19 04:09:51,completed,91b887de-f920-4f25-aa0b-5e71502435fc,2025-04-06 04:09:51
LOT-ARR-0262,Arroz,Hernandez y Echevarría S.Coop.,20401.42,19212.84,3.37,2025-05-07 04:09:51,completed,12e43293-913a-4078-998d-6aa7970086a5,2025-04-06 04:09:51
LOT-ARR-0263,Arroz,Inversiones VNN S.Com.,15177.51,13665.65,3.83,2025-05-02 04:09:51,completed,91b887de-f920-4f25-aa0b-5e71502435fc,2025-04-06 04:09:51
LOT-ARR-0264,Arroz,Construcción GL S.C.P,14799.53,13837.04,3.84,2025-04-30 04:09:51,completed,664ca3d9-b4cc-4644-b4bc-d65ed5ce51e1,2025-04-06 04:09:51
LOT-ARR-0265,Arroz,Tecnologías Iberia S.L.,20013.04,6586.49,3.57,2025-06-20 04:09:51,expired,fae405e9-5b4e-43a9-83f7-260aa7c265e6,2025-05-06 04:09:51
LOT-ARR-0266,Arroz,Hotel Benavente S.A.,18036.91,17729.54,3.61,2025-05-23 04:09:51,completed,12e43293-913a-4078-998d-6aa7970086a5,2025-05-06 04:09:51
LOT-ARR-0267,Arroz,Familia Vargas S.L.,9084.91,2972.69,3.43,2025-06-15 04:09:51,expired,91b887de-f920-4f25-aa0b-5e71502435fc,2025-05-06 04:09:51
LOT-ARR-0268,Arroz,Comercial WY S.A.T.,10243.36,4428.96,3.17,2025-06-10 04:09:51,expired,4ed21bf4-a3b5-4f5d-be5a-57bc7c6971ab,2025-05-06 04:09:51
LOT-ARR-0269,Arroz,Ávila & Asociados S.Com.,19483.14,18013.08,3.17,2025-05-27 04:09:51,completed,4ed21bf4-a3b5-4f5d-be5a-57bc7c6971ab,2025-05-06 04:09:51
LOT-ARR-0270,Arroz,Hnos Zabaleta S.Com.,17724.62,16233.34,3.5,2025-06-06 04:09:51,completed,91b887de-f920-4f25-aa0b-5e71502435fc,2025-05-06 04:09:51
LOT-ARR-0271,Arroz,Hnos Colomer S.L.,15011.66,9020.61,3.23,2025-05-22 04:09:51,expired,4ed21bf4-a3b5-4f5d-be5a-57bc7c6971ab,2025-05-06 04:09:51
LOT-ARR-0272,Arroz,Hnos Luque S.Coop.,21285.62,20748.7,3.39,2025-07-01 04:09:51,completed,91b887de-f920-4f25-aa0b-5e71502435fc,2025-06-05 04:09:51
LOT-ARR-0273,Arroz,Reyes Morell Angulo S.L.U.,15187.87,14748.33,3.26,2025-07-16 04:09:51,completed,664ca3d9-b4cc-4644-b4bc-d65ed5ce51e1,2025-06-05 04:09:51
LOT-ARR-0274,Arroz,Desarrollo XL S.L.N.E,8637.14,8299.87,3.42,2025-07-16 04:09:51,completed,4ed21bf4-a3b5-4f5d-be5a-57bc7c6971ab,2025-06-05 04:09:51
LOT-ARR-0275,Arroz,Restauración Avanzadas S.Coop.,10722.41,4673.8,3.38,2025-07-01 04:09:51,expired,664ca3d9-b4cc-4644-b4bc-d65ed5ce51e1,2025-06-05 04:09:51
LOT-ARR-0276,Arroz,Reig y asociados S.L.,9952.81,9081.93,3.75,2025-07-21 04:09:51,completed,4ed21bf4-a3b5-4f5d-be5a-57bc7c6971ab,2025-07-05 04:09:51
LOT-ARR-0277,Arroz,Talleres Farré S.Coop.,17967.39,17864.23,3.82,2025-08-03 04:09:51,completed,91b887de-f920-4f25-aa0b-5e71502435fc,2025-07-05 04:09:51
LOT-ARR-0278,Arroz,Despacho Iberia S.L.N.E,8932.47,2214.21,3.83,2025-08-02 04:09:51,expired,fae405e9-5b4e-43a9-83f7-260aa7c265e6,2025-07-05 04:09:51
LOT-ARR-0279,Arroz,Girón y asociados S.A.,19863.98,19350.82,3.78,2025-08-09 04:09:51,completed,664ca3d9-b4cc-4644-b4bc-d65ed5ce51e1,2025-07-05 04:09:51
LOT-ARR-0280,Arroz,Banco Mendez & Asociados S.L.,2718.52,2565.82,4.29,2025-08-20 04:09:51,completed,fae405e9-5b4e-43a9-83f7-260aa7c265e6,2025-08-04 04:09:51
LOT-ARR-0281,Arroz,Transportes Castellana S.L.L.,3329.24,3067.69,3.82,2025-09-12 04:09:51,completed,4ed21bf4-a3b5-4f5d-be5a-57bc7c6971ab,2025-08-04 04:09:51
LOT-ARR-0282,Arroz,Distribuciones QZNX S.L.N.E,13035.03,12307.2,4.24,2025-09-14 04:09:51,completed,4ed21bf4-a3b5-4f5d-be5a-57bc7c6971ab,2025-08-04 04:09:51
LOT-ARR-0283,Arroz,Inversiones Ibérica S.A.T.,22629.32,20964.74,4.04,2025-09-12 04:09:51,completed,4ed21bf4-a3b5-4f5d-be5a-57bc7c6971ab,2025-08-04 04:09:51
LOT-ARR-0284,Arroz,Alimentación Inteligentes S.L.L.,21934.96,19978.81,4.26,2025-09-03 04:09:51,completed,91b887de-f920-4f25-aa0b-5e71502435fc,2025-08-04 04:09:51
LOT-ARR-0285,Arroz,Despacho BQQU S.Coop.,10620.05,10539.9,4.27,2025-08-22 04:09:51,completed,91b887de-f920-4f25-aa0b-5e71502435fc,2025-08-04 04:09:51
LOT-ARR-0286,Arroz,Soluciones Quintero y asociados S.L.,3332.59,3179.25,4.09,2025-09-10 04:09:51,completed,91b887de-f920-4f25-aa0b-5e71502435fc,2025-08-04 04:09:51
LOT-ARR-0287,Arroz,Consultoría UJ S.Com.,8140.15,7476.39,3.77,2025-08-24 04:09:51,completed,91b887de-f920-4f25-aa0b-5e71502435fc,2025-08-04 04:09:51
LOT-ARR-0288,Arroz,Suministros BXTL S.Com.,10675.98,10124.23,4.22,2025-09-08 04:09:51,completed,fae405e9-5b4e-43a9-83f7-260aa7c265e6,2025-08-04 04:09:51
LOT-ARR-0289,Arroz,Instalaciones Cuéllar S.Coop.,13523.09,12476.66,4.5,2025-10-14 04:09:51,completed,12e43293-913a-4078-998d-6aa7970086a5,2025-09-03 04:09:51
LOT-ARR-0290,Arroz,Cantero y Zamora S.L.N.E,17701.57,17459.73,4.03,2025-10-05 04:09:51,completed,91b887de-f920-4f25-aa0b-5e71502435fc,2025-09-03 04:09:51
LOT-ARR-0291,Arroz,Vega & Asociados S.A.,3540.65,1972.23,4.12,2025-10-12 04:09:51,expired,664ca3d9-b4cc-4644-b4bc-d65ed5ce51e1,2025-09-03 04:09:51
LOT-ARR-0292,Arroz,Guiomar Camps Calzada S.A.,7333.82,6769.69,4.47,2025-10-04 04:09:51,completed,664ca3d9-b4cc-4644-b4bc-d65ed5ce51e1,2025-09-03 04:09:51
LOT-ARR-0293,Arroz,Minería AJK S.Com.,3874.21,3521.05,4.19,2025-11-16 04:09:51,completed,91b887de-f920-4f25-aa0b-5e71502435fc,2025-10-03 04:09:51
LOT-ARR-0294,Arroz,Esteban & Asociados S.Coop.,21711.47,20290.23,4.66,2025-11-03 04:09:51,completed,fae405e9-5b4e-43a9-83f7-260aa7c265e6,2025-10-03 04:09:51
LOT-ARR-0295,Arroz,Restauración XBBE S.Com.,9589.07,9406.06,4.85,2025-11-11 04:09:51,completed,91b887de-f920-4f25-aa0b-5e71502435fc,2025-10-03 04:09:51
LOT-ARR-0296,Arroz,Transportes Avanzadas S.L.N.E,16698.21,15408.52,4.5,2025-10-23 04:09:51,completed,664ca3d9-b4cc-4644-b4bc-d65ed5ce51e1,2025-10-03 04:09:51
LOT-ARR-0297,Arroz,Consultoría SMEU S.L.N.E,18516.74,18205.57,4.37,2025-10-21 04:09:51,completed,4ed21bf4-a3b5-4f5d-be5a-57bc7c6971ab,2025-10-03 04:09:51
LOT-ARR-0298,Arroz,Hnos Salvà S.Com.,8668.39,8201.45,4.69,2025-11-03 04:09:51,completed,91b887de-f920-4f25-aa0b-5e71502435fc,2025-10-03 04:09:51
LOT-ARR-0299,Arroz,Industrias JP S.Com.,2776.71,2621.41,4.71,2025-11-01 04:09:51,completed,fae405e9-5b4e-43a9-83f7-260aa7c265e6,2025-10-03 04:09:51
LOT-ARR-0300,Arroz,Construcción UI S.Coop.,14411.7,4912.02,4.81,2025-10-23 04:09:51,expired,12e43293-913a-4078-998d-6aa7970086a5,2025-10-03 04:09:51
LOT-ARR-0301,Arroz,Hermanos Jaén S.L.,11173.01,10436.74,4.4,2025-11-04 04:09:51,completed,fae405e9-5b4e-43a9-83f7-260aa7c265e6,2025-10-03 04:09:51
LOT-ARR-0302,Arroz,Construcción Ávila y asociados S.L.N.E,10051.45,9852.6,4.6,2025-11-27 04:09:51,completed,12e43293-913a-4078-998d-6aa7970086a5,2025-11-02 04:09:51
LOT-ARR-0303,Arroz,Familia Galiano S.Coop.,5668.03,5569.61,5.04,2025-12-09 04:09:51,completed,4ed21bf4-a3b5-4f5d-be5a-57bc7c6971ab,2025-11-02 04:09:51
LOT-ARR-0304,Arroz,Goñi y asociados S.A.,14122.63,12922.3,4.6,2025-11-17 04:09:51,completed,12e43293-913a-4078-998d-6aa7970086a5,2025-11-02 04:09:51
LOT-ARR-0305,Arroz,Transportes Arce y asociados S.L.,21974.21,21698.31,4.57,2025-11-27 04:09:51,completed,4ed21bf4-a3b5-4f5d-be5a-57bc7c6971ab,2025-11-02 04:09:51
LOT-ARR-0306,Arroz,Rosell y Cárdenas S.L.,3274.25,3042.55,4.77,2025-12-04 04:09:51,completed,12e43293-913a-4078-998d-6aa7970086a5,2025-11-02 04:09:51
LOT-ARR-0307,Arroz,Suministros Gual S.L.L.,7269.76,7081.86,4.67,2025-12-04 04:09:51,completed,664ca3d9-b4cc-4644-b4bc-d65ed5ce51e1,2025-11-02 04:09:51
LOT-ARR-0308,Arroz,Hnos Tello S.Com.,22896.75,20784.12,5.45,2026-01-12 04:09:51,completed,12e43293-913a-4078-998d-6aa7970086a5,2025-12-02 04:09:51
LOT-ARR-0309,Arroz,Carreño y asociados S.L.L.,22282.98,20735.91,4.91,2026-01-06 04:09:51,completed,664ca3d9-b4cc-4644-b4bc-d65ed5ce51e1,2025-12-02 04:09:51
LOT-ARR-0310,Arroz,Fábrica Avanzadas S.A.,16887.3,15993.8,5.22,2026-01-13 04:09:51,completed,fae405e9-5b4e-43a9-83f7-260aa7c265e6,2025-12-02 04:09:51
LOT-ARR-0311,Arroz,Palma y Expósito S.A.T.,18077.04,16499.72,5.1,2026-01-14 04:09:51,completed,12e43293-913a-4078-998d-6aa7970086a5,2025-12-02 04:09:51
LOT-ARR-0312,Arroz,Suministros CD S.L.,24080.04,23569.44,4.97,2026-01-14 04:09:51,completed,4ed21bf4-a3b5-4f5d-be5a-57bc7c6971ab,2025-12-02 04:09:51
LOT-ARR-0313,Arroz,Farmaceútica Miranda y asociados S.Coop.,20425.93,19685.23,4.83,2026-01-12 04:09:51,completed,664ca3d9-b4cc-4644-b4bc-d65ed5ce51e1,2025-12-02 04:09:51
LOT-ARR-0314,Arroz,Cueto y Garcia S.A.,5349.93,5209.52,5.11,2025-12-27 04:09:51,completed,664ca3d9-b4cc-4644-b4bc-d65ed5ce51e1,2025-12-02 04:09:51
LOT-ARR-0315,Arroz,Construcción SP S.L.,9347.69,8964.4,4.87,2025-12-22 04:09:51,completed,664ca3d9-b4cc-4644-b4bc-d65ed5ce51e1,2025-12-02 04:09:51
LOT-ARR-0316,Arroz,Instalaciones Martorell y asociados S.L.,16468.64,15119.51,5.39,2025-12-24 04:09:51,completed,fae405e9-5b4e-43a9-83f7-260aa7c265e6,2025-12-02 04:09:51
LOT-ARR-0317,Arroz,Transportes Quiroga y asociados S.A.,18300.14,17447.94,4.89,2026-01-31 04:09:51,completed,4ed21bf4-a3b5-4f5d-be5a-57bc7c6971ab,2026-01-01 04:09:51
LOT-ARR-0318,Arroz,Cayetana Casal Agullo S.L.,20912.8,20710.82,5.18,2026-01-27 04:09:51,completed,12e43293-913a-4078-998d-6aa7970086a5,2026-01-01 04:09:51
LOT-ARR-0319,Arroz,Farmaceútica Ibérica S.A.,19134.55,18505.7,4.7,2026-02-12 04:09:51,completed,91b887de-f920-4f25-aa0b-5e71502435fc,2026-01-01 04:09:51
LOT-ARR-0320,Arroz,Hnos Tello S.A.,22996.79,22060.5,5.0,2026-01-19 04:09:51,completed,4ed21bf4-a3b5-4f5d-be5a-57bc7c6971ab,2026-01-01 04:09:51
LOT-ARR-0321,Arroz,Alimentación NAKG S.L.,14817.17,13751.88,5.03,2026-02-13 04:09:51,completed,fae405e9-5b4e-43a9-83f7-260aa7c265e6,2026-01-01 04:09:51
LOT-ARR-0322,Arroz,Banco QO S.Coop.,14131.17,14033.61,5.14,2026-01-17 04:09:51,completed,664ca3d9-b4cc-4644-b4bc-d65ed5ce51e1,2026-01-01 04:09:51
LOT-ARR-0323,Arroz,Consultoría NNWJ S.L.,19449.26,17570.99,4.9,2026-01-31 04:09:51,completed,12e43293-913a-4078-998d-6aa7970086a5,2026-01-01 04:09:51
LOT-ARR-0324,Arroz,Mayoral y Barón S.C.P,2812.33,2734.49,4.96,2026-03-01 04:09:51,completed,664ca3d9-b4cc-4644-b4bc-d65ed5ce51e1,2026-01-31 04:09:51
LOT-ARR-0325,Arroz,Somoza y Barrena S.Coop.,20883.62,20729.35,4.78,2026-02-17 04:09:51,completed,91b887de-f920-4f25-aa0b-5e71502435fc,2026-01-31 04:09:51
LOT-ARR-0326,Arroz,Instalaciones Mora S.C.P,10038.27,9366.99,5.28,2026-03-12 04:09:51,completed,12e43293-913a-4078-998d-6aa7970086a5,2026-01-31 04:09:51
LOT-ARR-0327,Arroz,Hnos Prieto S.L.N.E,8040.29,8004.35,4.66,2026-02-24 04:09:51,completed,664ca3d9-b4cc-4644-b4bc-d65ed5ce51e1,2026-01-31 04:09:51
LOT-ARR-0328,Arroz,Minería SQTA S.L.,7054.46,6758.36,5.15,2026-02-24 04:09:51,completed,12e43293-913a-4078-998d-6aa7970086a5,2026-01-31 04:09:51
LOT-ARR-0329,Arroz,Roda & Asociados S.Coop.,11297.07,10209.56,4.61,2026-02-22 04:09:51,completed,664ca3d9-b4cc-4644-b4bc-d65ed5ce51e1,2026-01-31 04:09:51
LOT-ARR-0330,Arroz,Flor Cid Cadenas S.Coop.,10266.79,9996.34,5.14,2026-03-13 04:09:51,completed,664ca3d9-b4cc-4644-b4bc-d65ed5ce51e1,2026-01-31 04:09:51
LOT-ARR-0331,Arroz,Barco y Hidalgo S.A.D,21545.42,20526.76,4.79,2026-02-24 04:09:51,completed,664ca3d9-b4cc-4644-b4bc-d65ed5ce51e1,2026-01-31 04:09:51
LOT-ARR-0332,Arroz,Grupo Bárcena S.Com.,10745.96,9802.23,4.72,2026-03-25 04:09:51,completed,4ed21bf4-a3b5-4f5d-be5a-57bc7c6971ab,2026-03-02 04:09:51
LOT-ARR-0333,Arroz,Comercializadora Benitez y asociados S.L.N.E,5289.34,5056.71,4.66,2026-04-07 04:09:51,completed,12e43293-913a-4078-998d-6aa7970086a5,2026-03-02 04:09:51
LOT-ARR-0334,Arroz,Restauración Soriano y asociados S.A.,17375.88,16511.13,4.66,2026-03-30 04:09:51,completed,4ed21bf4-a3b5-4f5d-be5a-57bc7c6971ab,2026-03-02 04:09:51
LOT-ARR-0335,Arroz,Martina Romeu Agudo S.Coop.,8182.24,7386.37,4.47,2026-03-23 04:09:51,completed,fae405e9-5b4e-43a9-83f7-260aa7c265e6,2026-03-02 04:09:51
LOT-ARR-0336,Arroz,Yéssica Calderón Velázquez S.A.,19458.78,17640.1,4.77,2026-04-06 04:09:51,completed,91b887de-f920-4f25-aa0b-5e71502435fc,2026-03-02 04:09:51
LOT-ARR-0337,Arroz,Soluciones Villa S.L.N.E,15858.9,15520.79,3.81,2026-04-21 04:09:51,completed,664ca3d9-b4cc-4644-b4bc-d65ed5ce51e1,2026-04-01 04:09:51
LOT-ARR-0338,Arroz,Restauración Valderrama y asociados S.A.D,13885.58,4453.99,3.71,2026-05-11 04:09:51,expired,4ed21bf4-a3b5-4f5d-be5a-57bc7c6971ab,2026-04-01 04:09:51
LOT-ARR-0339,Arroz,Talleres del Noroeste S.Coop.,13184.59,6861.03,4.0,2026-04-26 04:09:51,expired,91b887de-f920-4f25-aa0b-5e71502435fc,2026-04-01 04:09:51
LOT-ARR-0340,Arroz,Inmobiliaria Gimenez & Asociados S.C.P,21531.79,19878.93,3.68,2026-05-07 04:09:51,completed,91b887de-f920-4f25-aa0b-5e71502435fc,2026-04-01 04:09:51
LOT-ARR-0341,Arroz,Inmobiliaria Zamorano & Asociados S.C.P,6932.17,6751.73,3.66,2026-05-01 04:09:51,completed,fae405e9-5b4e-43a9-83f7-260aa7c265e6,2026-04-01 04:09:51
LOT-ARR-0342,Arroz,Despacho Carbonell y asociados S.L.N.E,24304.22,23977.96,3.58,2026-05-07 04:09:51,completed,fae405e9-5b4e-43a9-83f7-260aa7c265e6,2026-04-01 04:09:51
LOT-ARR-0343,Arroz,Minería RPS S.C.P,2358.24,2270.6,3.99,2026-04-26 04:09:51,completed,664ca3d9-b4cc-4644-b4bc-d65ed5ce51e1,2026-04-01 04:09:51
LOT-ARR-0344,Arroz,Ramis y Sanabria S.A.,7932.23,4009.81,3.58,2026-05-02 04:09:51,expired,4ed21bf4-a3b5-4f5d-be5a-57bc7c6971ab,2026-04-01 04:09:51
LOT-ARR-0345,Arroz,Grupo Agustín S.Coop.,17791.76,16863.16,3.74,2026-05-22 04:09:51,completed,12e43293-913a-4078-998d-6aa7970086a5,2026-05-01 04:09:51
LOT-ARR-0346,Arroz,Minería Heredia y asociados S.L.,24296.82,17815.64,3.65,2026-05-20 04:09:51,active,4ed21bf4-a3b5-4f5d-be5a-57bc7c6971ab,2026-05-01 04:09:51
LOT-ARR-0347,Arroz,Suministros LOK S.Com.,5217.98,4628.51,3.75,2026-06-05 04:09:51,active,fae405e9-5b4e-43a9-83f7-260aa7c265e6,2026-05-01 04:09:51
LOT-ARR-0348,Arroz,Vilalta & Asociados S.L.,13492.69,12571.49,3.29,2026-05-27 04:09:51,completed,91b887de-f920-4f25-aa0b-5e71502435fc,2026-05-01 04:09:51
LOT-ARR-0349,Arroz,Promociones Córdoba S.Com.,5949.8,4631.64,3.44,2026-05-16 04:09:51,active,664ca3d9-b4cc-4644-b4bc-d65ed5ce51e1,2026-05-01 04:09:51
LOT-ARR-0350,Arroz,Toro & Asociados S.L.L.,9264.48,5004.4,3.43,2026-05-30 04:09:51,active,664ca3d9-b4cc-4644-b4bc-d65ed5ce51e1,2026-05-01 04:09:51
LOT-ARR-0351,Arroz,Construcción del Mediterráneo S.L.L.,24109.92,23779.24,3.46,2026-05-19 04:09:51,completed,4ed21bf4-a3b5-4f5d-be5a-57bc7c6971ab,2026-05-01 04:09:51
LOT-ARR-0352,Arroz,Tecnologías Española S.Coop.,24172.17,16466.13,3.59,2026-05-23 04:09:51,active,12e43293-913a-4078-998d-6aa7970086a5,2026-05-01 04:09:51
LOT-ARR-0353,Arroz,Leocadia Fiol Busquets S.A.,14529.68,9583.27,3.32,2026-05-16 04:09:51,active,4ed21bf4-a3b5-4f5d-be5a-57bc7c6971ab,2026-05-01 04:09:51
LOT-SOY-0001,Soya,Construcción Inteligentes S.Coop.,14359.61,12939.06,3.88,2022-05-21 04:09:51,completed,ac172182-c0b9-4c38-b9fc-d7da5a69c2a0,2022-04-22 04:09:51
LOT-SOY-0002,Soya,Alimentación WRCP S.L.,13887.11,6685.46,4.16,2022-05-20 04:09:51,expired,1fadc760-de45-4920-ba55-c18df2de195e,2022-04-22 04:09:51
LOT-SOY-0003,Soya,Alimentación Bustamante S.Com.,5416.24,5077.08,3.99,2022-06-05 04:09:51,completed,ce7054cf-8c59-4151-8af4-32616beee2ce,2022-04-22 04:09:51
LOT-SOY-0004,Soya,Comercial Gil S.A.,40495.05,37778.64,4.07,2022-05-27 04:09:51,completed,822f07a9-e410-45f7-9731-387fef39cc4a,2022-04-22 04:09:51
LOT-SOY-0005,Soya,Servicios Sáenz y asociados S.Coop.,49284.77,45514.55,4.28,2022-06-05 04:09:51,completed,ce7054cf-8c59-4151-8af4-32616beee2ce,2022-04-22 04:09:51
LOT-SOY-0006,Soya,Pelayo & Asociados S.Com.,39721.47,23053.7,3.58,2022-07-02 04:09:51,expired,ce7054cf-8c59-4151-8af4-32616beee2ce,2022-05-22 04:09:51
LOT-SOY-0007,Soya,Alcalá y asociados S.A.,42206.78,41754.63,3.61,2022-06-17 04:09:51,completed,ce7054cf-8c59-4151-8af4-32616beee2ce,2022-05-22 04:09:51
LOT-SOY-0008,Soya,Comercializadora del Levante S.L.L.,23525.47,8453.12,3.62,2022-07-03 04:09:51,expired,822f07a9-e410-45f7-9731-387fef39cc4a,2022-05-22 04:09:51
LOT-SOY-0009,Soya,Juliá y asociados S.A.U,44518.75,12863.77,3.93,2022-06-30 04:09:51,expired,ac172182-c0b9-4c38-b9fc-d7da5a69c2a0,2022-05-22 04:09:51
LOT-SOY-0010,Soya,Grupo Abellán S.Coop.,38321.31,18409.56,3.91,2022-07-30 04:09:51,expired,9f830150-18b9-4945-bfca-7dba34147d1d,2022-06-21 04:09:51
LOT-SOY-0011,Soya,Soluciones SUA S.Coop.,21447.28,13335.54,3.85,2022-07-22 04:09:51,expired,9f830150-18b9-4945-bfca-7dba34147d1d,2022-06-21 04:09:51
LOT-SOY-0012,Soya,Hermanos Soler S.Coop.,34438.65,32216.17,3.64,2022-07-24 04:09:51,completed,822f07a9-e410-45f7-9731-387fef39cc4a,2022-06-21 04:09:51
LOT-SOY-0013,Soya,Aragonés y Alegre S.L.,49594.21,49372.26,3.87,2022-07-12 04:09:51,completed,822f07a9-e410-45f7-9731-387fef39cc4a,2022-06-21 04:09:51
LOT-SOY-0014,Soya,Joan Fabra Sotelo S.A.,15705.18,15404.99,4.14,2022-08-14 04:09:51,completed,1fadc760-de45-4920-ba55-c18df2de195e,2022-07-21 04:09:51
LOT-SOY-0015,Soya,Grupo Espinosa S.Com.,40969.43,37528.48,4.21,2022-08-22 04:09:51,completed,1fadc760-de45-4920-ba55-c18df2de195e,2022-07-21 04:09:51
LOT-SOY-0016,Soya,Transportes Ibérica S.L.,21410.5,20757.42,3.89,2022-08-12 04:09:51,completed,822f07a9-e410-45f7-9731-387fef39cc4a,2022-07-21 04:09:51
LOT-SOY-0017,Soya,Vélez y asociados S.L.L.,37542.87,35331.82,3.74,2022-08-05 04:09:51,completed,1fadc760-de45-4920-ba55-c18df2de195e,2022-07-21 04:09:51
LOT-SOY-0018,Soya,Consultoría Contreras S.L.,7793.1,4142.05,3.98,2022-08-17 04:09:51,expired,822f07a9-e410-45f7-9731-387fef39cc4a,2022-07-21 04:09:51
LOT-SOY-0019,Soya,Melero y asociados S.L.,32423.01,10048.62,3.77,2022-08-20 04:09:51,expired,822f07a9-e410-45f7-9731-387fef39cc4a,2022-07-21 04:09:51
LOT-SOY-0020,Soya,Osuna y asociados S.Coop.,17873.24,17053.7,4.06,2022-09-02 04:09:51,completed,9f830150-18b9-4945-bfca-7dba34147d1d,2022-07-21 04:09:51
LOT-SOY-0021,Soya,Eleuterio Pinedo Fonseca S.A.,7385.72,6956.67,4.83,2022-09-20 04:09:51,completed,1fadc760-de45-4920-ba55-c18df2de195e,2022-08-20 04:09:51
LOT-SOY-0022,Soya,Talleres del Levante S.L.N.E,5162.16,4860.98,5.15,2022-09-19 04:09:51,completed,9f830150-18b9-4945-bfca-7dba34147d1d,2022-08-20 04:09:51
LOT-SOY-0023,Soya,Rosado y Sevilla S.C.P,5475.85,5455.97,4.76,2022-09-16 04:09:51,completed,9f830150-18b9-4945-bfca-7dba34147d1d,2022-08-20 04:09:51
LOT-SOY-0024,Soya,Guitart & Asociados S.L.L.,30956.04,29968.27,4.66,2022-09-21 04:09:51,completed,822f07a9-e410-45f7-9731-387fef39cc4a,2022-08-20 04:09:51
LOT-SOY-0025,Soya,Hnos Borrell S.L.N.E,41685.89,37634.34,4.99,2022-09-09 04:09:51,completed,822f07a9-e410-45f7-9731-387fef39cc4a,2022-08-20 04:09:51
LOT-SOY-0026,Soya,Familia Tejedor S.A.,44067.03,42958.61,4.93,2022-09-18 04:09:51,completed,ce7054cf-8c59-4151-8af4-32616beee2ce,2022-08-20 04:09:51
LOT-SOY-0027,Soya,Pellicer & Asociados S.L.,44077.92,41413.28,5.23,2022-09-22 04:09:51,completed,1fadc760-de45-4920-ba55-c18df2de195e,2022-08-20 04:09:51
LOT-SOY-0028,Soya,Servicios Donaire S.C.P,6206.41,5715.55,5.09,2022-09-12 04:09:51,completed,ce7054cf-8c59-4151-8af4-32616beee2ce,2022-08-20 04:09:51
LOT-SOY-0029,Soya,Compañía QI S.A.,8436.84,7692.53,5.37,2022-10-25 04:09:51,completed,ac172182-c0b9-4c38-b9fc-d7da5a69c2a0,2022-09-19 04:09:51
LOT-SOY-0030,Soya,Peñalver y Moraleda S.A.D,44491.3,42963.65,5.1,2022-10-17 04:09:51,completed,ce7054cf-8c59-4151-8af4-32616beee2ce,2022-09-19 04:09:51
LOT-SOY-0031,Soya,Arribas & Asociados S.L.L.,43900.84,39792.77,5.69,2022-10-28 04:09:51,completed,ce7054cf-8c59-4151-8af4-32616beee2ce,2022-09-19 04:09:51
LOT-SOY-0032,Soya,Banca Privada Cano & Asociados S.L.,46376.73,44473.8,5.52,2022-10-21 04:09:51,completed,1fadc760-de45-4920-ba55-c18df2de195e,2022-09-19 04:09:51
LOT-SOY-0033,Soya,Silva y Paniagua S.Coop.,9989.6,9518.07,5.8,2022-10-29 04:09:51,completed,ce7054cf-8c59-4151-8af4-32616beee2ce,2022-09-19 04:09:51
LOT-SOY-0034,Soya,Reyes y Pinilla S.Coop.,37196.3,35016.06,6.15,2022-11-23 04:09:51,completed,ac172182-c0b9-4c38-b9fc-d7da5a69c2a0,2022-10-19 04:09:51
LOT-SOY-0035,Soya,Juan Carlos Bou Ibañez S.A.,20602.26,19368.88,6.11,2022-11-10 04:09:51,completed,ce7054cf-8c59-4151-8af4-32616beee2ce,2022-10-19 04:09:51
LOT-SOY-0036,Soya,Distribuciones Arjona S.Coop.,25205.34,23296.13,5.34,2022-11-24 04:09:51,completed,ac172182-c0b9-4c38-b9fc-d7da5a69c2a0,2022-10-19 04:09:51
LOT-SOY-0037,Soya,Grupo Contreras S.A.T.,24641.55,24467.74,5.58,2022-11-26 04:09:51,completed,9f830150-18b9-4945-bfca-7dba34147d1d,2022-10-19 04:09:51
LOT-SOY-0038,Soya,Transportes Estevez S.Com.,43645.03,42092.65,6.1,2022-11-27 04:09:51,completed,822f07a9-e410-45f7-9731-387fef39cc4a,2022-10-19 04:09:51
LOT-SOY-0039,Soya,Fábrica Amores y asociados S.A.,14824.58,13669.19,6.18,2022-11-23 04:09:51,completed,ac172182-c0b9-4c38-b9fc-d7da5a69c2a0,2022-10-19 04:09:51
LOT-SOY-0040,Soya,Clavero & Asociados S.A.,32163.4,32102.63,6.04,2022-11-28 04:09:51,completed,9f830150-18b9-4945-bfca-7dba34147d1d,2022-10-19 04:09:51
LOT-SOY-0041,Soya,Transportes Globales S.Com.,29496.34,29254.52,5.62,2022-11-17 04:09:51,completed,822f07a9-e410-45f7-9731-387fef39cc4a,2022-10-19 04:09:51
LOT-SOY-0042,Soya,Pujadas y asociados S.L.N.E,42813.74,39215.93,5.94,2022-11-11 04:09:51,completed,822f07a9-e410-45f7-9731-387fef39cc4a,2022-10-19 04:09:51
LOT-SOY-0043,Soya,Hermanos Taboada S.L.,42696.73,38517.47,5.29,2022-12-23 04:09:51,completed,9f830150-18b9-4945-bfca-7dba34147d1d,2022-11-18 04:09:51
LOT-SOY-0044,Soya,Construcción WR S.Coop.,47392.69,46697.16,5.73,2022-12-31 04:09:51,completed,ce7054cf-8c59-4151-8af4-32616beee2ce,2022-11-18 04:09:51
LOT-SOY-0045,Soya,Lina Alegria Peláez S.Coop.,42450.38,39461.25,5.45,2022-12-07 04:09:51,completed,822f07a9-e410-45f7-9731-387fef39cc4a,2022-11-18 04:09:51
LOT-SOY-0046,Soya,Emiliana Iniesta Nadal S.L.N.E,38202.2,7820.27,5.37,2022-12-25 04:09:51,expired,ac172182-c0b9-4c38-b9fc-d7da5a69c2a0,2022-11-18 04:09:51
LOT-SOY-0047,Soya,Alimentación Elías y asociados S.A.,36833.09,35388.43,5.37,2022-12-11 04:09:51,completed,822f07a9-e410-45f7-9731-387fef39cc4a,2022-11-18 04:09:51
LOT-SOY-0048,Soya,Pacheco y Lillo S.A.,41047.01,37771.99,5.75,2022-12-22 04:09:51,completed,1fadc760-de45-4920-ba55-c18df2de195e,2022-11-18 04:09:51
LOT-SOY-0049,Soya,Bejarano y asociados S.L.N.E,31027.81,29043.46,5.4,2023-01-08 04:09:51,completed,822f07a9-e410-45f7-9731-387fef39cc4a,2022-12-18 04:09:51
LOT-SOY-0050,Soya,Perelló y asociados S.C.P,9234.51,8709.1,5.64,2023-01-29 04:09:51,completed,9f830150-18b9-4945-bfca-7dba34147d1d,2022-12-18 04:09:51
LOT-SOY-0051,Soya,Eligia Rodrigo Guitart S.L.N.E,20603.86,20314.71,5.42,2023-01-16 04:09:51,completed,ac172182-c0b9-4c38-b9fc-d7da5a69c2a0,2022-12-18 04:09:51
LOT-SOY-0052,Soya,Sarabia y Calderon S.A.,47934.79,44958.59,5.47,2023-01-26 04:09:51,completed,ac172182-c0b9-4c38-b9fc-d7da5a69c2a0,2022-12-18 04:09:51
LOT-SOY-0053,Soya,Familia Mulet S.L.,46129.88,18204.44,5.43,2023-02-20 04:09:51,expired,ac172182-c0b9-4c38-b9fc-d7da5a69c2a0,2023-01-17 04:09:51
LOT-SOY-0054,Soya,Industrias Simó S.A.,34518.4,31696.88,5.19,2023-02-10 04:09:51,completed,ac172182-c0b9-4c38-b9fc-d7da5a69c2a0,2023-01-17 04:09:51
LOT-SOY-0055,Soya,Fábrica RZYW S.C.P,44675.82,41069.13,5.17,2023-03-01 04:09:51,completed,ac172182-c0b9-4c38-b9fc-d7da5a69c2a0,2023-01-17 04:09:51
LOT-SOY-0056,Soya,Banca Privada Torrijos & Asociados S.A.,32909.28,31003.27,4.82,2023-02-01 04:09:51,completed,ac172182-c0b9-4c38-b9fc-d7da5a69c2a0,2023-01-17 04:09:51
LOT-SOY-0057,Soya,Compañía Internacionales S.A.,23598.28,22254.9,5.46,2023-02-16 04:09:51,completed,ce7054cf-8c59-4151-8af4-32616beee2ce,2023-01-17 04:09:51
LOT-SOY-0058,Soya,Instalaciones VNNK S.C.P,30878.93,28594.35,5.12,2023-02-17 04:09:51,completed,ce7054cf-8c59-4151-8af4-32616beee2ce,2023-01-17 04:09:51
LOT-SOY-0059,Soya,Hermanos Solé S.Com.,21644.22,20154.24,4.87,2023-02-07 04:09:51,completed,9f830150-18b9-4945-bfca-7dba34147d1d,2023-01-17 04:09:51
LOT-SOY-0060,Soya,Riba y Pérez S.L.,12487.37,11654.27,5.12,2023-03-13 04:09:51,completed,ce7054cf-8c59-4151-8af4-32616beee2ce,2023-02-16 04:09:51
LOT-SOY-0061,Soya,Olivares & Asociados S.Coop.,47987.65,45571.68,5.03,2023-03-07 04:09:51,completed,ac172182-c0b9-4c38-b9fc-d7da5a69c2a0,2023-02-16 04:09:51
LOT-SOY-0062,Soya,Conde y Ballester S.A.,30288.78,28695.17,4.67,2023-03-17 04:09:51,completed,822f07a9-e410-45f7-9731-387fef39cc4a,2023-02-16 04:09:51
LOT-SOY-0063,Soya,Amando Mármol Escrivá S.L.L.,20092.28,18447.21,5.08,2023-04-02 04:09:51,completed,ce7054cf-8c59-4151-8af4-32616beee2ce,2023-02-16 04:09:51
LOT-SOY-0064,Soya,Talleres Bolaños S.Com.,49677.13,47590.48,4.69,2023-03-28 04:09:51,completed,ce7054cf-8c59-4151-8af4-32616beee2ce,2023-02-16 04:09:51
LOT-SOY-0065,Soya,Baena & Asociados S.L.,20202.84,19674.41,4.84,2023-03-04 04:09:51,completed,ce7054cf-8c59-4151-8af4-32616beee2ce,2023-02-16 04:09:51
LOT-SOY-0066,Soya,María José Porta Montaña S.L.,10611.25,4277.74,4.69,2023-03-13 04:09:51,expired,9f830150-18b9-4945-bfca-7dba34147d1d,2023-02-16 04:09:51
LOT-SOY-0067,Soya,Infraestructuras Sanabria S.C.P,10366.71,9593.96,4.76,2023-03-25 04:09:51,completed,822f07a9-e410-45f7-9731-387fef39cc4a,2023-02-16 04:09:51
LOT-SOY-0068,Soya,Leire Aragonés Guillen S.L.N.E,41599.99,25809.03,4.83,2023-04-26 04:09:51,expired,ce7054cf-8c59-4151-8af4-32616beee2ce,2023-03-18 04:09:51
LOT-SOY-0069,Soya,Grupo Mena S.Com.,15901.27,14448.76,4.58,2023-04-22 04:09:51,completed,1fadc760-de45-4920-ba55-c18df2de195e,2023-03-18 04:09:51
LOT-SOY-0070,Soya,Jaume y asociados S.Coop.,7718.13,7508.2,4.63,2023-04-06 04:09:51,completed,1fadc760-de45-4920-ba55-c18df2de195e,2023-03-18 04:09:51
LOT-SOY-0071,Soya,Grupo Robledo S.L.L.,38815.71,35076.14,5.03,2023-04-27 04:09:51,completed,822f07a9-e410-45f7-9731-387fef39cc4a,2023-03-18 04:09:51
LOT-SOY-0072,Soya,Barba y Morata S.Com.,18829.91,17061.8,4.9,2023-04-15 04:09:51,completed,ac172182-c0b9-4c38-b9fc-d7da5a69c2a0,2023-03-18 04:09:51
LOT-SOY-0073,Soya,Fábrica Amo S.L.,10631.5,10376.4,4.86,2023-04-20 04:09:51,completed,1fadc760-de45-4920-ba55-c18df2de195e,2023-03-18 04:09:51
LOT-SOY-0074,Soya,Farmaceútica Muñoz S.Com.,32021.56,30210.66,4.48,2023-04-08 04:09:51,completed,ce7054cf-8c59-4151-8af4-32616beee2ce,2023-03-18 04:09:51
LOT-SOY-0075,Soya,Familia Cueto S.Coop.,14355.39,7917.8,4.35,2023-04-28 04:09:51,expired,822f07a9-e410-45f7-9731-387fef39cc4a,2023-03-18 04:09:51
LOT-SOY-0076,Soya,Hnos Salmerón S.A.,14198.63,13050.08,4.66,2023-04-30 04:09:51,completed,ac172182-c0b9-4c38-b9fc-d7da5a69c2a0,2023-03-18 04:09:51
LOT-SOY-0077,Soya,Plinio Cabanillas Cabanillas S.Com.,33167.16,31309.43,4.13,2023-05-20 04:09:51,completed,1fadc760-de45-4920-ba55-c18df2de195e,2023-04-17 04:09:51
LOT-SOY-0078,Soya,Banco Santos y asociados S.C.P,33315.75,33285.14,4.44,2023-05-21 04:09:51,completed,9f830150-18b9-4945-bfca-7dba34147d1d,2023-04-17 04:09:51
LOT-SOY-0079,Soya,Cabeza y Batlle S.A.,23215.38,22394.1,4.6,2023-05-09 04:09:51,completed,ce7054cf-8c59-4151-8af4-32616beee2ce,2023-04-17 04:09:51
LOT-SOY-0080,Soya,Comercializadora Guardia S.L.L.,30034.92,10216.03,4.37,2023-05-13 04:09:51,expired,9f830150-18b9-4945-bfca-7dba34147d1d,2023-04-17 04:09:51
LOT-SOY-0081,Soya,Carrillo & Asociados S.A.,47618.31,20070.58,4.27,2023-05-20 04:09:51,expired,ac172182-c0b9-4c38-b9fc-d7da5a69c2a0,2023-04-17 04:09:51
LOT-SOY-0082,Soya,Somoza & Asociados S.L.N.E,22834.87,21561.52,4.81,2023-05-29 04:09:51,completed,ac172182-c0b9-4c38-b9fc-d7da5a69c2a0,2023-04-17 04:09:51
LOT-SOY-0083,Soya,Grupo Fuster S.Com.,23831.01,7743.2,4.81,2023-05-17 04:09:51,expired,ac172182-c0b9-4c38-b9fc-d7da5a69c2a0,2023-04-17 04:09:51
LOT-SOY-0084,Soya,Desarrollo Miranda y asociados S.L.L.,24914.42,11572.14,4.54,2023-05-09 04:09:51,expired,9f830150-18b9-4945-bfca-7dba34147d1d,2023-04-17 04:09:51
LOT-SOY-0085,Soya,Manufacturas Inteligentes S.Coop.,18417.66,17549.07,4.35,2023-06-20 04:09:51,completed,ce7054cf-8c59-4151-8af4-32616beee2ce,2023-05-17 04:09:51
LOT-SOY-0086,Soya,Farmaceútica Pacheco y asociados S.A.,32985.4,30675.28,4.03,2023-06-26 04:09:51,completed,822f07a9-e410-45f7-9731-387fef39cc4a,2023-05-17 04:09:51
LOT-SOY-0087,Soya,Pancho Español Segura S.A.,41726.66,39019.21,4.04,2023-06-26 04:09:51,completed,9f830150-18b9-4945-bfca-7dba34147d1d,2023-05-17 04:09:51
LOT-SOY-0088,Soya,Infraestructuras Carreras S.L.,46004.93,45610.81,4.14,2023-06-26 04:09:51,completed,822f07a9-e410-45f7-9731-387fef39cc4a,2023-05-17 04:09:51
LOT-SOY-0089,Soya,Castañeda & Asociados S.A.,8456.13,7873.66,3.78,2023-07-01 04:09:51,completed,ac172182-c0b9-4c38-b9fc-d7da5a69c2a0,2023-05-17 04:09:51
LOT-SOY-0090,Soya,Compañía Avanzadas S.L.L.,30314.19,10001.91,4.31,2023-07-22 04:09:51,expired,822f07a9-e410-45f7-9731-387fef39cc4a,2023-06-16 04:09:51
LOT-SOY-0091,Soya,Hnos Gomila S.L.L.,34234.99,16776.36,4.29,2023-07-27 04:09:51,expired,ce7054cf-8c59-4151-8af4-32616beee2ce,2023-06-16 04:09:51
LOT-SOY-0092,Soya,Manufacturas BFAF S.L.,29391.91,26839.98,4.28,2023-07-22 04:09:51,completed,ac172182-c0b9-4c38-b9fc-d7da5a69c2a0,2023-06-16 04:09:51
LOT-SOY-0093,Soya,Transportes Fuente S.Coop.,24371.37,23409.43,4.13,2023-07-28 04:09:51,completed,822f07a9-e410-45f7-9731-387fef39cc4a,2023-06-16 04:09:51
LOT-SOY-0094,Soya,Minería Bernad S.Com.,21168.96,19350.51,4.19,2023-08-01 04:09:51,completed,ac172182-c0b9-4c38-b9fc-d7da5a69c2a0,2023-07-16 04:09:51
LOT-SOY-0095,Soya,Espejo y Reguera S.Com.,42288.55,41559.9,4.58,2023-08-22 04:09:51,completed,9f830150-18b9-4945-bfca-7dba34147d1d,2023-07-16 04:09:51
LOT-SOY-0096,Soya,Segura & Asociados S.A.,45846.55,24321.44,4.08,2023-08-20 04:09:51,expired,1fadc760-de45-4920-ba55-c18df2de195e,2023-07-16 04:09:51
LOT-SOY-0097,Soya,Hnos Abad S.L.,10826.47,2615.17,4.51,2023-08-24 04:09:51,expired,9f830150-18b9-4945-bfca-7dba34147d1d,2023-07-16 04:09:51
LOT-SOY-0098,Soya,Inversiones Globales S.L.,8903.16,8256.36,4.6,2023-08-30 04:09:51,completed,ac172182-c0b9-4c38-b9fc-d7da5a69c2a0,2023-07-16 04:09:51
LOT-SOY-0099,Soya,Hnos Bonilla S.Com.,28176.6,26287.04,4.21,2023-08-30 04:09:51,completed,1fadc760-de45-4920-ba55-c18df2de195e,2023-07-16 04:09:51
LOT-SOY-0100,Soya,Farmaceútica Santos & Asociados S.A.T.,41335.05,39317.87,5.38,2023-09-07 04:09:51,completed,ac172182-c0b9-4c38-b9fc-d7da5a69c2a0,2023-08-15 04:09:51
LOT-SOY-0101,Soya,Soluciones Velázquez y asociados S.A.,35567.72,35469.57,5.23,2023-09-23 04:09:51,completed,ce7054cf-8c59-4151-8af4-32616beee2ce,2023-08-15 04:09:51
LOT-SOY-0102,Soya,Barrios y Parra S.Com.,33772.76,33431.77,5.09,2023-09-15 04:09:51,completed,1fadc760-de45-4920-ba55-c18df2de195e,2023-08-15 04:09:51
LOT-SOY-0103,Soya,Hnos Cuesta S.L.L.,24862.13,23317.86,5.32,2023-08-31 04:09:51,completed,1fadc760-de45-4920-ba55-c18df2de195e,2023-08-15 04:09:51
LOT-SOY-0104,Soya,Fábrica Posada & Asociados S.A.,29995.04,29326.56,5.98,2023-10-21 04:09:51,completed,ac172182-c0b9-4c38-b9fc-d7da5a69c2a0,2023-09-14 04:09:51
LOT-SOY-0105,Soya,Suministros NQUU S.L.,35758.63,33051.84,5.76,2023-10-07 04:09:51,completed,1fadc760-de45-4920-ba55-c18df2de195e,2023-09-14 04:09:51
LOT-SOY-0106,Soya,Carmelo Falcón Rivas S.Com.,48993.38,48518.25,5.62,2023-10-17 04:09:51,completed,822f07a9-e410-45f7-9731-387fef39cc4a,2023-09-14 04:09:51
LOT-SOY-0107,Soya,Ballester & Asociados S.L.N.E,40890.01,38729.38,5.94,2023-10-26 04:09:51,completed,9f830150-18b9-4945-bfca-7dba34147d1d,2023-09-14 04:09:51
LOT-SOY-0108,Soya,Logística Artigas & Asociados S.L.,10717.66,10566.24,5.96,2023-10-15 04:09:51,completed,9f830150-18b9-4945-bfca-7dba34147d1d,2023-09-14 04:09:51
LOT-SOY-0109,Soya,Julia Estevez Sosa S.L.L.,9120.76,9103.83,6.32,2023-10-24 04:09:51,completed,9f830150-18b9-4945-bfca-7dba34147d1d,2023-09-14 04:09:51
LOT-SOY-0110,Soya,Suministros Neira y asociados S.Com.,36938.76,33515.46,5.95,2023-10-06 04:09:51,completed,9f830150-18b9-4945-bfca-7dba34147d1d,2023-09-14 04:09:51
LOT-SOY-0111,Soya,Promociones TDBT S.L.,9018.45,8644.02,5.94,2023-11-05 04:09:51,completed,1fadc760-de45-4920-ba55-c18df2de195e,2023-10-14 04:09:51
LOT-SOY-0112,Soya,Concepción Santos Barberá S.A.,13639.49,13382.26,6.28,2023-11-25 04:09:51,completed,9f830150-18b9-4945-bfca-7dba34147d1d,2023-10-14 04:09:51
LOT-SOY-0113,Soya,Rolando Frías Carpio S.Com.,17737.65,16409.3,6.42,2023-11-17 04:09:51,completed,ac172182-c0b9-4c38-b9fc-d7da5a69c2a0,2023-10-14 04:09:51
LOT-SOY-0114,Soya,Hnos Cal S.Coop.,42148.33,41470.78,6.38,2023-11-23 04:09:51,completed,1fadc760-de45-4920-ba55-c18df2de195e,2023-10-14 04:09:51
LOT-SOY-0115,Soya,Inmobiliaria Ugarte y asociados S.L.,34983.8,31613.35,6.06,2023-11-19 04:09:51,completed,9f830150-18b9-4945-bfca-7dba34147d1d,2023-10-14 04:09:51
LOT-SOY-0116,Soya,Logística Ribes S.A.,30542.62,28303.72,6.12,2023-11-09 04:09:51,completed,1fadc760-de45-4920-ba55-c18df2de195e,2023-10-14 04:09:51
LOT-SOY-0117,Soya,Infraestructuras Avanzadas S.L.N.E,14021.0,13976.45,5.81,2023-12-25 04:09:51,completed,1fadc760-de45-4920-ba55-c18df2de195e,2023-11-13 04:09:51
LOT-SOY-0118,Soya,Finanzas Internacionales S.Com.,22325.49,20684.74,5.72,2023-12-12 04:09:51,completed,822f07a9-e410-45f7-9731-387fef39cc4a,2023-11-13 04:09:51
LOT-SOY-0119,Soya,Hnos Ojeda S.Coop.,24841.68,24511.04,6.25,2023-11-29 04:09:51,completed,9f830150-18b9-4945-bfca-7dba34147d1d,2023-11-13 04:09:51
LOT-SOY-0120,Soya,Baena y Montenegro S.L.,28243.64,27061.43,6.3,2023-12-04 04:09:51,completed,ac172182-c0b9-4c38-b9fc-d7da5a69c2a0,2023-11-13 04:09:51
LOT-SOY-0121,Soya,Hotel TAXP S.L.,41817.28,37723.99,5.54,2023-12-18 04:09:51,completed,9f830150-18b9-4945-bfca-7dba34147d1d,2023-11-13 04:09:51
LOT-SOY-0122,Soya,Bauzà y asociados S.L.,47562.67,46461.75,6.34,2023-12-19 04:09:51,completed,ac172182-c0b9-4c38-b9fc-d7da5a69c2a0,2023-11-13 04:09:51
LOT-SOY-0123,Soya,Valderrama y Correa S.L.,48442.67,47165.81,6.39,2023-12-04 04:09:51,completed,ac172182-c0b9-4c38-b9fc-d7da5a69c2a0,2023-11-13 04:09:51
LOT-SOY-0124,Soya,Gomila & Asociados S.A.,19785.35,19524.13,5.43,2024-01-25 04:09:51,completed,ce7054cf-8c59-4151-8af4-32616beee2ce,2023-12-13 04:09:51
LOT-SOY-0125,Soya,Riquelme y asociados S.L.,38271.07,36431.22,5.25,2024-01-20 04:09:51,completed,1fadc760-de45-4920-ba55-c18df2de195e,2023-12-13 04:09:51
LOT-SOY-0126,Soya,Grupo Domínguez S.L.,16913.17,15966.32,5.17,2024-01-17 04:09:51,completed,1fadc760-de45-4920-ba55-c18df2de195e,2023-12-13 04:09:51
LOT-SOY-0127,Soya,Escudero y asociados S.L.,32416.61,32161.77,5.37,2023-12-28 04:09:51,completed,822f07a9-e410-45f7-9731-387fef39cc4a,2023-12-13 04:09:51
LOT-SOY-0128,Soya,Inmobiliaria Española S.L.N.E,36896.75,34843.31,5.37,2024-01-23 04:09:51,completed,9f830150-18b9-4945-bfca-7dba34147d1d,2023-12-13 04:09:51
LOT-SOY-0129,Soya,Hermanos Luque S.A.,45736.87,45448.09,5.7,2023-12-31 04:09:51,completed,1fadc760-de45-4920-ba55-c18df2de195e,2023-12-13 04:09:51
LOT-SOY-0130,Soya,Distribuciones Martí y asociados S.A.D,40273.44,40008.27,5.71,2024-01-08 04:09:51,completed,ce7054cf-8c59-4151-8af4-32616beee2ce,2023-12-13 04:09:51
LOT-SOY-0131,Soya,Hermanos Perez S.Com.,29633.86,27903.41,5.45,2024-01-25 04:09:51,completed,ce7054cf-8c59-4151-8af4-32616beee2ce,2023-12-13 04:09:51
LOT-SOY-0132,Soya,Gomila & Asociados S.L.N.E,21380.62,21231.23,5.37,2024-01-21 04:09:51,completed,9f830150-18b9-4945-bfca-7dba34147d1d,2023-12-13 04:09:51
LOT-SOY-0133,Soya,Servicios Viña y asociados S.Coop.,44947.86,41295.11,5.5,2023-12-31 04:09:51,completed,9f830150-18b9-4945-bfca-7dba34147d1d,2023-12-13 04:09:51
LOT-SOY-0134,Soya,Fábrica UXCB S.Com.,48004.89,22451.77,5.83,2024-02-16 04:09:51,expired,822f07a9-e410-45f7-9731-387fef39cc4a,2024-01-12 04:09:51
LOT-SOY-0135,Soya,Soluciones Internacionales S.L.,23265.38,21380.55,5.1,2024-02-17 04:09:51,completed,ac172182-c0b9-4c38-b9fc-d7da5a69c2a0,2024-01-12 04:09:51
LOT-SOY-0136,Soya,Hermanos Franco S.A.,17749.7,17310.73,5.88,2024-02-09 04:09:51,completed,9f830150-18b9-4945-bfca-7dba34147d1d,2024-01-12 04:09:51
LOT-SOY-0137,Soya,Rebollo y Silva S.L.,28322.74,26746.94,5.66,2024-02-23 04:09:51,completed,ce7054cf-8c59-4151-8af4-32616beee2ce,2024-01-12 04:09:51
LOT-SOY-0138,Soya,Grupo Gomez S.L.,17561.69,17196.83,5.88,2024-02-14 04:09:51,completed,822f07a9-e410-45f7-9731-387fef39cc4a,2024-01-12 04:09:51
LOT-SOY-0139,Soya,Construcción Marco y asociados S.Com.,27309.76,15996.41,5.27,2024-02-06 04:09:51,expired,1fadc760-de45-4920-ba55-c18df2de195e,2024-01-12 04:09:51
LOT-SOY-0140,Soya,Pizarro y Briones S.A.,44726.47,40528.67,5.76,2024-01-31 04:09:51,completed,822f07a9-e410-45f7-9731-387fef39cc4a,2024-01-12 04:09:51
LOT-SOY-0141,Soya,Luciana Alcolea Fuster S.Com.,35222.82,32683.78,5.66,2024-02-02 04:09:51,completed,ac172182-c0b9-4c38-b9fc-d7da5a69c2a0,2024-01-12 04:09:51
LOT-SOY-0142,Soya,Desarrollo JIBD S.A.,45358.24,41004.53,5.45,2024-02-28 04:09:51,completed,822f07a9-e410-45f7-9731-387fef39cc4a,2024-02-11 04:09:51
LOT-SOY-0143,Soya,Servicios Vaquero y asociados S.Coop.,16062.31,14855.89,5.36,2024-02-28 04:09:51,completed,ac172182-c0b9-4c38-b9fc-d7da5a69c2a0,2024-02-11 04:09:51
LOT-SOY-0144,Soya,Tejedor y Julián S.Coop.,5346.66,3284.32,5.65,2024-03-26 04:09:51,expired,9f830150-18b9-4945-bfca-7dba34147d1d,2024-02-11 04:09:51
LOT-SOY-0145,Soya,Hnos Aguiló S.Coop.,18356.0,17489.62,4.97,2024-02-27 04:09:51,completed,ac172182-c0b9-4c38-b9fc-d7da5a69c2a0,2024-02-11 04:09:51
LOT-SOY-0146,Soya,Suministros Lledó S.A.,7245.66,7082.41,5.03,2024-03-20 04:09:51,completed,ac172182-c0b9-4c38-b9fc-d7da5a69c2a0,2024-02-11 04:09:51
LOT-SOY-0147,Soya,Hnos Donoso S.L.,25287.67,23129.93,5.22,2024-03-22 04:09:51,completed,9f830150-18b9-4945-bfca-7dba34147d1d,2024-02-11 04:09:51
LOT-SOY-0148,Soya,Juan Francisco Real Sans S.L.L.,12632.76,11652.43,5.6,2024-03-03 04:09:51,completed,1fadc760-de45-4920-ba55-c18df2de195e,2024-02-11 04:09:51
LOT-SOY-0149,Soya,Soluciones VUV S.Coop.,33961.24,33338.47,4.87,2024-03-20 04:09:51,completed,ce7054cf-8c59-4151-8af4-32616beee2ce,2024-02-11 04:09:51
LOT-SOY-0150,Soya,Luna Valcárcel Soriano S.L.,42261.56,38891.76,5.67,2024-03-23 04:09:51,completed,ce7054cf-8c59-4151-8af4-32616beee2ce,2024-02-11 04:09:51
LOT-SOY-0151,Soya,Comercializadora CNRY S.A.,31530.53,30129.77,5.31,2024-04-16 04:09:51,completed,9f830150-18b9-4945-bfca-7dba34147d1d,2024-03-12 04:09:51
LOT-SOY-0152,Soya,Ochoa y Santiago S.Com.,28732.17,15155.66,4.9,2024-04-18 04:09:51,expired,1fadc760-de45-4920-ba55-c18df2de195e,2024-03-12 04:09:51
LOT-SOY-0153,Soya,Distribuciones Bas S.A.,21577.77,13132.56,4.82,2024-04-25 04:09:51,expired,9f830150-18b9-4945-bfca-7dba34147d1d,2024-03-12 04:09:51
LOT-SOY-0154,Soya,Noé Sanmiguel Huguet S.A.,47474.25,43860.31,4.85,2024-04-23 04:09:51,completed,1fadc760-de45-4920-ba55-c18df2de195e,2024-03-12 04:09:51
LOT-SOY-0155,Soya,Familia Valcárcel S.Com.,30883.82,27911.47,4.57,2024-05-16 04:09:51,completed,822f07a9-e410-45f7-9731-387fef39cc4a,2024-04-11 04:09:51
LOT-SOY-0156,Soya,Hermanos Ortega S.L.U.,31920.03,30295.17,4.62,2024-05-11 04:09:51,completed,1fadc760-de45-4920-ba55-c18df2de195e,2024-04-11 04:09:51
LOT-SOY-0157,Soya,Salvador y asociados S.L.,15384.12,4112.91,5.15,2024-05-03 04:09:51,expired,822f07a9-e410-45f7-9731-387fef39cc4a,2024-04-11 04:09:51
LOT-SOY-0158,Soya,Finanzas QS S.A.T.,43567.19,12084.73,4.52,2024-05-15 04:09:51,expired,ce7054cf-8c59-4151-8af4-32616beee2ce,2024-04-11 04:09:51
LOT-SOY-0159,Soya,Estrella Alemán Nogueira S.A.,42867.21,8602.78,4.52,2024-05-23 04:09:51,expired,1fadc760-de45-4920-ba55-c18df2de195e,2024-04-11 04:09:51
LOT-SOY-0160,Soya,Grupo Casanova S.L.,31380.06,11211.16,4.69,2024-05-12 04:09:51,expired,ce7054cf-8c59-4151-8af4-32616beee2ce,2024-04-11 04:09:51
LOT-SOY-0161,Soya,Hermanos Grau S.C.P,16075.4,15083.59,4.63,2024-04-27 04:09:51,completed,1fadc760-de45-4920-ba55-c18df2de195e,2024-04-11 04:09:51
LOT-SOY-0162,Soya,Promociones Bautista y asociados S.A.,22971.2,22069.29,4.7,2024-05-09 04:09:51,completed,ce7054cf-8c59-4151-8af4-32616beee2ce,2024-04-11 04:09:51
LOT-SOY-0163,Soya,Desarrollo Serna S.A.,41005.59,22198.57,4.09,2024-06-23 04:09:51,expired,ce7054cf-8c59-4151-8af4-32616beee2ce,2024-05-11 04:09:51
LOT-SOY-0164,Soya,Finanzas QB S.L.,11922.63,7179.66,4.68,2024-05-26 04:09:51,expired,822f07a9-e410-45f7-9731-387fef39cc4a,2024-05-11 04:09:51
LOT-SOY-0165,Soya,Olivera y asociados S.L.,34458.41,31224.96,4.67,2024-06-05 04:09:51,completed,ac172182-c0b9-4c38-b9fc-d7da5a69c2a0,2024-05-11 04:09:51
LOT-SOY-0166,Soya,Inversiones VRSO S.L.,33337.94,33321.24,4.74,2024-06-05 04:09:51,completed,ac172182-c0b9-4c38-b9fc-d7da5a69c2a0,2024-05-11 04:09:51
LOT-SOY-0167,Soya,Hermanos Castejón S.A.,48710.35,21657.17,4.53,2024-06-22 04:09:51,expired,ac172182-c0b9-4c38-b9fc-d7da5a69c2a0,2024-05-11 04:09:51
LOT-SOY-0168,Soya,Tecnologías REIB S.L.,43451.31,42599.21,4.05,2024-06-14 04:09:51,completed,9f830150-18b9-4945-bfca-7dba34147d1d,2024-05-11 04:09:51
LOT-SOY-0169,Soya,Hnos Cervantes S.Com.,49914.01,28410.33,4.34,2024-06-17 04:09:51,expired,ac172182-c0b9-4c38-b9fc-d7da5a69c2a0,2024-05-11 04:09:51
LOT-SOY-0170,Soya,Transportes LCK S.Com.,16225.09,5997.26,4.54,2024-06-21 04:09:51,expired,9f830150-18b9-4945-bfca-7dba34147d1d,2024-05-11 04:09:51
LOT-SOY-0171,Soya,Curro Casal Terrón S.L.U.,31004.09,9206.1,4.38,2024-07-06 04:09:51,expired,9f830150-18b9-4945-bfca-7dba34147d1d,2024-06-10 04:09:51
LOT-SOY-0172,Soya,Hnos Galiano S.L.N.E,14367.61,14005.06,4.44,2024-07-24 04:09:51,completed,822f07a9-e410-45f7-9731-387fef39cc4a,2024-06-10 04:09:51
LOT-SOY-0173,Soya,Inmobiliaria BD S.Coop.,15322.03,3138.11,4.48,2024-07-22 04:09:51,expired,ce7054cf-8c59-4151-8af4-32616beee2ce,2024-06-10 04:09:51
LOT-SOY-0174,Soya,Talleres Iberia S.L.N.E,15676.61,6875.19,4.06,2024-07-11 04:09:51,expired,9f830150-18b9-4945-bfca-7dba34147d1d,2024-06-10 04:09:51
LOT-SOY-0175,Soya,Comercializadora Ruano & Asociados S.L.N.E,28217.95,17717.2,4.27,2024-07-21 04:09:51,expired,1fadc760-de45-4920-ba55-c18df2de195e,2024-06-10 04:09:51
LOT-SOY-0176,Soya,Pinto y Toro S.C.P,32284.65,32245.99,4.62,2024-07-23 04:09:51,completed,822f07a9-e410-45f7-9731-387fef39cc4a,2024-06-10 04:09:51
LOT-SOY-0177,Soya,Machado & Asociados S.L.,13620.2,13084.36,4.49,2024-07-10 04:09:51,completed,822f07a9-e410-45f7-9731-387fef39cc4a,2024-06-10 04:09:51
LOT-SOY-0178,Soya,Banca Privada Vilaplana S.L.,7953.61,7255.25,4.4,2024-07-05 04:09:51,completed,ce7054cf-8c59-4151-8af4-32616beee2ce,2024-06-10 04:09:51
LOT-SOY-0179,Soya,Restauración Integrales S.Coop.,27099.79,25395.39,4.29,2024-06-27 04:09:51,completed,ac172182-c0b9-4c38-b9fc-d7da5a69c2a0,2024-06-10 04:09:51
LOT-SOY-0180,Soya,Alimentación Díaz S.Coop.,9812.45,4414.62,4.88,2024-08-13 04:09:51,expired,ac172182-c0b9-4c38-b9fc-d7da5a69c2a0,2024-07-10 04:09:51
LOT-SOY-0181,Soya,Soluciones MIB S.L.L.,13604.61,12354.55,4.41,2024-08-12 04:09:51,completed,ce7054cf-8c59-4151-8af4-32616beee2ce,2024-07-10 04:09:51
LOT-SOY-0182,Soya,Hnos Amorós S.L.,35319.64,21764.51,4.43,2024-08-08 04:09:51,expired,1fadc760-de45-4920-ba55-c18df2de195e,2024-07-10 04:09:51
LOT-SOY-0183,Soya,Valbuena y Montesinos S.Com.,9265.03,6327.36,4.89,2024-08-11 04:09:51,expired,9f830150-18b9-4945-bfca-7dba34147d1d,2024-07-10 04:09:51
LOT-SOY-0184,Soya,Mercader & Asociados S.Com.,15992.33,15069.8,4.46,2024-08-10 04:09:51,completed,1fadc760-de45-4920-ba55-c18df2de195e,2024-07-10 04:09:51
LOT-SOY-0185,Soya,Distribuciones Albero S.Coop.,27954.71,26821.64,4.33,2024-08-22 04:09:51,completed,9f830150-18b9-4945-bfca-7dba34147d1d,2024-07-10 04:09:51
LOT-SOY-0186,Soya,Logística Moles y asociados S.L.N.E,13901.47,13041.43,4.85,2024-08-15 04:09:51,completed,9f830150-18b9-4945-bfca-7dba34147d1d,2024-07-10 04:09:51
LOT-SOY-0187,Soya,Supermercados Segovia S.A.,9610.73,8845.63,4.78,2024-08-19 04:09:51,completed,822f07a9-e410-45f7-9731-387fef39cc4a,2024-07-10 04:09:51
LOT-SOY-0188,Soya,Cabanillas y asociados S.L.,23588.92,23237.49,4.75,2024-08-04 04:09:51,completed,ce7054cf-8c59-4151-8af4-32616beee2ce,2024-07-10 04:09:51
LOT-SOY-0189,Soya,Oriana Marqués Osuna S.L.,13768.41,13528.12,4.64,2024-08-10 04:09:51,completed,822f07a9-e410-45f7-9731-387fef39cc4a,2024-07-10 04:09:51
LOT-SOY-0190,Soya,Rueda y Figuerola S.L.N.E,18261.07,17720.07,5.38,2024-09-08 04:09:51,completed,9f830150-18b9-4945-bfca-7dba34147d1d,2024-08-09 04:09:51
LOT-SOY-0191,Soya,Construcción Nadal S.L.L.,11287.11,10185.89,5.28,2024-08-29 04:09:51,completed,ce7054cf-8c59-4151-8af4-32616beee2ce,2024-08-09 04:09:51
LOT-SOY-0192,Soya,Alimentación Española S.A.T.,18349.19,16618.45,5.37,2024-08-28 04:09:51,completed,ce7054cf-8c59-4151-8af4-32616beee2ce,2024-08-09 04:09:51
LOT-SOY-0193,Soya,Finanzas Vicens & Asociados S.A.,47048.99,43071.26,5.5,2024-09-10 04:09:51,completed,1fadc760-de45-4920-ba55-c18df2de195e,2024-08-09 04:09:51
LOT-SOY-0194,Soya,Comercializadora Molina S.Coop.,37820.64,34587.22,5.74,2024-09-14 04:09:51,completed,ce7054cf-8c59-4151-8af4-32616beee2ce,2024-08-09 04:09:51
LOT-SOY-0195,Soya,Tecnologías Menendez S.A.,22435.83,7462.28,5.68,2024-08-24 04:09:51,expired,ce7054cf-8c59-4151-8af4-32616beee2ce,2024-08-09 04:09:51
LOT-SOY-0196,Soya,Farmaceútica Avanzadas S.C.P,29859.42,27240.06,5.47,2024-08-24 04:09:51,completed,ce7054cf-8c59-4151-8af4-32616beee2ce,2024-08-09 04:09:51
LOT-SOY-0197,Soya,Tecnologías YL S.Com.,18137.91,16631.94,5.84,2024-09-23 04:09:51,completed,1fadc760-de45-4920-ba55-c18df2de195e,2024-08-09 04:09:51
LOT-SOY-0198,Soya,Beatriz Reig Roura S.A.,13708.68,13050.71,5.98,2024-08-30 04:09:51,completed,1fadc760-de45-4920-ba55-c18df2de195e,2024-08-09 04:09:51
LOT-SOY-0199,Soya,Minería del Mediterráneo S.Com.,21024.33,19330.92,5.26,2024-09-10 04:09:51,completed,9f830150-18b9-4945-bfca-7dba34147d1d,2024-08-09 04:09:51
LOT-SOY-0200,Soya,Familia Gallardo S.Coop.,20294.85,19654.27,6.69,2024-10-07 04:09:51,completed,ce7054cf-8c59-4151-8af4-32616beee2ce,2024-09-08 04:09:51
LOT-SOY-0201,Soya,Ale Goñi Jordá S.Com.,7645.65,7382.03,5.95,2024-10-08 04:09:51,completed,822f07a9-e410-45f7-9731-387fef39cc4a,2024-09-08 04:09:51
LOT-SOY-0202,Soya,Valbuena y Vazquez S.L.N.E,45811.98,43359.02,6.69,2024-10-04 04:09:51,completed,822f07a9-e410-45f7-9731-387fef39cc4a,2024-09-08 04:09:51
LOT-SOY-0203,Soya,Palomino y Torrent S.Coop.,20245.08,18307.82,6.55,2024-10-12 04:09:51,completed,9f830150-18b9-4945-bfca-7dba34147d1d,2024-09-08 04:09:51
LOT-SOY-0204,Soya,Peláez & Asociados S.Com.,6771.21,6535.09,6.59,2024-10-01 04:09:51,completed,ce7054cf-8c59-4151-8af4-32616beee2ce,2024-09-08 04:09:51
LOT-SOY-0205,Soya,Servicios Román S.L.L.,34807.96,32027.46,6.73,2024-10-11 04:09:51,completed,ce7054cf-8c59-4151-8af4-32616beee2ce,2024-09-08 04:09:51
LOT-SOY-0206,Soya,Buendía y Tenorio S.C.P,27983.44,27699.04,6.63,2024-10-23 04:09:51,completed,ce7054cf-8c59-4151-8af4-32616beee2ce,2024-09-08 04:09:51
LOT-SOY-0207,Soya,Hermanos Tolosa S.Coop.,5656.55,5363.81,6.24,2024-10-11 04:09:51,completed,ac172182-c0b9-4c38-b9fc-d7da5a69c2a0,2024-09-08 04:09:51
LOT-SOY-0208,Soya,Infraestructuras del Sur S.L.,20363.61,19037.79,6.78,2024-11-10 04:09:51,completed,822f07a9-e410-45f7-9731-387fef39cc4a,2024-10-08 04:09:51
LOT-SOY-0209,Soya,Gomez & Asociados S.A.,23254.8,22128.3,6.77,2024-11-05 04:09:51,completed,1fadc760-de45-4920-ba55-c18df2de195e,2024-10-08 04:09:51
LOT-SOY-0210,Soya,Aurelia Santos Cruz S.L.,49632.48,46592.59,7.02,2024-11-06 04:09:51,completed,822f07a9-e410-45f7-9731-387fef39cc4a,2024-10-08 04:09:51
LOT-SOY-0211,Soya,Hnos Gracia S.Com.,27525.64,25483.9,6.26,2024-11-10 04:09:51,completed,ac172182-c0b9-4c38-b9fc-d7da5a69c2a0,2024-10-08 04:09:51
LOT-SOY-0212,Soya,Suministros Españolas S.A.,19131.95,18555.46,6.91,2024-10-26 04:09:51,completed,ac172182-c0b9-4c38-b9fc-d7da5a69c2a0,2024-10-08 04:09:51
LOT-SOY-0213,Soya,Romeu y Juárez S.L.,38033.97,35716.13,6.57,2024-11-01 04:09:51,completed,ce7054cf-8c59-4151-8af4-32616beee2ce,2024-10-08 04:09:51
LOT-SOY-0214,Soya,Colom y Comas S.Coop.,11285.52,10518.85,6.54,2024-10-28 04:09:51,completed,822f07a9-e410-45f7-9731-387fef39cc4a,2024-10-08 04:09:51
LOT-SOY-0215,Soya,Vinicio Piña Milla S.A.,23669.85,21391.45,7.09,2024-10-28 04:09:51,completed,822f07a9-e410-45f7-9731-387fef39cc4a,2024-10-08 04:09:51
LOT-SOY-0216,Soya,Antonia Toro Peiró S.Com.,27416.87,25649.8,6.47,2024-11-10 04:09:51,completed,9f830150-18b9-4945-bfca-7dba34147d1d,2024-10-08 04:09:51
LOT-SOY-0217,Soya,Grupo Cerdá S.Com.,19282.16,19050.18,7.07,2024-10-29 04:09:51,completed,1fadc760-de45-4920-ba55-c18df2de195e,2024-10-08 04:09:51
LOT-SOY-0218,Soya,Velasco & Asociados S.Coop.,36665.65,35938.6,6.03,2024-12-13 04:09:51,completed,1fadc760-de45-4920-ba55-c18df2de195e,2024-11-07 04:09:51
LOT-SOY-0219,Soya,Familia Puga S.A.,19076.36,17411.39,6.59,2024-11-22 04:09:51,completed,ac172182-c0b9-4c38-b9fc-d7da5a69c2a0,2024-11-07 04:09:51
LOT-SOY-0220,Soya,Supermercados Andres S.L.N.E,33944.22,32570.5,6.18,2024-12-08 04:09:51,completed,ce7054cf-8c59-4151-8af4-32616beee2ce,2024-11-07 04:09:51
LOT-SOY-0221,Soya,Herrera y Caballero S.Com.,17600.89,16897.3,5.87,2024-12-15 04:09:51,completed,ac172182-c0b9-4c38-b9fc-d7da5a69c2a0,2024-11-07 04:09:51
LOT-SOY-0222,Soya,Construcción Integrales S.A.U,26789.74,25926.25,6.54,2024-12-14 04:09:51,completed,ac172182-c0b9-4c38-b9fc-d7da5a69c2a0,2024-11-07 04:09:51
LOT-SOY-0223,Soya,Grupo Cantón S.L.,30083.73,27368.15,5.97,2024-12-21 04:09:51,completed,9f830150-18b9-4945-bfca-7dba34147d1d,2024-11-07 04:09:51
LOT-SOY-0224,Soya,Suministros Aramburu S.L.L.,13502.47,12246.57,6.58,2024-11-26 04:09:51,completed,1fadc760-de45-4920-ba55-c18df2de195e,2024-11-07 04:09:51
LOT-SOY-0225,Soya,Consultoría Cases S.Com.,31975.45,29785.31,6.08,2025-01-12 04:09:51,completed,822f07a9-e410-45f7-9731-387fef39cc4a,2024-12-07 04:09:51
LOT-SOY-0226,Soya,Manufacturas XCMM S.C.P,14461.94,14184.8,5.69,2025-01-04 04:09:51,completed,1fadc760-de45-4920-ba55-c18df2de195e,2024-12-07 04:09:51
LOT-SOY-0227,Soya,Luciano Menendez Díez S.A.,46393.18,44074.57,6.46,2025-01-01 04:09:51,completed,ac172182-c0b9-4c38-b9fc-d7da5a69c2a0,2024-12-07 04:09:51
LOT-SOY-0228,Soya,Despacho Prieto y asociados S.L.,34613.15,31987.15,6.46,2024-12-30 04:09:51,completed,9f830150-18b9-4945-bfca-7dba34147d1d,2024-12-07 04:09:51
LOT-SOY-0229,Soya,Hermanos Santos S.L.N.E,19111.2,19090.82,6.48,2025-01-02 04:09:51,completed,822f07a9-e410-45f7-9731-387fef39cc4a,2024-12-07 04:09:51
LOT-SOY-0230,Soya,Soluciones Soto & Asociados S.L.,25392.16,23902.18,5.66,2024-12-30 04:09:51,completed,822f07a9-e410-45f7-9731-387fef39cc4a,2024-12-07 04:09:51
LOT-SOY-0231,Soya,Español & Asociados S.Coop.,33708.26,32608.39,5.44,2025-02-20 04:09:51,completed,ce7054cf-8c59-4151-8af4-32616beee2ce,2025-01-06 04:09:51
LOT-SOY-0232,Soya,Finanzas Escolano y asociados S.L.,35600.33,33884.54,5.94,2025-02-06 04:09:51,completed,ac172182-c0b9-4c38-b9fc-d7da5a69c2a0,2025-01-06 04:09:51
LOT-SOY-0233,Soya,Comercial LGU S.L.L.,37022.2,35844.98,5.86,2025-02-04 04:09:51,completed,ac172182-c0b9-4c38-b9fc-d7da5a69c2a0,2025-01-06 04:09:51
LOT-SOY-0234,Soya,Despacho Vazquez y asociados S.L.L.,39098.81,38925.72,6.11,2025-02-20 04:09:51,completed,1fadc760-de45-4920-ba55-c18df2de195e,2025-01-06 04:09:51
LOT-SOY-0235,Soya,Distribuciones CF S.A.T.,41000.09,37092.99,5.63,2025-02-07 04:09:51,completed,1fadc760-de45-4920-ba55-c18df2de195e,2025-01-06 04:09:51
LOT-SOY-0236,Soya,Promociones del Mediterráneo S.Com.,48637.92,47547.92,5.93,2025-02-18 04:09:51,completed,ac172182-c0b9-4c38-b9fc-d7da5a69c2a0,2025-01-06 04:09:51
LOT-SOY-0237,Soya,Consultoría del Norte S.L.,46768.13,45071.19,5.64,2025-02-11 04:09:51,completed,ac172182-c0b9-4c38-b9fc-d7da5a69c2a0,2025-01-06 04:09:51
LOT-SOY-0238,Soya,Ródenas & Asociados S.L.,46181.27,42082.2,5.87,2025-02-09 04:09:51,completed,ce7054cf-8c59-4151-8af4-32616beee2ce,2025-01-06 04:09:51
LOT-SOY-0239,Soya,Manufacturas NUA S.Coop.,36386.95,35259.91,5.19,2025-03-12 04:09:51,completed,1fadc760-de45-4920-ba55-c18df2de195e,2025-02-05 04:09:51
LOT-SOY-0240,Soya,Nevado y Clemente S.Coop.,16573.04,10701.85,5.38,2025-03-07 04:09:51,expired,822f07a9-e410-45f7-9731-387fef39cc4a,2025-02-05 04:09:51
LOT-SOY-0241,Soya,Familia Pazos S.Com.,33219.48,32679.25,5.69,2025-02-25 04:09:51,completed,822f07a9-e410-45f7-9731-387fef39cc4a,2025-02-05 04:09:51
LOT-SOY-0242,Soya,Consultoría Contreras S.L.N.E,38718.5,35275.71,5.26,2025-03-17 04:09:51,completed,9f830150-18b9-4945-bfca-7dba34147d1d,2025-02-05 04:09:51
LOT-SOY-0243,Soya,Restauración Poza S.Com.,40791.45,38017.26,5.18,2025-03-09 04:09:51,completed,ce7054cf-8c59-4151-8af4-32616beee2ce,2025-02-05 04:09:51
LOT-SOY-0244,Soya,Comercializadora Mas & Asociados S.Coop.,46843.13,42279.67,5.31,2025-03-19 04:09:51,completed,1fadc760-de45-4920-ba55-c18df2de195e,2025-02-05 04:09:51
LOT-SOY-0245,Soya,Transportes Ibéricos S.L.,13044.66,11826.47,5.22,2025-03-07 04:09:51,completed,ce7054cf-8c59-4151-8af4-32616beee2ce,2025-02-05 04:09:51
LOT-SOY-0246,Soya,Tecnologías QJTD S.A.,40807.77,40408.34,5.54,2025-03-10 04:09:51,completed,ce7054cf-8c59-4151-8af4-32616beee2ce,2025-02-05 04:09:51
LOT-SOY-0247,Soya,Evangelina Camacho Tolosa S.A.,10802.13,9726.45,5.08,2025-04-13 04:09:51,completed,ce7054cf-8c59-4151-8af4-32616beee2ce,2025-03-07 04:09:51
LOT-SOY-0248,Soya,Otilia Serrano Bellido S.A.,40272.81,36948.9,5.26,2025-04-05 04:09:51,completed,ac172182-c0b9-4c38-b9fc-d7da5a69c2a0,2025-03-07 04:09:51
LOT-SOY-0249,Soya,Vallés y Escrivá S.Com.,16995.52,16243.02,5.53,2025-04-01 04:09:51,completed,9f830150-18b9-4945-bfca-7dba34147d1d,2025-03-07 04:09:51
LOT-SOY-0250,Soya,Carballo y asociados S.L.,36102.04,34981.85,5.07,2025-03-30 04:09:51,completed,ce7054cf-8c59-4151-8af4-32616beee2ce,2025-03-07 04:09:51
LOT-SOY-0251,Soya,Logística Abril S.C.P,10273.7,9561.2,5.46,2025-04-29 04:09:51,completed,ce7054cf-8c59-4151-8af4-32616beee2ce,2025-04-06 04:09:51
LOT-SOY-0252,Soya,Vicente y asociados S.C.P,29939.61,28818.25,5.31,2025-04-30 04:09:51,completed,9f830150-18b9-4945-bfca-7dba34147d1d,2025-04-06 04:09:51
LOT-SOY-0253,Soya,Benjamín Montaña Bas S.Coop.,12808.82,11802.57,5.08,2025-05-20 04:09:51,completed,1fadc760-de45-4920-ba55-c18df2de195e,2025-04-06 04:09:51
LOT-SOY-0254,Soya,Familia Mercader S.A.,18884.23,9659.05,5.33,2025-05-20 04:09:51,expired,ce7054cf-8c59-4151-8af4-32616beee2ce,2025-04-06 04:09:51
LOT-SOY-0255,Soya,Carina Vazquez Meléndez S.L.,45517.64,45476.39,4.98,2025-04-23 04:09:51,completed,9f830150-18b9-4945-bfca-7dba34147d1d,2025-04-06 04:09:51
LOT-SOY-0256,Soya,Comercializadora Casanovas & Asociados S.Coop.,30106.48,29471.85,5.38,2025-05-21 04:09:51,completed,1fadc760-de45-4920-ba55-c18df2de195e,2025-04-06 04:09:51
LOT-SOY-0257,Soya,Logística Larrea & Asociados S.A.,44379.34,22952.65,4.85,2025-04-30 04:09:51,expired,822f07a9-e410-45f7-9731-387fef39cc4a,2025-04-06 04:09:51
LOT-SOY-0258,Soya,Hotel Soriano S.Coop.,25563.08,24123.41,4.98,2025-05-19 04:09:51,completed,9f830150-18b9-4945-bfca-7dba34147d1d,2025-04-06 04:09:51
LOT-SOY-0259,Soya,Distribuciones Ferrer & Asociados S.Coop.,23441.67,22777.54,5.24,2025-05-18 04:09:51,completed,1fadc760-de45-4920-ba55-c18df2de195e,2025-04-06 04:09:51
LOT-SOY-0260,Soya,Santiago Menéndez Santiago S.Coop.,21807.55,11210.08,4.57,2025-06-05 04:09:51,expired,9f830150-18b9-4945-bfca-7dba34147d1d,2025-05-06 04:09:51
LOT-SOY-0261,Soya,Villalonga y asociados S.L.L.,8703.1,7980.65,4.69,2025-05-26 04:09:51,completed,9f830150-18b9-4945-bfca-7dba34147d1d,2025-05-06 04:09:51
LOT-SOY-0262,Soya,Suministros Integrales S.L.,7709.92,7146.49,4.49,2025-06-04 04:09:51,completed,822f07a9-e410-45f7-9731-387fef39cc4a,2025-05-06 04:09:51
LOT-SOY-0263,Soya,Hermanos Benet S.Com.,17729.08,7626.96,4.63,2025-05-31 04:09:51,expired,ac172182-c0b9-4c38-b9fc-d7da5a69c2a0,2025-05-06 04:09:51
LOT-SOY-0264,Soya,Arévalo & Asociados S.L.N.E,9608.43,8729.29,5.04,2025-06-18 04:09:51,completed,9f830150-18b9-4945-bfca-7dba34147d1d,2025-05-06 04:09:51
LOT-SOY-0265,Soya,Hermanos Redondo S.L.,27707.15,26402.54,4.6,2025-05-30 04:09:51,completed,ac172182-c0b9-4c38-b9fc-d7da5a69c2a0,2025-05-06 04:09:51
LOT-SOY-0266,Soya,Bejarano y asociados S.Coop.,14361.23,13806.0,5.0,2025-06-15 04:09:51,completed,ce7054cf-8c59-4151-8af4-32616beee2ce,2025-05-06 04:09:51
LOT-SOY-0267,Soya,Logística Nebot y asociados S.Com.,38534.32,17525.81,4.29,2025-06-30 04:09:51,expired,822f07a9-e410-45f7-9731-387fef39cc4a,2025-06-05 04:09:51
LOT-SOY-0268,Soya,Despacho Medina S.L.,7415.6,4819.63,4.66,2025-07-01 04:09:51,expired,ac172182-c0b9-4c38-b9fc-d7da5a69c2a0,2025-06-05 04:09:51
LOT-SOY-0269,Soya,Julián y Naranjo S.L.,32900.18,9172.44,4.57,2025-07-07 04:09:51,expired,ac172182-c0b9-4c38-b9fc-d7da5a69c2a0,2025-06-05 04:09:51
LOT-SOY-0270,Soya,Saura y asociados S.L.,31456.51,29401.3,4.8,2025-06-21 04:09:51,completed,822f07a9-e410-45f7-9731-387fef39cc4a,2025-06-05 04:09:51
LOT-SOY-0271,Soya,Comercializadora del Sur S.Com.,6930.18,6390.71,4.42,2025-06-29 04:09:51,completed,822f07a9-e410-45f7-9731-387fef39cc4a,2025-06-05 04:09:51
LOT-SOY-0272,Soya,Supermercados BL S.Coop.,42613.29,40147.54,4.74,2025-07-07 04:09:51,completed,1fadc760-de45-4920-ba55-c18df2de195e,2025-06-05 04:09:51
LOT-SOY-0273,Soya,Cantón y Rebollo S.Coop.,46899.78,45056.58,4.62,2025-06-22 04:09:51,completed,1fadc760-de45-4920-ba55-c18df2de195e,2025-06-05 04:09:51
LOT-SOY-0274,Soya,Aragón y Abellán S.Coop.,30698.08,30668.61,4.85,2025-07-13 04:09:51,completed,ac172182-c0b9-4c38-b9fc-d7da5a69c2a0,2025-06-05 04:09:51
LOT-SOY-0275,Soya,Finanzas BVZB S.L.,44377.41,41481.98,4.97,2025-07-08 04:09:51,completed,822f07a9-e410-45f7-9731-387fef39cc4a,2025-06-05 04:09:51
LOT-SOY-0276,Soya,Hermanos Garcia S.L.N.E,26170.25,24743.38,5.04,2025-08-01 04:09:51,completed,1fadc760-de45-4920-ba55-c18df2de195e,2025-07-05 04:09:51
LOT-SOY-0277,Soya,Inmobiliaria RXWH S.Com.,38666.73,35686.57,4.79,2025-07-30 04:09:51,completed,9f830150-18b9-4945-bfca-7dba34147d1d,2025-07-05 04:09:51
LOT-SOY-0278,Soya,Minería BPV S.A.,19828.18,18120.46,5.06,2025-07-22 04:09:51,completed,1fadc760-de45-4920-ba55-c18df2de195e,2025-07-05 04:09:51
LOT-SOY-0279,Soya,Restauración Inteligentes S.A.,28193.97,28129.63,4.8,2025-08-04 04:09:51,completed,1fadc760-de45-4920-ba55-c18df2de195e,2025-07-05 04:09:51
LOT-SOY-0280,Soya,Fábrica Integrales S.A.,21255.22,20545.92,4.8,2025-07-23 04:09:51,completed,ac172182-c0b9-4c38-b9fc-d7da5a69c2a0,2025-07-05 04:09:51
LOT-SOY-0281,Soya,Nicolau y asociados S.L.N.E,21611.91,20436.4,4.93,2025-07-22 04:09:51,completed,ac172182-c0b9-4c38-b9fc-d7da5a69c2a0,2025-07-05 04:09:51
LOT-SOY-0282,Soya,Instalaciones del Levante S.Coop.,11194.97,10225.35,5.24,2025-08-19 04:09:51,completed,9f830150-18b9-4945-bfca-7dba34147d1d,2025-07-05 04:09:51
LOT-SOY-0283,Soya,Familia Palomo S.Com.,31118.05,30323.55,5.92,2025-08-27 04:09:51,completed,ce7054cf-8c59-4151-8af4-32616beee2ce,2025-08-04 04:09:51
LOT-SOY-0284,Soya,Banca Privada Iberia S.Com.,40108.88,36221.09,5.71,2025-08-31 04:09:51,completed,822f07a9-e410-45f7-9731-387fef39cc4a,2025-08-04 04:09:51
LOT-SOY-0285,Soya,Talleres IB S.Coop.,26735.59,25743.5,6.08,2025-08-19 04:09:51,completed,ce7054cf-8c59-4151-8af4-32616beee2ce,2025-08-04 04:09:51
LOT-SOY-0286,Soya,Chacón & Asociados S.Coop.,48564.79,47835.51,6.05,2025-08-29 04:09:51,completed,ac172182-c0b9-4c38-b9fc-d7da5a69c2a0,2025-08-04 04:09:51
LOT-SOY-0287,Soya,Samanta Barragán Somoza S.L.U.,35888.93,33397.72,6.18,2025-09-15 04:09:51,completed,822f07a9-e410-45f7-9731-387fef39cc4a,2025-08-04 04:09:51
LOT-SOY-0288,Soya,Comercial Heredia S.L.,43004.72,41171.59,6.37,2025-08-20 04:09:51,completed,1fadc760-de45-4920-ba55-c18df2de195e,2025-08-04 04:09:51
LOT-SOY-0289,Soya,Inversiones Egea y asociados S.C.P,48491.38,47306.71,6.83,2025-10-07 04:09:51,completed,ce7054cf-8c59-4151-8af4-32616beee2ce,2025-09-03 04:09:51
LOT-SOY-0290,Soya,Hnos Soto S.A.,19108.11,18765.0,6.68,2025-09-19 04:09:51,completed,ac172182-c0b9-4c38-b9fc-d7da5a69c2a0,2025-09-03 04:09:51
LOT-SOY-0291,Soya,Logística Huertas y asociados S.A.T.,47206.32,46707.09,7.17,2025-10-12 04:09:51,completed,ce7054cf-8c59-4151-8af4-32616beee2ce,2025-09-03 04:09:51
LOT-SOY-0292,Soya,Logística Españolas S.C.P,29018.89,28010.41,6.51,2025-09-18 04:09:51,completed,1fadc760-de45-4920-ba55-c18df2de195e,2025-09-03 04:09:51
LOT-SOY-0293,Soya,Finanzas VHR S.Coop.,22184.57,21013.05,7.08,2025-10-29 04:09:51,completed,ce7054cf-8c59-4151-8af4-32616beee2ce,2025-10-03 04:09:51
LOT-SOY-0294,Soya,Farmaceútica Arellano & Asociados S.A.,5583.18,5086.7,7.0,2025-11-14 04:09:51,completed,ac172182-c0b9-4c38-b9fc-d7da5a69c2a0,2025-10-03 04:09:51
LOT-SOY-0295,Soya,Blas Terrón Madrid S.A.,24953.11,24149.43,6.85,2025-11-17 04:09:51,completed,1fadc760-de45-4920-ba55-c18df2de195e,2025-10-03 04:09:51
LOT-SOY-0296,Soya,Transportes Fuente y asociados S.L.,15050.27,13812.35,7.0,2025-11-02 04:09:51,completed,ce7054cf-8c59-4151-8af4-32616beee2ce,2025-10-03 04:09:51
LOT-SOY-0297,Soya,Grupo Pozo S.L.N.E,39780.43,39419.52,7.31,2025-10-30 04:09:51,completed,1fadc760-de45-4920-ba55-c18df2de195e,2025-10-03 04:09:51
LOT-SOY-0298,Soya,Familia Herrero S.L.N.E,20683.29,20129.69,7.28,2025-11-16 04:09:51,completed,1fadc760-de45-4920-ba55-c18df2de195e,2025-10-03 04:09:51
LOT-SOY-0299,Soya,Hnos Arribas S.A.,18875.83,18020.12,7.01,2025-10-30 04:09:51,completed,ce7054cf-8c59-4151-8af4-32616beee2ce,2025-10-03 04:09:51
LOT-SOY-0300,Soya,Manufacturas Neira y asociados S.Com.,46980.89,42649.41,7.26,2025-10-24 04:09:51,completed,ac172182-c0b9-4c38-b9fc-d7da5a69c2a0,2025-10-03 04:09:51
LOT-SOY-0301,Soya,Compañía CO S.Coop.,48535.13,44825.18,6.68,2025-10-24 04:09:51,completed,9f830150-18b9-4945-bfca-7dba34147d1d,2025-10-03 04:09:51
LOT-SOY-0302,Soya,Hnos Trillo S.L.,13051.57,12104.18,7.36,2025-11-13 04:09:51,completed,ce7054cf-8c59-4151-8af4-32616beee2ce,2025-10-03 04:09:51
LOT-SOY-0303,Soya,Construcción AN S.Com.,7706.04,7163.68,7.21,2025-12-05 04:09:51,completed,822f07a9-e410-45f7-9731-387fef39cc4a,2025-11-02 04:09:51
LOT-SOY-0304,Soya,Piquer y Sanz S.A.,45568.61,42909.29,6.57,2025-12-07 04:09:51,completed,9f830150-18b9-4945-bfca-7dba34147d1d,2025-11-02 04:09:51
LOT-SOY-0305,Soya,Plácido Talavera Barrena S.L.N.E,25002.8,24828.01,6.54,2025-12-08 04:09:51,completed,ac172182-c0b9-4c38-b9fc-d7da5a69c2a0,2025-11-02 04:09:51
LOT-SOY-0306,Soya,Infraestructuras Zorrilla y asociados S.L.,46359.96,43080.95,7.21,2025-12-11 04:09:51,completed,1fadc760-de45-4920-ba55-c18df2de195e,2025-11-02 04:09:51
LOT-SOY-0307,Soya,Arnal y Alcántara S.C.P,9979.82,8985.42,6.75,2025-12-13 04:09:51,completed,ac172182-c0b9-4c38-b9fc-d7da5a69c2a0,2025-11-02 04:09:51
LOT-SOY-0308,Soya,Grupo Miró S.Com.,48212.73,47883.04,6.59,2025-12-08 04:09:51,completed,ac172182-c0b9-4c38-b9fc-d7da5a69c2a0,2025-11-02 04:09:51
LOT-SOY-0309,Soya,Construcción FWKI S.A.,10636.58,9684.36,6.5,2025-12-06 04:09:51,completed,822f07a9-e410-45f7-9731-387fef39cc4a,2025-11-02 04:09:51
LOT-SOY-0310,Soya,Banca Privada Serrano y asociados S.L.,39536.92,36624.3,7.2,2025-11-21 04:09:51,completed,822f07a9-e410-45f7-9731-387fef39cc4a,2025-11-02 04:09:51
LOT-SOY-0311,Soya,Restauración Llano & Asociados S.Coop.,23017.23,21059.54,6.84,2025-12-13 04:09:51,completed,1fadc760-de45-4920-ba55-c18df2de195e,2025-11-02 04:09:51
LOT-SOY-0312,Soya,Pujol y asociados S.Coop.,14909.61,14876.93,6.5,2025-11-24 04:09:51,completed,1fadc760-de45-4920-ba55-c18df2de195e,2025-11-02 04:09:51
LOT-SOY-0313,Soya,Industrias PZ S.L.N.E,31480.87,29645.57,6.56,2026-01-03 04:09:51,completed,822f07a9-e410-45f7-9731-387fef39cc4a,2025-12-02 04:09:51
LOT-SOY-0314,Soya,Infraestructuras ZNTV S.L.N.E,41466.11,40983.68,6.65,2025-12-30 04:09:51,completed,1fadc760-de45-4920-ba55-c18df2de195e,2025-12-02 04:09:51
LOT-SOY-0315,Soya,Camacho y Falcón S.L.N.E,6442.23,6440.12,6.48,2026-01-15 04:09:51,completed,9f830150-18b9-4945-bfca-7dba34147d1d,2025-12-02 04:09:51
LOT-SOY-0316,Soya,Despacho Valera S.Coop.,36777.08,34630.5,6.21,2025-12-20 04:09:51,completed,1fadc760-de45-4920-ba55-c18df2de195e,2025-12-02 04:09:51
LOT-SOY-0317,Soya,Restauración Alcaraz y asociados S.Coop.,37696.32,35602.41,6.24,2026-01-05 04:09:51,completed,9f830150-18b9-4945-bfca-7dba34147d1d,2025-12-02 04:09:51
LOT-SOY-0318,Soya,Restauración Aller S.A.,37003.18,33854.95,6.51,2026-01-13 04:09:51,completed,ce7054cf-8c59-4151-8af4-32616beee2ce,2025-12-02 04:09:51
LOT-SOY-0319,Soya,Miguel & Asociados S.Com.,45560.12,45461.59,6.4,2026-01-07 04:09:51,completed,ac172182-c0b9-4c38-b9fc-d7da5a69c2a0,2025-12-02 04:09:51
LOT-SOY-0320,Soya,Banco IHTA S.A.,9972.46,9965.36,6.08,2026-01-09 04:09:51,completed,9f830150-18b9-4945-bfca-7dba34147d1d,2025-12-02 04:09:51
LOT-SOY-0321,Soya,Soluciones Luna y asociados S.L.,12077.79,11700.42,6.66,2025-12-23 04:09:51,completed,1fadc760-de45-4920-ba55-c18df2de195e,2025-12-02 04:09:51
LOT-SOY-0322,Soya,Villalonga y Antúnez S.A.,34840.56,32184.17,6.11,2025-12-17 04:09:51,completed,1fadc760-de45-4920-ba55-c18df2de195e,2025-12-02 04:09:51
LOT-SOY-0323,Soya,Torrents y asociados S.A.,25388.78,24819.48,5.98,2026-01-30 04:09:51,completed,1fadc760-de45-4920-ba55-c18df2de195e,2026-01-01 04:09:51
LOT-SOY-0324,Soya,Supermercados JQOR S.A.T.,22871.58,21301.77,5.94,2026-01-16 04:09:51,completed,822f07a9-e410-45f7-9731-387fef39cc4a,2026-01-01 04:09:51
LOT-SOY-0325,Soya,Fábrica Peláez y asociados S.L.,23759.46,22278.55,5.88,2026-01-26 04:09:51,completed,ac172182-c0b9-4c38-b9fc-d7da5a69c2a0,2026-01-01 04:09:51
LOT-SOY-0326,Soya,Pérez y Bolaños S.L.,41427.38,39304.37,6.69,2026-02-14 04:09:51,completed,1fadc760-de45-4920-ba55-c18df2de195e,2026-01-01 04:09:51
LOT-SOY-0327,Soya,Logística UD S.A.,49728.61,48211.28,6.35,2026-02-13 04:09:51,completed,822f07a9-e410-45f7-9731-387fef39cc4a,2026-01-01 04:09:51
LOT-SOY-0328,Soya,Soluciones ILV S.A.,36754.37,35003.71,6.52,2026-01-22 04:09:51,completed,9f830150-18b9-4945-bfca-7dba34147d1d,2026-01-01 04:09:51
LOT-SOY-0329,Soya,Carolina Frías Cueto S.L.L.,5021.94,4650.18,6.05,2026-02-28 04:09:51,completed,ce7054cf-8c59-4151-8af4-32616beee2ce,2026-01-31 04:09:51
LOT-SOY-0330,Soya,Hnos Belda S.Com.,43115.89,29606.68,5.85,2026-03-15 04:09:51,expired,1fadc760-de45-4920-ba55-c18df2de195e,2026-01-31 04:09:51
LOT-SOY-0331,Soya,Sol Villalba Pastor S.Coop.,24501.68,22532.1,6.21,2026-02-26 04:09:51,completed,1fadc760-de45-4920-ba55-c18df2de195e,2026-01-31 04:09:51
LOT-SOY-0332,Soya,Finanzas KB S.A.,8629.96,8253.72,6.81,2026-02-26 04:09:51,completed,822f07a9-e410-45f7-9731-387fef39cc4a,2026-01-31 04:09:51
LOT-SOY-0333,Soya,Barreda y Palomares S.Coop.,38434.29,37282.11,6.01,2026-03-13 04:09:51,completed,1fadc760-de45-4920-ba55-c18df2de195e,2026-01-31 04:09:51
LOT-SOY-0334,Soya,Alimentación del Norte S.L.N.E,14975.99,13901.47,6.1,2026-03-21 04:09:51,completed,ce7054cf-8c59-4151-8af4-32616beee2ce,2026-03-02 04:09:51
LOT-SOY-0335,Soya,Pareja & Asociados S.Coop.,44476.88,44145.85,5.47,2026-04-02 04:09:51,completed,ce7054cf-8c59-4151-8af4-32616beee2ce,2026-03-02 04:09:51
LOT-SOY-0336,Soya,Pombo y Angulo S.A.T.,12994.62,12525.47,5.61,2026-03-21 04:09:51,completed,ce7054cf-8c59-4151-8af4-32616beee2ce,2026-03-02 04:09:51
LOT-SOY-0337,Soya,Minería HF S.L.N.E,37339.1,36537.0,6.02,2026-03-21 04:09:51,completed,822f07a9-e410-45f7-9731-387fef39cc4a,2026-03-02 04:09:51
LOT-SOY-0338,Soya,Distribuciones Chaves y asociados S.A.,25728.18,23509.49,5.75,2026-04-07 04:09:51,completed,ac172182-c0b9-4c38-b9fc-d7da5a69c2a0,2026-03-02 04:09:51
LOT-SOY-0339,Soya,Farmaceútica Gálvez & Asociados S.L.,34871.0,33584.83,5.3,2026-03-28 04:09:51,completed,1fadc760-de45-4920-ba55-c18df2de195e,2026-03-02 04:09:51
LOT-SOY-0340,Soya,Alex Paredes Uribe S.L.L.,14570.41,13302.91,6.13,2026-04-11 04:09:51,completed,ce7054cf-8c59-4151-8af4-32616beee2ce,2026-03-02 04:09:51
LOT-SOY-0341,Soya,Familia Cadenas S.Coop.,39562.09,38202.87,5.64,2026-03-24 04:09:51,completed,822f07a9-e410-45f7-9731-387fef39cc4a,2026-03-02 04:09:51
LOT-SOY-0342,Soya,Mena y Cuervo S.Coop.,34753.39,33545.56,5.46,2026-03-26 04:09:51,completed,9f830150-18b9-4945-bfca-7dba34147d1d,2026-03-02 04:09:51
LOT-SOY-0343,Soya,Farmaceútica Rozas S.L.,14038.32,8259.38,5.17,2026-04-17 04:09:51,expired,ce7054cf-8c59-4151-8af4-32616beee2ce,2026-04-01 04:09:51
LOT-SOY-0344,Soya,Compañía Gilabert & Asociados S.C.P,9068.27,8944.53,5.7,2026-05-10 04:09:51,completed,ac172182-c0b9-4c38-b9fc-d7da5a69c2a0,2026-04-01 04:09:51
LOT-SOY-0345,Soya,Construcción Internacionales S.Com.,14760.09,14731.47,5.66,2026-04-28 04:09:51,completed,1fadc760-de45-4920-ba55-c18df2de195e,2026-04-01 04:09:51
LOT-SOY-0346,Soya,Infraestructuras Jara S.A.U,12775.17,12420.58,5.6,2026-04-27 04:09:51,completed,9f830150-18b9-4945-bfca-7dba34147d1d,2026-04-01 04:09:51
LOT-SOY-0347,Soya,Seco y Montero S.Com.,19542.36,19519.53,5.48,2026-04-29 04:09:51,completed,ac172182-c0b9-4c38-b9fc-d7da5a69c2a0,2026-04-01 04:09:51
LOT-SOY-0348,Soya,Consultoría Izquierdo & Asociados S.Com.,40882.02,40284.58,5.36,2026-05-02 04:09:51,completed,1fadc760-de45-4920-ba55-c18df2de195e,2026-04-01 04:09:51
LOT-SOY-0349,Soya,Construcción del Levante S.Com.,38757.55,35312.45,5.7,2026-04-16 04:09:51,completed,ce7054cf-8c59-4151-8af4-32616beee2ce,2026-04-01 04:09:51
LOT-SOY-0350,Soya,Logística Quintero & Asociados S.A.,46619.14,24252.09,4.9,2026-05-25 04:09:51,active,ac172182-c0b9-4c38-b9fc-d7da5a69c2a0,2026-05-01 04:09:51
LOT-SOY-0351,Soya,Casado y Ropero S.L.,24612.67,23740.26,4.79,2026-06-01 04:09:51,completed,ce7054cf-8c59-4151-8af4-32616beee2ce,2026-05-01 04:09:51
LOT-SOY-0352,Soya,Familia Arana S.A.T.,46749.78,43627.41,5.23,2026-05-31 04:09:51,completed,1fadc760-de45-4920-ba55-c18df2de195e,2026-05-01 04:09:51
LOT-SOY-0353,Soya,Industrias TB S.L.L.,32563.95,23240.14,5.0,2026-06-10 04:09:51,active,ac172182-c0b9-4c38-b9fc-d7da5a69c2a0,2026-05-01 04:09:51
LOT-SOY-0354,Soya,Grupo Atienza S.L.,24966.07,22861.62,4.74,2026-06-04 04:09:51,completed,822f07a9-e410-45f7-9731-387fef39cc4a,2026-05-01 04:09:51
LOT-SOY-0355,Soya,Promociones KGSK S.L.N.E,20553.43,11980.83,4.93,2026-05-25 04:09:51,active,822f07a9-e410-45f7-9731-387fef39cc4a,2026-05-01 04:09:51
LOT-SOY-0356,Soya,Despacho Rocamora S.Com.,36080.72,33179.09,5.27,2026-05-28 04:09:51,completed,ce7054cf-8c59-4151-8af4-32616beee2ce,2026-05-01 04:09:51
LOT-SOY-0357,Soya,Hermanos Madrid S.Coop.,18958.09,12582.37,4.8,2026-05-16 04:09:51,active,9f830150-18b9-4945-bfca-7dba34147d1d,2026-05-01 04:09:51
LOT-AZU-0001,Azucar,Manufacturas AEES S.L.N.E,20567.72,19671.22,3.77,2022-05-21 04:09:51,completed,ce7054cf-8c59-4151-8af4-32616beee2ce,2022-04-22 04:09:51
LOT-AZU-0002,Azucar,Industrias ZZ S.L.L.,32014.91,28881.55,3.93,2022-05-16 04:09:51,completed,ac172182-c0b9-4c38-b9fc-d7da5a69c2a0,2022-04-22 04:09:51
LOT-AZU-0003,Azucar,Fábrica del Noroeste S.A.,12053.72,11657.29,3.79,2022-05-20 04:09:51,completed,ac172182-c0b9-4c38-b9fc-d7da5a69c2a0,2022-04-22 04:09:51
LOT-AZU-0004,Azucar,Fábrica Pintor S.L.N.E,16182.87,15069.31,3.57,2022-05-24 04:09:51,completed,5230c44f-1ffb-4722-b4b2-8f7aa7e4d21b,2022-04-22 04:09:51
LOT-AZU-0005,Azucar,Grupo Carro S.Com.,35343.19,35084.67,3.89,2022-05-19 04:09:51,completed,5230c44f-1ffb-4722-b4b2-8f7aa7e4d21b,2022-04-22 04:09:51
LOT-AZU-0006,Azucar,Inmobiliaria WK S.Com.,4420.11,4006.67,3.99,2022-05-31 04:09:51,completed,5230c44f-1ffb-4722-b4b2-8f7aa7e4d21b,2022-04-22 04:09:51
LOT-AZU-0007,Azucar,Matilde Calderón Falcó S.L.,13109.33,12519.59,4.14,2022-05-31 04:09:51,completed,c42d60f7-72a5-4218-8455-6843a1d63934,2022-04-22 04:09:51
LOT-AZU-0008,Azucar,Puga y Macías S.C.P,23332.09,21587.74,3.09,2022-06-14 04:09:51,completed,db5658e5-65b8-41d0-96ce-1876bc9e5e9d,2022-05-22 04:09:51
LOT-AZU-0009,Azucar,Isabela Fabregat Rosales S.L.U.,20251.15,19761.97,3.02,2022-06-30 04:09:51,completed,664ca3d9-b4cc-4644-b4bc-d65ed5ce51e1,2022-05-22 04:09:51
LOT-AZU-0010,Azucar,Alexandra Mulet Heredia S.Coop.,6239.85,5781.16,3.12,2022-06-30 04:09:51,completed,ac172182-c0b9-4c38-b9fc-d7da5a69c2a0,2022-05-22 04:09:51
LOT-AZU-0011,Azucar,Manufacturas Inteligentes S.Coop.,7996.37,4765.1,3.21,2022-06-20 04:09:51,expired,ce7054cf-8c59-4151-8af4-32616beee2ce,2022-05-22 04:09:51
LOT-AZU-0012,Azucar,Compañía Ledesma S.A.,12465.75,11648.84,2.97,2022-07-02 04:09:51,completed,822f07a9-e410-45f7-9731-387fef39cc4a,2022-05-22 04:09:51
LOT-AZU-0013,Azucar,Salamanca y asociados S.Coop.,37643.03,35409.7,3.0,2022-07-11 04:09:51,completed,664ca3d9-b4cc-4644-b4bc-d65ed5ce51e1,2022-06-21 04:09:51
LOT-AZU-0014,Azucar,Bas y Echeverría S.L.,38872.66,36129.12,2.95,2022-07-27 04:09:51,completed,e93f25fc-9b20-4187-95fa-859beca1159e,2022-06-21 04:09:51
LOT-AZU-0015,Azucar,Talleres Integrales S.Coop.,21551.65,19559.51,3.01,2022-07-09 04:09:51,completed,ce7054cf-8c59-4151-8af4-32616beee2ce,2022-06-21 04:09:51
LOT-AZU-0016,Azucar,Gregorio Ríos Isern S.Com.,10008.23,9981.01,2.7,2022-08-05 04:09:51,completed,ac172182-c0b9-4c38-b9fc-d7da5a69c2a0,2022-06-21 04:09:51
LOT-AZU-0017,Azucar,Rico Pineda Molins S.Coop.,21504.0,20170.87,3.05,2022-07-07 04:09:51,completed,5230c44f-1ffb-4722-b4b2-8f7aa7e4d21b,2022-06-21 04:09:51
LOT-AZU-0018,Azucar,Torralba & Asociados S.A.T.,21367.52,20745.93,2.96,2022-08-03 04:09:51,completed,c42d60f7-72a5-4218-8455-6843a1d63934,2022-06-21 04:09:51
LOT-AZU-0019,Azucar,Alegre y Mariño S.L.,39282.93,38351.14,2.76,2022-07-23 04:09:51,completed,e93f25fc-9b20-4187-95fa-859beca1159e,2022-06-21 04:09:51
LOT-AZU-0020,Azucar,Desarrollo Acuña y asociados S.L.,37170.6,34178.41,3.01,2022-07-06 04:09:51,completed,91b887de-f920-4f25-aa0b-5e71502435fc,2022-06-21 04:09:51
LOT-AZU-0021,Azucar,Banco del Levante S.A.,26076.95,13087.03,2.93,2022-08-07 04:09:51,expired,ce7054cf-8c59-4151-8af4-32616beee2ce,2022-07-21 04:09:51
LOT-AZU-0022,Azucar,Familia Bejarano S.L.,12469.12,12286.44,2.65,2022-08-12 04:09:51,completed,c42d60f7-72a5-4218-8455-6843a1d63934,2022-07-21 04:09:51
LOT-AZU-0023,Azucar,Grupo Mas S.L.,11960.73,11528.38,2.98,2022-08-16 04:09:51,completed,822f07a9-e410-45f7-9731-387fef39cc4a,2022-07-21 04:09:51
LOT-AZU-0024,Azucar,Farmaceútica Tapia S.Com.,29144.69,26919.43,2.6,2022-08-30 04:09:51,completed,1fadc760-de45-4920-ba55-c18df2de195e,2022-07-21 04:09:51
LOT-AZU-0025,Azucar,Zurita y Sevilla S.L.,7327.94,6997.99,2.64,2022-08-09 04:09:51,completed,ce7054cf-8c59-4151-8af4-32616beee2ce,2022-07-21 04:09:51
LOT-AZU-0026,Azucar,Industrias Campo & Asociados S.C.P,4709.44,4538.42,2.95,2022-08-16 04:09:51,completed,822f07a9-e410-45f7-9731-387fef39cc4a,2022-07-21 04:09:51
LOT-AZU-0027,Azucar,Desarrollo Bauzà y asociados S.Coop.,19420.4,17563.51,2.64,2022-08-20 04:09:51,completed,ac172182-c0b9-4c38-b9fc-d7da5a69c2a0,2022-07-21 04:09:51
LOT-AZU-0028,Azucar,Desarrollo HMGO S.L.,38747.66,37479.82,2.88,2022-09-10 04:09:51,completed,664ca3d9-b4cc-4644-b4bc-d65ed5ce51e1,2022-08-20 04:09:51
LOT-AZU-0029,Azucar,Hnos Barbero S.A.,4979.68,1007.93,2.84,2022-09-12 04:09:51,expired,822f07a9-e410-45f7-9731-387fef39cc4a,2022-08-20 04:09:51
LOT-AZU-0030,Azucar,Fábrica Flor y asociados S.L.N.E,6830.56,6298.91,2.73,2022-09-06 04:09:51,completed,c42d60f7-72a5-4218-8455-6843a1d63934,2022-08-20 04:09:51
LOT-AZU-0031,Azucar,Inmobiliaria Guardiola y asociados S.L.,3451.97,3374.16,2.7,2022-09-24 04:09:51,completed,1fadc760-de45-4920-ba55-c18df2de195e,2022-08-20 04:09:51
LOT-AZU-0032,Azucar,Hermanos Velasco S.Coop.,8346.27,7617.58,3.1,2022-10-04 04:09:51,completed,822f07a9-e410-45f7-9731-387fef39cc4a,2022-08-20 04:09:51
LOT-AZU-0033,Azucar,Inmobiliaria Cabrera S.L.,18915.48,17568.68,3.04,2022-09-07 04:09:51,completed,ce7054cf-8c59-4151-8af4-32616beee2ce,2022-08-20 04:09:51
LOT-AZU-0034,Azucar,Leticia Albero Cardona S.L.,27162.11,26507.66,3.19,2022-10-19 04:09:51,completed,822f07a9-e410-45f7-9731-387fef39cc4a,2022-09-19 04:09:51
LOT-AZU-0035,Azucar,Construcción Cabrero y asociados S.L.N.E,4804.91,1465.45,3.37,2022-10-04 04:09:51,expired,ac172182-c0b9-4c38-b9fc-d7da5a69c2a0,2022-09-19 04:09:51
LOT-AZU-0036,Azucar,Aznar y asociados S.A.,9258.62,8941.24,2.89,2022-10-15 04:09:51,completed,822f07a9-e410-45f7-9731-387fef39cc4a,2022-09-19 04:09:51
LOT-AZU-0037,Azucar,España y Montes S.A.,9567.57,9464.68,3.12,2022-10-04 04:09:51,completed,c42d60f7-72a5-4218-8455-6843a1d63934,2022-09-19 04:09:51
LOT-AZU-0038,Azucar,Lucas Segovia Bellido S.A.U,27150.27,25291.96,3.13,2022-10-19 04:09:51,completed,ce7054cf-8c59-4151-8af4-32616beee2ce,2022-09-19 04:09:51
LOT-AZU-0039,Azucar,Promociones Inteligentes S.L.N.E,21291.7,19638.91,3.28,2022-10-13 04:09:51,completed,e93f25fc-9b20-4187-95fa-859beca1159e,2022-09-19 04:09:51
LOT-AZU-0040,Azucar,Madrid y Alvarado S.Com.,9309.63,8547.51,2.95,2022-10-31 04:09:51,completed,e93f25fc-9b20-4187-95fa-859beca1159e,2022-09-19 04:09:51
LOT-AZU-0041,Azucar,Transportes Salamanca S.A.,5191.68,2502.42,3.27,2022-10-10 04:09:51,expired,91b887de-f920-4f25-aa0b-5e71502435fc,2022-09-19 04:09:51
LOT-AZU-0042,Azucar,Hermanos Sáez S.A.,25864.9,6587.46,2.94,2022-10-30 04:09:51,expired,c42d60f7-72a5-4218-8455-6843a1d63934,2022-09-19 04:09:51
LOT-AZU-0043,Azucar,Instalaciones Valls S.A.,14159.06,13857.1,3.24,2022-10-29 04:09:51,completed,ce7054cf-8c59-4151-8af4-32616beee2ce,2022-09-19 04:09:51
LOT-AZU-0044,Azucar,Gallart y asociados S.C.P,11596.65,11516.03,3.54,2022-11-26 04:09:51,completed,c42d60f7-72a5-4218-8455-6843a1d63934,2022-10-19 04:09:51
LOT-AZU-0045,Azucar,Logística SN S.A.,26851.39,26221.86,3.37,2022-11-10 04:09:51,completed,ac172182-c0b9-4c38-b9fc-d7da5a69c2a0,2022-10-19 04:09:51
LOT-AZU-0046,Azucar,Suministros UZE S.Com.,12061.41,11084.81,3.13,2022-11-24 04:09:51,completed,822f07a9-e410-45f7-9731-387fef39cc4a,2022-10-19 04:09:51
LOT-AZU-0047,Azucar,Montalbán y Palomares S.L.L.,22142.31,20141.75,3.04,2022-11-08 04:09:51,completed,5230c44f-1ffb-4722-b4b2-8f7aa7e4d21b,2022-10-19 04:09:51
LOT-AZU-0048,Azucar,Hnos Diego S.A.,34342.93,12267.38,3.19,2022-12-02 04:09:51,expired,c42d60f7-72a5-4218-8455-6843a1d63934,2022-10-19 04:09:51
LOT-AZU-0049,Azucar,Minería del Levante S.L.N.E,31852.26,29604.84,3.45,2022-11-08 04:09:51,completed,822f07a9-e410-45f7-9731-387fef39cc4a,2022-10-19 04:09:51
LOT-AZU-0050,Azucar,Consultoría Arcos & Asociados S.L.N.E,14219.19,13563.47,3.04,2022-11-15 04:09:51,completed,664ca3d9-b4cc-4644-b4bc-d65ed5ce51e1,2022-10-19 04:09:51
LOT-AZU-0051,Azucar,Farré y asociados S.A.,16295.97,14746.26,3.29,2022-11-04 04:09:51,completed,5230c44f-1ffb-4722-b4b2-8f7aa7e4d21b,2022-10-19 04:09:51
LOT-AZU-0052,Azucar,Soluciones Cerdá & Asociados S.L.N.E,26060.99,8988.14,3.22,2022-12-03 04:09:51,expired,c42d60f7-72a5-4218-8455-6843a1d63934,2022-10-19 04:09:51
LOT-AZU-0053,Azucar,Soluciones Ibéricos S.L.L.,7027.43,6913.71,3.83,2022-12-30 04:09:51,completed,ac172182-c0b9-4c38-b9fc-d7da5a69c2a0,2022-11-18 04:09:51
LOT-AZU-0054,Azucar,Prat y Feijoo S.L.,6107.91,5807.7,3.68,2022-12-27 04:09:51,completed,ac172182-c0b9-4c38-b9fc-d7da5a69c2a0,2022-11-18 04:09:51
LOT-AZU-0055,Azucar,Pavón y Benito S.A.,31902.19,31835.62,3.56,2022-12-05 04:09:51,completed,5230c44f-1ffb-4722-b4b2-8f7aa7e4d21b,2022-11-18 04:09:51
LOT-AZU-0056,Azucar,Feijoo & Asociados S.L.,20701.49,19619.51,3.68,2022-12-28 04:09:51,completed,5230c44f-1ffb-4722-b4b2-8f7aa7e4d21b,2022-11-18 04:09:51
LOT-AZU-0057,Azucar,Fábrica Blanca S.C.P,7189.29,7078.18,3.54,2022-12-30 04:09:51,completed,822f07a9-e410-45f7-9731-387fef39cc4a,2022-11-18 04:09:51
LOT-AZU-0058,Azucar,Inversiones Piña & Asociados S.L.N.E,19956.77,19943.52,3.91,2023-01-08 04:09:51,completed,664ca3d9-b4cc-4644-b4bc-d65ed5ce51e1,2022-12-18 04:09:51
LOT-AZU-0059,Azucar,Maricruz Salas Montesinos S.L.N.E,31872.84,31645.06,4.14,2023-01-17 04:09:51,completed,e93f25fc-9b20-4187-95fa-859beca1159e,2022-12-18 04:09:51
LOT-AZU-0060,Azucar,Minería Fabra & Asociados S.Coop.,18997.03,18580.86,3.85,2023-01-23 04:09:51,completed,c42d60f7-72a5-4218-8455-6843a1d63934,2022-12-18 04:09:51
LOT-AZU-0061,Azucar,Múgica & Asociados S.Coop.,15901.28,15074.98,4.1,2023-01-18 04:09:51,completed,e93f25fc-9b20-4187-95fa-859beca1159e,2022-12-18 04:09:51
LOT-AZU-0062,Azucar,Comercial Figuerola S.L.N.E,34836.95,33525.4,3.81,2023-01-05 04:09:51,completed,c42d60f7-72a5-4218-8455-6843a1d63934,2022-12-18 04:09:51
LOT-AZU-0063,Azucar,Consultoría Nuñez & Asociados S.A.,7359.45,7246.89,4.12,2023-01-15 04:09:51,completed,5230c44f-1ffb-4722-b4b2-8f7aa7e4d21b,2022-12-18 04:09:51
LOT-AZU-0064,Azucar,Instalaciones PYBE S.Coop.,12737.2,11585.62,4.61,2023-02-03 04:09:51,completed,e93f25fc-9b20-4187-95fa-859beca1159e,2023-01-17 04:09:51
LOT-AZU-0065,Azucar,Inmobiliaria DFFT S.Com.,25301.29,23865.98,4.25,2023-02-19 04:09:51,completed,5230c44f-1ffb-4722-b4b2-8f7aa7e4d21b,2023-01-17 04:09:51
LOT-AZU-0066,Azucar,Comercial Heras & Asociados S.L.U.,11966.45,11521.07,4.48,2023-02-21 04:09:51,completed,1fadc760-de45-4920-ba55-c18df2de195e,2023-01-17 04:09:51
LOT-AZU-0067,Azucar,Despacho Esteve S.A.,32242.66,30482.05,4.45,2023-02-07 04:09:51,completed,ac172182-c0b9-4c38-b9fc-d7da5a69c2a0,2023-01-17 04:09:51
LOT-AZU-0068,Azucar,Comercializadora NRVP S.A.,34636.12,32926.57,4.59,2023-03-18 04:09:51,completed,5230c44f-1ffb-4722-b4b2-8f7aa7e4d21b,2023-02-16 04:09:51
LOT-AZU-0069,Azucar,Hnos Tudela S.L.L.,39570.01,37706.69,4.05,2023-03-06 04:09:51,completed,5230c44f-1ffb-4722-b4b2-8f7aa7e4d21b,2023-02-16 04:09:51
LOT-AZU-0070,Azucar,Campo y Jaén S.L.L.,18349.56,16942.54,3.94,2023-03-08 04:09:51,completed,ac172182-c0b9-4c38-b9fc-d7da5a69c2a0,2023-02-16 04:09:51
LOT-AZU-0071,Azucar,Esmeralda Castilla Arellano S.A.U,39106.43,38018.76,4.11,2023-03-29 04:09:51,completed,5230c44f-1ffb-4722-b4b2-8f7aa7e4d21b,2023-02-16 04:09:51
LOT-AZU-0072,Azucar,Alimentación Globales S.L.N.E,34351.82,33977.21,4.1,2023-03-15 04:09:51,completed,e93f25fc-9b20-4187-95fa-859beca1159e,2023-02-16 04:09:51
LOT-AZU-0073,Azucar,Farmaceútica Internacionales S.A.,17159.25,17068.74,4.08,2023-04-20 04:09:51,completed,664ca3d9-b4cc-4644-b4bc-d65ed5ce51e1,2023-03-18 04:09:51
LOT-AZU-0074,Azucar,Conesa y Sala S.A.,28899.18,28376.5,4.4,2023-04-09 04:09:51,completed,664ca3d9-b4cc-4644-b4bc-d65ed5ce51e1,2023-03-18 04:09:51
LOT-AZU-0075,Azucar,Hnos Bejarano S.C.P,12308.29,11474.34,4.42,2023-04-02 04:09:51,completed,664ca3d9-b4cc-4644-b4bc-d65ed5ce51e1,2023-03-18 04:09:51
LOT-AZU-0076,Azucar,Mur y asociados S.L.,24689.2,24567.44,3.92,2023-04-20 04:09:51,completed,e93f25fc-9b20-4187-95fa-859beca1159e,2023-03-18 04:09:51
LOT-AZU-0077,Azucar,Fabricio Echeverría Iriarte S.Com.,32050.39,30692.2,3.72,2023-05-07 04:09:51,completed,822f07a9-e410-45f7-9731-387fef39cc4a,2023-04-17 04:09:51
LOT-AZU-0078,Azucar,Consultoría PG S.L.,29554.29,27310.99,4.15,2023-05-03 04:09:51,completed,ce7054cf-8c59-4151-8af4-32616beee2ce,2023-04-17 04:09:51
LOT-AZU-0079,Azucar,Familia Riera S.C.P,21062.54,20259.69,4.28,2023-05-07 04:09:51,completed,1fadc760-de45-4920-ba55-c18df2de195e,2023-04-17 04:09:51
LOT-AZU-0080,Azucar,Construcción Bastida S.Com.,39342.93,36677.89,4.09,2023-05-11 04:09:51,completed,c42d60f7-72a5-4218-8455-6843a1d63934,2023-04-17 04:09:51
LOT-AZU-0081,Azucar,Banca Privada del Levante S.L.,16799.63,15905.01,4.19,2023-05-21 04:09:51,completed,822f07a9-e410-45f7-9731-387fef39cc4a,2023-04-17 04:09:51
LOT-AZU-0082,Azucar,Despacho Española S.Com.,15150.92,14405.41,3.99,2023-05-02 04:09:51,completed,c42d60f7-72a5-4218-8455-6843a1d63934,2023-04-17 04:09:51
LOT-AZU-0083,Azucar,Infraestructuras del Levante S.Coop.,20320.26,19324.86,3.07,2023-06-22 04:09:51,completed,1fadc760-de45-4920-ba55-c18df2de195e,2023-05-17 04:09:51
LOT-AZU-0084,Azucar,Cervantes y Arnaiz S.L.,26498.81,25832.79,3.07,2023-06-27 04:09:51,completed,5230c44f-1ffb-4722-b4b2-8f7aa7e4d21b,2023-05-17 04:09:51
LOT-AZU-0085,Azucar,Salvador Frutos Rozas S.L.,15255.16,4642.02,3.33,2023-06-26 04:09:51,expired,e93f25fc-9b20-4187-95fa-859beca1159e,2023-05-17 04:09:51
LOT-AZU-0086,Azucar,Hotel UR S.Coop.,39573.2,37318.53,3.06,2023-06-19 04:09:51,completed,5230c44f-1ffb-4722-b4b2-8f7aa7e4d21b,2023-05-17 04:09:51
LOT-AZU-0087,Azucar,Minería Pazos S.L.,39712.62,36665.51,3.51,2023-06-21 04:09:51,completed,ac172182-c0b9-4c38-b9fc-d7da5a69c2a0,2023-05-17 04:09:51
LOT-AZU-0088,Azucar,Meléndez y Alfaro S.Com.,8654.78,8061.48,3.05,2023-06-24 04:09:51,completed,c42d60f7-72a5-4218-8455-6843a1d63934,2023-05-17 04:09:51
LOT-AZU-0089,Azucar,Finanzas Internacionales S.L.,23847.41,12436.62,3.08,2023-07-29 04:09:51,expired,db5658e5-65b8-41d0-96ce-1876bc9e5e9d,2023-06-16 04:09:51
LOT-AZU-0090,Azucar,Salinas y Martín S.Coop.,35384.01,32948.1,2.84,2023-07-28 04:09:51,completed,e93f25fc-9b20-4187-95fa-859beca1159e,2023-06-16 04:09:51
LOT-AZU-0091,Azucar,Blazquez & Asociados S.L.,23204.53,7579.86,3.17,2023-07-30 04:09:51,expired,c42d60f7-72a5-4218-8455-6843a1d63934,2023-06-16 04:09:51
LOT-AZU-0092,Azucar,Leal y asociados S.A.,3898.97,3837.32,3.0,2023-07-07 04:09:51,completed,664ca3d9-b4cc-4644-b4bc-d65ed5ce51e1,2023-06-16 04:09:51
LOT-AZU-0093,Azucar,Finanzas EB S.L.,32866.41,14264.69,2.87,2023-08-13 04:09:51,expired,e93f25fc-9b20-4187-95fa-859beca1159e,2023-07-16 04:09:51
LOT-AZU-0094,Azucar,Gascón y asociados S.L.,13146.94,11850.07,3.14,2023-08-03 04:09:51,completed,1fadc760-de45-4920-ba55-c18df2de195e,2023-07-16 04:09:51
LOT-AZU-0095,Azucar,Teresita Guzmán Pons S.L.,11423.59,7478.23,2.78,2023-08-17 04:09:51,expired,db5658e5-65b8-41d0-96ce-1876bc9e5e9d,2023-07-16 04:09:51
LOT-AZU-0096,Azucar,Ovidio Valero Oliva S.C.P,26958.5,7355.26,2.72,2023-08-13 04:09:51,expired,db5658e5-65b8-41d0-96ce-1876bc9e5e9d,2023-07-16 04:09:51
LOT-AZU-0097,Azucar,Tecnologías DB S.C.P,20559.1,19325.84,2.95,2023-08-20 04:09:51,completed,664ca3d9-b4cc-4644-b4bc-d65ed5ce51e1,2023-07-16 04:09:51
LOT-AZU-0098,Azucar,Fábrica ARVO S.Coop.,35805.29,34470.46,2.73,2023-08-21 04:09:51,completed,db5658e5-65b8-41d0-96ce-1876bc9e5e9d,2023-07-16 04:09:51
LOT-AZU-0099,Azucar,Farmaceútica ES S.L.,12980.18,12228.01,2.77,2023-08-25 04:09:51,completed,5230c44f-1ffb-4722-b4b2-8f7aa7e4d21b,2023-07-16 04:09:51
LOT-AZU-0100,Azucar,Fábrica Integrales S.L.N.E,21808.79,6416.16,3.04,2023-08-26 04:09:51,expired,c42d60f7-72a5-4218-8455-6843a1d63934,2023-07-16 04:09:51
LOT-AZU-0101,Azucar,Hnos Tolosa S.Com.,28982.27,27326.18,2.87,2023-08-29 04:09:51,completed,664ca3d9-b4cc-4644-b4bc-d65ed5ce51e1,2023-07-16 04:09:51
LOT-AZU-0102,Azucar,Grupo Pinto S.L.L.,19364.82,9695.35,2.92,2023-09-04 04:09:51,expired,91b887de-f920-4f25-aa0b-5e71502435fc,2023-08-15 04:09:51
LOT-AZU-0103,Azucar,Uriarte & Asociados S.L.,26800.4,24357.8,3.01,2023-09-23 04:09:51,completed,c42d60f7-72a5-4218-8455-6843a1d63934,2023-08-15 04:09:51
LOT-AZU-0104,Azucar,Restauración Cifuentes & Asociados S.Com.,15164.81,15063.14,3.1,2023-09-16 04:09:51,completed,5230c44f-1ffb-4722-b4b2-8f7aa7e4d21b,2023-08-15 04:09:51
LOT-AZU-0105,Azucar,Ricardo Aguirre Pujadas S.A.T.,21040.94,18989.74,2.96,2023-09-10 04:09:51,completed,822f07a9-e410-45f7-9731-387fef39cc4a,2023-08-15 04:09:51
LOT-AZU-0106,Azucar,Grupo Izquierdo S.A.,10060.02,9893.36,3.07,2023-09-11 04:09:51,completed,91b887de-f920-4f25-aa0b-5e71502435fc,2023-08-15 04:09:51
LOT-AZU-0107,Azucar,Construcción OXGG S.L.,19737.84,18804.85,3.13,2023-09-11 04:09:51,completed,e93f25fc-9b20-4187-95fa-859beca1159e,2023-08-15 04:09:51
LOT-AZU-0108,Azucar,Fábrica Pujol S.L.,29769.47,27638.15,2.93,2023-09-26 04:09:51,completed,c42d60f7-72a5-4218-8455-6843a1d63934,2023-08-15 04:09:51
LOT-AZU-0109,Azucar,Hotel Inteligentes S.A.T.,27802.03,6328.76,3.15,2023-08-30 04:09:51,expired,1fadc760-de45-4920-ba55-c18df2de195e,2023-08-15 04:09:51
LOT-AZU-0110,Azucar,Instalaciones Cobo S.L.L.,35823.54,34383.73,3.43,2023-10-04 04:09:51,completed,c42d60f7-72a5-4218-8455-6843a1d63934,2023-09-14 04:09:51
LOT-AZU-0111,Azucar,Rosalía Gargallo Saura S.L.N.E,38855.7,22295.59,3.29,2023-10-11 04:09:51,expired,e93f25fc-9b20-4187-95fa-859beca1159e,2023-09-14 04:09:51
LOT-AZU-0112,Azucar,Familia Velázquez S.A.,36591.61,8925.68,3.41,2023-10-16 04:09:51,expired,db5658e5-65b8-41d0-96ce-1876bc9e5e9d,2023-09-14 04:09:51
LOT-AZU-0113,Azucar,Supermercados Garcés & Asociados S.A.,16421.88,15008.39,3.23,2023-10-19 04:09:51,completed,664ca3d9-b4cc-4644-b4bc-d65ed5ce51e1,2023-09-14 04:09:51
LOT-AZU-0114,Azucar,Finanzas Integrales S.Coop.,10542.08,10060.49,3.45,2023-09-29 04:09:51,completed,664ca3d9-b4cc-4644-b4bc-d65ed5ce51e1,2023-09-14 04:09:51
LOT-AZU-0115,Azucar,Familia Morillo S.Coop.,20063.88,12497.16,3.48,2023-11-02 04:09:51,expired,91b887de-f920-4f25-aa0b-5e71502435fc,2023-10-14 04:09:51
LOT-AZU-0116,Azucar,Solís y Campos S.A.,3590.35,3504.57,3.59,2023-11-28 04:09:51,completed,ce7054cf-8c59-4151-8af4-32616beee2ce,2023-10-14 04:09:51
LOT-AZU-0117,Azucar,Morillo y asociados S.L.,26631.37,26088.91,3.4,2023-11-01 04:09:51,completed,91b887de-f920-4f25-aa0b-5e71502435fc,2023-10-14 04:09:51
LOT-AZU-0118,Azucar,Comercial GHH S.Com.,36400.06,35430.58,3.47,2023-11-07 04:09:51,completed,91b887de-f920-4f25-aa0b-5e71502435fc,2023-10-14 04:09:51
LOT-AZU-0119,Azucar,José Manuel Serra Quevedo S.A.,3781.02,2529.64,3.42,2023-10-30 04:09:51,expired,db5658e5-65b8-41d0-96ce-1876bc9e5e9d,2023-10-14 04:09:51
LOT-AZU-0120,Azucar,Compañía UEVW S.L.U.,5172.63,5062.13,3.19,2023-11-25 04:09:51,completed,db5658e5-65b8-41d0-96ce-1876bc9e5e9d,2023-10-14 04:09:51
LOT-AZU-0121,Azucar,Pastor y asociados S.Com.,18515.76,17165.0,3.49,2023-11-28 04:09:51,completed,1fadc760-de45-4920-ba55-c18df2de195e,2023-10-14 04:09:51
LOT-AZU-0122,Azucar,Cuervo y Checa S.A.U,26974.29,25022.61,3.33,2023-11-01 04:09:51,completed,1fadc760-de45-4920-ba55-c18df2de195e,2023-10-14 04:09:51
LOT-AZU-0123,Azucar,Promociones Integrales S.Com.,31049.49,29381.66,3.79,2023-12-26 04:09:51,completed,e93f25fc-9b20-4187-95fa-859beca1159e,2023-11-13 04:09:51
LOT-AZU-0124,Azucar,Hnos Mateos S.Coop.,29655.96,17293.68,3.45,2023-12-03 04:09:51,expired,91b887de-f920-4f25-aa0b-5e71502435fc,2023-11-13 04:09:51
LOT-AZU-0125,Azucar,Gustavo Uría Llamas S.L.,29786.1,27901.21,3.65,2023-12-15 04:09:51,completed,e93f25fc-9b20-4187-95fa-859beca1159e,2023-11-13 04:09:51
LOT-AZU-0126,Azucar,Teresa Infante Goicoechea S.L.N.E,39563.59,35984.88,3.55,2023-12-26 04:09:51,completed,5230c44f-1ffb-4722-b4b2-8f7aa7e4d21b,2023-11-13 04:09:51
LOT-AZU-0127,Azucar,Distribuciones Cámara S.Coop.,31100.27,28829.42,3.72,2023-12-07 04:09:51,completed,1fadc760-de45-4920-ba55-c18df2de195e,2023-11-13 04:09:51
LOT-AZU-0128,Azucar,Manuelita Cuadrado Caro S.Com.,31549.59,30918.54,3.92,2023-12-02 04:09:51,completed,91b887de-f920-4f25-aa0b-5e71502435fc,2023-11-13 04:09:51
LOT-AZU-0129,Azucar,Pino y Quevedo S.Coop.,20935.51,20514.22,3.65,2023-12-22 04:09:51,completed,822f07a9-e410-45f7-9731-387fef39cc4a,2023-11-13 04:09:51
LOT-AZU-0130,Azucar,Instalaciones Integrales S.A.,9220.12,8920.57,3.74,2023-12-24 04:09:51,completed,822f07a9-e410-45f7-9731-387fef39cc4a,2023-11-13 04:09:51
LOT-AZU-0131,Azucar,Hotel Inteligentes S.Com.,28306.11,26134.84,4.19,2024-01-25 04:09:51,completed,5230c44f-1ffb-4722-b4b2-8f7aa7e4d21b,2023-12-13 04:09:51
LOT-AZU-0132,Azucar,Faustino Hurtado Pedraza S.Coop.,20118.16,19499.53,4.25,2024-01-04 04:09:51,completed,ac172182-c0b9-4c38-b9fc-d7da5a69c2a0,2023-12-13 04:09:51
LOT-AZU-0133,Azucar,Ros y asociados S.Com.,7918.45,7749.43,4.18,2023-12-28 04:09:51,completed,5230c44f-1ffb-4722-b4b2-8f7aa7e4d21b,2023-12-13 04:09:51
LOT-AZU-0134,Azucar,Minería Aguilera S.Coop.,17099.03,16888.4,3.94,2023-12-30 04:09:51,completed,c42d60f7-72a5-4218-8455-6843a1d63934,2023-12-13 04:09:51
LOT-AZU-0135,Azucar,Cordero y Alcaraz S.A.,31036.29,29910.39,4.18,2024-01-31 04:09:51,completed,ce7054cf-8c59-4151-8af4-32616beee2ce,2024-01-12 04:09:51
LOT-AZU-0136,Azucar,Minería Calvet & Asociados S.L.,7145.29,6525.12,4.43,2024-01-29 04:09:51,completed,822f07a9-e410-45f7-9731-387fef39cc4a,2024-01-12 04:09:51
LOT-AZU-0137,Azucar,Inversiones BT S.L.,39092.17,38476.38,4.48,2024-02-06 04:09:51,completed,91b887de-f920-4f25-aa0b-5e71502435fc,2024-01-12 04:09:51
LOT-AZU-0138,Azucar,Diego Naranjo Ramos S.L.,17479.16,15762.34,4.14,2024-02-14 04:09:51,completed,5230c44f-1ffb-4722-b4b2-8f7aa7e4d21b,2024-01-12 04:09:51
LOT-AZU-0139,Azucar,Jimenez y asociados S.Coop.,19888.19,19377.01,4.39,2024-02-25 04:09:51,completed,e93f25fc-9b20-4187-95fa-859beca1159e,2024-01-12 04:09:51
LOT-AZU-0140,Azucar,Hermanos Calderón S.L.L.,33650.98,31051.38,4.36,2024-03-12 04:09:51,completed,db5658e5-65b8-41d0-96ce-1876bc9e5e9d,2024-02-11 04:09:51
LOT-AZU-0141,Azucar,Encarna Bayo Rosa S.A.T.,29599.27,29521.96,4.33,2024-03-10 04:09:51,completed,5230c44f-1ffb-4722-b4b2-8f7aa7e4d21b,2024-02-11 04:09:51
LOT-AZU-0142,Azucar,Grupo Calvet S.A.,26864.16,25964.25,4.17,2024-03-11 04:09:51,completed,822f07a9-e410-45f7-9731-387fef39cc4a,2024-02-11 04:09:51
LOT-AZU-0143,Azucar,Supermercados UP S.A.,9963.68,9153.11,4.61,2024-03-02 04:09:51,completed,c42d60f7-72a5-4218-8455-6843a1d63934,2024-02-11 04:09:51
LOT-AZU-0144,Azucar,Suministros Bosch S.C.P,17369.61,15695.48,4.67,2024-04-20 04:09:51,completed,c42d60f7-72a5-4218-8455-6843a1d63934,2024-03-12 04:09:51
LOT-AZU-0145,Azucar,Infraestructuras Peña & Asociados S.L.N.E,33050.9,30687.4,4.53,2024-04-04 04:09:51,completed,db5658e5-65b8-41d0-96ce-1876bc9e5e9d,2024-03-12 04:09:51
LOT-AZU-0146,Azucar,Suministros Zabala & Asociados S.Com.,22562.37,21058.73,4.59,2024-03-27 04:09:51,completed,ce7054cf-8c59-4151-8af4-32616beee2ce,2024-03-12 04:09:51
LOT-AZU-0147,Azucar,Farmaceútica Reguera S.C.P,32944.89,32451.38,4.53,2024-04-06 04:09:51,completed,ce7054cf-8c59-4151-8af4-32616beee2ce,2024-03-12 04:09:51
LOT-AZU-0148,Azucar,Grupo Lillo S.Com.,23794.46,23170.15,4.18,2024-05-16 04:09:51,completed,664ca3d9-b4cc-4644-b4bc-d65ed5ce51e1,2024-04-11 04:09:51
LOT-AZU-0149,Azucar,Gisela Céspedes Gelabert S.L.L.,30569.09,29371.65,4.08,2024-05-15 04:09:51,completed,664ca3d9-b4cc-4644-b4bc-d65ed5ce51e1,2024-04-11 04:09:51
LOT-AZU-0150,Azucar,Banca Privada Abella & Asociados S.Com.,5917.32,5567.65,4.28,2024-05-20 04:09:51,completed,1fadc760-de45-4920-ba55-c18df2de195e,2024-04-11 04:09:51
LOT-AZU-0151,Azucar,Manzanares y Canales S.L.,38125.02,37403.16,4.35,2024-05-13 04:09:51,completed,ac172182-c0b9-4c38-b9fc-d7da5a69c2a0,2024-04-11 04:09:51
LOT-AZU-0152,Azucar,Grupo Simó S.L.L.,7600.4,3237.93,3.9,2024-05-25 04:09:51,expired,e93f25fc-9b20-4187-95fa-859beca1159e,2024-04-11 04:09:51
LOT-AZU-0153,Azucar,Alonso y Anguita S.Coop.,33518.21,33298.23,3.32,2024-06-22 04:09:51,completed,5230c44f-1ffb-4722-b4b2-8f7aa7e4d21b,2024-05-11 04:09:51
LOT-AZU-0154,Azucar,Comercial Nieto S.Coop.,30789.05,30628.96,3.51,2024-06-20 04:09:51,completed,e93f25fc-9b20-4187-95fa-859beca1159e,2024-05-11 04:09:51
LOT-AZU-0155,Azucar,Restauración WKJN S.L.N.E,13590.45,13217.2,3.37,2024-06-01 04:09:51,completed,c42d60f7-72a5-4218-8455-6843a1d63934,2024-05-11 04:09:51
LOT-AZU-0156,Azucar,Tecnologías RZZ S.A.,19837.84,18468.57,3.15,2024-05-26 04:09:51,completed,664ca3d9-b4cc-4644-b4bc-d65ed5ce51e1,2024-05-11 04:09:51
LOT-AZU-0157,Azucar,Consultoría Barba y asociados S.L.L.,19436.49,18542.51,3.49,2024-06-23 04:09:51,completed,91b887de-f920-4f25-aa0b-5e71502435fc,2024-05-11 04:09:51
LOT-AZU-0158,Azucar,Ruano y asociados S.L.,4581.29,4357.57,3.24,2024-05-29 04:09:51,completed,ac172182-c0b9-4c38-b9fc-d7da5a69c2a0,2024-05-11 04:09:51
LOT-AZU-0159,Azucar,Hermanos Hurtado S.A.,14380.11,14115.92,3.04,2024-07-12 04:09:51,completed,c42d60f7-72a5-4218-8455-6843a1d63934,2024-06-10 04:09:51
LOT-AZU-0160,Azucar,Montesinos & Asociados S.L.,37465.11,36496.03,3.0,2024-07-21 04:09:51,completed,1fadc760-de45-4920-ba55-c18df2de195e,2024-06-10 04:09:51
LOT-AZU-0161,Azucar,Servicios FE S.A.,13435.77,12337.28,3.01,2024-07-21 04:09:51,completed,db5658e5-65b8-41d0-96ce-1876bc9e5e9d,2024-06-10 04:09:51
LOT-AZU-0162,Azucar,Finanzas KX S.L.,18288.54,17545.27,3.3,2024-07-24 04:09:51,completed,822f07a9-e410-45f7-9731-387fef39cc4a,2024-06-10 04:09:51
LOT-AZU-0163,Azucar,Albino Tenorio Mena S.A.T.,20717.26,20627.35,3.14,2024-07-04 04:09:51,completed,ac172182-c0b9-4c38-b9fc-d7da5a69c2a0,2024-06-10 04:09:51
LOT-AZU-0164,Azucar,Oliva y Chico S.Coop.,33637.78,17837.53,3.08,2024-06-27 04:09:51,expired,1fadc760-de45-4920-ba55-c18df2de195e,2024-06-10 04:09:51
LOT-AZU-0165,Azucar,Farmaceútica Tamayo y asociados S.Coop.,39079.27,38266.76,3.04,2024-07-03 04:09:51,completed,db5658e5-65b8-41d0-96ce-1876bc9e5e9d,2024-06-10 04:09:51
LOT-AZU-0166,Azucar,Desarrollo IFK S.A.T.,11712.28,11278.51,3.07,2024-08-13 04:09:51,completed,91b887de-f920-4f25-aa0b-5e71502435fc,2024-07-10 04:09:51
LOT-AZU-0167,Azucar,Vicens y Castro S.A.U,30469.34,15061.71,3.11,2024-08-16 04:09:51,expired,5230c44f-1ffb-4722-b4b2-8f7aa7e4d21b,2024-07-10 04:09:51
LOT-AZU-0168,Azucar,Grupo Arnal S.Coop.,26703.5,26339.04,3.27,2024-07-31 04:09:51,completed,664ca3d9-b4cc-4644-b4bc-d65ed5ce51e1,2024-07-10 04:09:51
LOT-AZU-0169,Azucar,Logística del Mediterráneo S.Coop.,16367.03,4891.23,3.1,2024-07-29 04:09:51,expired,e93f25fc-9b20-4187-95fa-859beca1159e,2024-07-10 04:09:51
LOT-AZU-0170,Azucar,Desarrollo BAYK S.Coop.,36379.81,16693.89,2.91,2024-08-06 04:09:51,expired,91b887de-f920-4f25-aa0b-5e71502435fc,2024-07-10 04:09:51
LOT-AZU-0171,Azucar,Instalaciones TQJZ S.L.,19947.54,18496.74,3.12,2024-09-16 04:09:51,completed,e93f25fc-9b20-4187-95fa-859beca1159e,2024-08-09 04:09:51
LOT-AZU-0172,Azucar,Consultoría BI S.Com.,20771.42,7800.33,2.89,2024-08-27 04:09:51,expired,ce7054cf-8c59-4151-8af4-32616beee2ce,2024-08-09 04:09:51
LOT-AZU-0173,Azucar,Desarrollo Carpio S.L.L.,18034.26,11125.61,3.26,2024-09-06 04:09:51,expired,ac172182-c0b9-4c38-b9fc-d7da5a69c2a0,2024-08-09 04:09:51
LOT-AZU-0174,Azucar,Logística Castellana S.Coop.,13628.77,12784.19,2.96,2024-08-25 04:09:51,completed,c42d60f7-72a5-4218-8455-6843a1d63934,2024-08-09 04:09:51
LOT-AZU-0175,Azucar,Santamaria y Contreras S.Com.,9050.24,8755.3,2.9,2024-08-29 04:09:51,completed,822f07a9-e410-45f7-9731-387fef39cc4a,2024-08-09 04:09:51
LOT-AZU-0176,Azucar,Logística FZAA S.A.,32656.37,32578.19,3.37,2024-09-25 04:09:51,completed,e93f25fc-9b20-4187-95fa-859beca1159e,2024-09-08 04:09:51
LOT-AZU-0177,Azucar,Promociones Moya S.Coop.,27729.54,25346.34,3.46,2024-10-01 04:09:51,completed,db5658e5-65b8-41d0-96ce-1876bc9e5e9d,2024-09-08 04:09:51
LOT-AZU-0178,Azucar,Comercializadora PA S.L.N.E,39336.97,12920.35,3.3,2024-09-28 04:09:51,expired,1fadc760-de45-4920-ba55-c18df2de195e,2024-09-08 04:09:51
LOT-AZU-0179,Azucar,Paredes y Niño S.Coop.,31053.85,28785.17,3.48,2024-10-15 04:09:51,completed,1fadc760-de45-4920-ba55-c18df2de195e,2024-09-08 04:09:51
LOT-AZU-0180,Azucar,Servicios Barrio y asociados S.C.P,19810.33,18301.58,3.46,2024-09-23 04:09:51,completed,ce7054cf-8c59-4151-8af4-32616beee2ce,2024-09-08 04:09:51
LOT-AZU-0181,Azucar,Promociones CWSH S.Com.,3607.66,3268.97,3.29,2024-09-28 04:09:51,completed,ce7054cf-8c59-4151-8af4-32616beee2ce,2024-09-08 04:09:51
LOT-AZU-0182,Azucar,Soluciones SG S.L.,3997.96,2041.63,3.14,2024-10-17 04:09:51,expired,ce7054cf-8c59-4151-8af4-32616beee2ce,2024-09-08 04:09:51
LOT-AZU-0183,Azucar,Inversiones MMH S.L.L.,35860.18,33653.21,3.28,2024-10-04 04:09:51,completed,664ca3d9-b4cc-4644-b4bc-d65ed5ce51e1,2024-09-08 04:09:51
LOT-AZU-0184,Azucar,Consultoría Exposito & Asociados S.Coop.,17955.85,16192.1,3.55,2024-10-07 04:09:51,completed,5230c44f-1ffb-4722-b4b2-8f7aa7e4d21b,2024-09-08 04:09:51
LOT-AZU-0185,Azucar,Restauración Internacionales S.A.,36085.99,24561.12,3.79,2024-10-29 04:09:51,expired,91b887de-f920-4f25-aa0b-5e71502435fc,2024-10-08 04:09:51
LOT-AZU-0186,Azucar,Donaire & Asociados S.Com.,25713.47,25184.87,3.29,2024-11-18 04:09:51,completed,5230c44f-1ffb-4722-b4b2-8f7aa7e4d21b,2024-10-08 04:09:51
LOT-AZU-0187,Azucar,Grupo Moles S.Coop.,27150.71,24619.09,3.69,2024-10-24 04:09:51,completed,ce7054cf-8c59-4151-8af4-32616beee2ce,2024-10-08 04:09:51
LOT-AZU-0188,Azucar,Vázquez y Arroyo S.L.,26514.95,24739.85,3.57,2024-11-10 04:09:51,completed,822f07a9-e410-45f7-9731-387fef39cc4a,2024-10-08 04:09:51
LOT-AZU-0189,Azucar,Familia Soler S.L.,10799.42,10586.51,3.29,2024-10-27 04:09:51,completed,c42d60f7-72a5-4218-8455-6843a1d63934,2024-10-08 04:09:51
LOT-AZU-0190,Azucar,Hotel SJ S.C.P,11765.2,11630.55,3.78,2024-10-28 04:09:51,completed,ac172182-c0b9-4c38-b9fc-d7da5a69c2a0,2024-10-08 04:09:51
LOT-AZU-0191,Azucar,Santos y Ayala S.L.N.E,30387.36,29646.96,3.57,2024-11-06 04:09:51,completed,91b887de-f920-4f25-aa0b-5e71502435fc,2024-10-08 04:09:51
LOT-AZU-0192,Azucar,Francisco Dalmau Casal S.Com.,24795.6,23529.05,3.68,2024-11-11 04:09:51,completed,ac172182-c0b9-4c38-b9fc-d7da5a69c2a0,2024-10-08 04:09:51
LOT-AZU-0193,Azucar,Angelita Cerdán Font S.A.U,30464.53,29062.96,3.8,2024-11-19 04:09:51,completed,db5658e5-65b8-41d0-96ce-1876bc9e5e9d,2024-10-08 04:09:51
LOT-AZU-0194,Azucar,Arce & Asociados S.C.P,32782.91,30895.88,3.72,2024-11-08 04:09:51,completed,e93f25fc-9b20-4187-95fa-859beca1159e,2024-10-08 04:09:51
LOT-AZU-0195,Azucar,Consultoría Tejedor y asociados S.Com.,22074.35,20103.8,3.83,2024-12-16 04:09:51,completed,1fadc760-de45-4920-ba55-c18df2de195e,2024-11-07 04:09:51
LOT-AZU-0196,Azucar,Jose Ramón Echevarría Castell S.A.,18509.82,17197.15,4.02,2024-12-20 04:09:51,completed,ce7054cf-8c59-4151-8af4-32616beee2ce,2024-11-07 04:09:51
LOT-AZU-0197,Azucar,Tecnologías del Mediterráneo S.Coop.,29830.33,28805.92,4.17,2024-12-15 04:09:51,completed,822f07a9-e410-45f7-9731-387fef39cc4a,2024-11-07 04:09:51
LOT-AZU-0198,Azucar,Escobar & Asociados S.L.L.,26832.95,26688.0,4.04,2024-12-15 04:09:51,completed,ce7054cf-8c59-4151-8af4-32616beee2ce,2024-11-07 04:09:51
LOT-AZU-0199,Azucar,Águila & Asociados S.C.P,34764.07,33976.88,3.71,2024-11-24 04:09:51,completed,db5658e5-65b8-41d0-96ce-1876bc9e5e9d,2024-11-07 04:09:51
LOT-AZU-0200,Azucar,Infraestructuras Torrijos S.Coop.,38904.08,38677.06,3.92,2024-12-12 04:09:51,completed,c42d60f7-72a5-4218-8455-6843a1d63934,2024-11-07 04:09:51
LOT-AZU-0201,Azucar,Transportes KWV S.L.L.,29041.78,28463.09,3.85,2024-12-07 04:09:51,completed,5230c44f-1ffb-4722-b4b2-8f7aa7e4d21b,2024-11-07 04:09:51
LOT-AZU-0202,Azucar,Amador Balaguer Acevedo S.A.,27864.65,26628.82,3.91,2024-12-03 04:09:51,completed,5230c44f-1ffb-4722-b4b2-8f7aa7e4d21b,2024-11-07 04:09:51
LOT-AZU-0203,Azucar,Talleres Oliver S.A.,5669.56,5475.12,3.63,2024-12-12 04:09:51,completed,c42d60f7-72a5-4218-8455-6843a1d63934,2024-11-07 04:09:51
LOT-AZU-0204,Azucar,Fuente y Cabello S.L.L.,4719.12,4412.45,4.38,2024-12-31 04:09:51,completed,c42d60f7-72a5-4218-8455-6843a1d63934,2024-12-07 04:09:51
LOT-AZU-0205,Azucar,Arenas y Tenorio S.C.P,6991.7,6510.25,4.3,2024-12-25 04:09:51,completed,5230c44f-1ffb-4722-b4b2-8f7aa7e4d21b,2024-12-07 04:09:51
LOT-AZU-0206,Azucar,Valera & Asociados S.L.N.E,9268.53,8559.76,4.41,2025-01-16 04:09:51,completed,1fadc760-de45-4920-ba55-c18df2de195e,2024-12-07 04:09:51
LOT-AZU-0207,Azucar,Industrias Integrales S.Com.,25385.81,24748.24,4.54,2024-12-23 04:09:51,completed,e93f25fc-9b20-4187-95fa-859beca1159e,2024-12-07 04:09:51
LOT-AZU-0208,Azucar,Despacho LTF S.Coop.,39539.27,37735.29,4.39,2025-01-12 04:09:51,completed,ac172182-c0b9-4c38-b9fc-d7da5a69c2a0,2024-12-07 04:09:51
LOT-AZU-0209,Azucar,Blanch & Asociados S.L.,12957.22,3021.67,4.25,2025-01-09 04:09:51,expired,c42d60f7-72a5-4218-8455-6843a1d63934,2024-12-07 04:09:51
LOT-AZU-0210,Azucar,Grupo Blanes S.Com.,30152.61,29614.22,4.44,2025-01-10 04:09:51,completed,5230c44f-1ffb-4722-b4b2-8f7aa7e4d21b,2024-12-07 04:09:51
LOT-AZU-0211,Azucar,Comercializadora Ibérica S.A.,12965.23,11737.44,4.55,2025-01-25 04:09:51,completed,ce7054cf-8c59-4151-8af4-32616beee2ce,2025-01-06 04:09:51
LOT-AZU-0212,Azucar,Farmaceútica XTLC S.Com.,15955.36,14943.27,5.02,2025-01-21 04:09:51,completed,e93f25fc-9b20-4187-95fa-859beca1159e,2025-01-06 04:09:51
LOT-AZU-0213,Azucar,Yáñez & Asociados S.Com.,22833.26,20647.95,4.67,2025-01-22 04:09:51,completed,91b887de-f920-4f25-aa0b-5e71502435fc,2025-01-06 04:09:51
LOT-AZU-0214,Azucar,Talleres QU S.A.,26596.18,23991.52,4.32,2025-02-08 04:09:51,completed,664ca3d9-b4cc-4644-b4bc-d65ed5ce51e1,2025-01-06 04:09:51
LOT-AZU-0215,Azucar,Instalaciones MN S.Coop.,7725.41,7163.92,4.46,2025-01-26 04:09:51,completed,5230c44f-1ffb-4722-b4b2-8f7aa7e4d21b,2025-01-06 04:09:51
LOT-AZU-0216,Azucar,Tecnologías FXWB S.L.L.,20922.72,20709.11,4.65,2025-01-22 04:09:51,completed,c42d60f7-72a5-4218-8455-6843a1d63934,2025-01-06 04:09:51
LOT-AZU-0217,Azucar,Nogués y asociados S.A.,33338.96,32265.31,4.97,2025-01-26 04:09:51,completed,ce7054cf-8c59-4151-8af4-32616beee2ce,2025-01-06 04:09:51
LOT-AZU-0218,Azucar,Talleres Alcázar S.A.,39411.23,22841.58,4.92,2025-02-14 04:09:51,expired,e93f25fc-9b20-4187-95fa-859beca1159e,2025-01-06 04:09:51
LOT-AZU-0219,Azucar,Finanzas Quesada S.Com.,8040.57,7645.55,4.5,2025-01-30 04:09:51,completed,664ca3d9-b4cc-4644-b4bc-d65ed5ce51e1,2025-01-06 04:09:51
LOT-AZU-0220,Azucar,Promociones Agustín S.L.,10844.3,10414.17,4.39,2025-03-02 04:09:51,completed,ac172182-c0b9-4c38-b9fc-d7da5a69c2a0,2025-02-05 04:09:51
LOT-AZU-0221,Azucar,Consultoría Guerra S.A.,25823.1,23700.86,4.49,2025-03-08 04:09:51,completed,ac172182-c0b9-4c38-b9fc-d7da5a69c2a0,2025-02-05 04:09:51
LOT-AZU-0222,Azucar,Transportes Martorell & Asociados S.A.U,17023.69,16976.18,4.86,2025-03-19 04:09:51,completed,91b887de-f920-4f25-aa0b-5e71502435fc,2025-02-05 04:09:51
LOT-AZU-0223,Azucar,Grupo Alberdi S.A.T.,33977.42,30673.79,4.79,2025-03-02 04:09:51,completed,ce7054cf-8c59-4151-8af4-32616beee2ce,2025-02-05 04:09:51
LOT-AZU-0224,Azucar,Seco y Pardo S.Com.,30842.5,28891.25,4.47,2025-03-16 04:09:51,completed,664ca3d9-b4cc-4644-b4bc-d65ed5ce51e1,2025-02-05 04:09:51
LOT-AZU-0225,Azucar,Gimeno y asociados S.L.U.,13692.08,13578.52,4.48,2025-03-16 04:09:51,completed,db5658e5-65b8-41d0-96ce-1876bc9e5e9d,2025-02-05 04:09:51
LOT-AZU-0226,Azucar,Ruano y asociados S.L.,6686.46,6040.08,4.44,2025-03-08 04:09:51,completed,ac172182-c0b9-4c38-b9fc-d7da5a69c2a0,2025-02-05 04:09:51
LOT-AZU-0227,Azucar,Familia Casanovas S.A.,10690.04,9815.01,4.35,2025-04-21 04:09:51,completed,db5658e5-65b8-41d0-96ce-1876bc9e5e9d,2025-03-07 04:09:51
LOT-AZU-0228,Azucar,Maribel Baños Tur S.Coop.,28086.35,26263.56,4.84,2025-04-18 04:09:51,completed,ac172182-c0b9-4c38-b9fc-d7da5a69c2a0,2025-03-07 04:09:51
LOT-AZU-0229,Azucar,Clemente Martín Escolano S.Com.,20511.02,19009.53,4.76,2025-04-07 04:09:51,completed,664ca3d9-b4cc-4644-b4bc-d65ed5ce51e1,2025-03-07 04:09:51
LOT-AZU-0230,Azucar,Suarez y asociados S.A.,15375.34,14620.59,4.84,2025-04-09 04:09:51,completed,c42d60f7-72a5-4218-8455-6843a1d63934,2025-03-07 04:09:51
LOT-AZU-0231,Azucar,Suministros Iberia S.Coop.,23740.21,22219.82,4.18,2025-04-13 04:09:51,completed,ce7054cf-8c59-4151-8af4-32616beee2ce,2025-03-07 04:09:51
LOT-AZU-0232,Azucar,Distribuciones Valle & Asociados S.A.,18257.85,17022.23,4.76,2025-04-10 04:09:51,completed,91b887de-f920-4f25-aa0b-5e71502435fc,2025-03-07 04:09:51
LOT-AZU-0233,Azucar,Banca Privada Barberá & Asociados S.Coop.,29334.81,27250.49,4.08,2025-04-22 04:09:51,completed,5230c44f-1ffb-4722-b4b2-8f7aa7e4d21b,2025-04-06 04:09:51
LOT-AZU-0234,Azucar,Tecnologías Pedrosa & Asociados S.Com.,39335.65,38691.88,4.09,2025-05-08 04:09:51,completed,db5658e5-65b8-41d0-96ce-1876bc9e5e9d,2025-04-06 04:09:51
LOT-AZU-0235,Azucar,Calvo y asociados S.L.L.,13639.9,12632.25,4.21,2025-05-10 04:09:51,completed,e93f25fc-9b20-4187-95fa-859beca1159e,2025-04-06 04:09:51
LOT-AZU-0236,Azucar,Pla y asociados S.Com.,27393.88,25566.46,4.1,2025-05-11 04:09:51,completed,91b887de-f920-4f25-aa0b-5e71502435fc,2025-04-06 04:09:51
LOT-AZU-0237,Azucar,Esteban Anguita Vargas S.A.,4470.5,4439.16,4.02,2025-05-03 04:09:51,completed,822f07a9-e410-45f7-9731-387fef39cc4a,2025-04-06 04:09:51
LOT-AZU-0238,Azucar,Minería Pazos y asociados S.C.P,33031.13,32065.61,4.45,2025-05-18 04:09:51,completed,664ca3d9-b4cc-4644-b4bc-d65ed5ce51e1,2025-04-06 04:09:51
LOT-AZU-0239,Azucar,Lago y Canales S.Com.,37735.99,34783.04,4.21,2025-05-10 04:09:51,completed,822f07a9-e410-45f7-9731-387fef39cc4a,2025-04-06 04:09:51
LOT-AZU-0240,Azucar,Barragán y Cabrera S.L.N.E,26780.75,26574.92,4.3,2025-05-18 04:09:51,completed,1fadc760-de45-4920-ba55-c18df2de195e,2025-04-06 04:09:51
LOT-AZU-0241,Azucar,Raquel Adán Barreda S.Coop.,20256.0,19735.74,4.42,2025-04-24 04:09:51,completed,5230c44f-1ffb-4722-b4b2-8f7aa7e4d21b,2025-04-06 04:09:51
LOT-AZU-0242,Azucar,Asenjo y asociados S.C.P,33613.95,32163.25,3.81,2025-05-30 04:09:51,completed,664ca3d9-b4cc-4644-b4bc-d65ed5ce51e1,2025-05-06 04:09:51
LOT-AZU-0243,Azucar,Luis Miguel Zurita Garmendia S.L.N.E,31109.97,29337.25,3.83,2025-05-29 04:09:51,completed,ce7054cf-8c59-4151-8af4-32616beee2ce,2025-05-06 04:09:51
LOT-AZU-0244,Azucar,Compañía Mancebo & Asociados S.C.P,15400.52,14241.57,3.75,2025-06-19 04:09:51,completed,822f07a9-e410-45f7-9731-387fef39cc4a,2025-05-06 04:09:51
LOT-AZU-0245,Azucar,Agullo y Beltrán S.A.T.,5935.26,5363.5,3.29,2025-05-25 04:09:51,completed,5230c44f-1ffb-4722-b4b2-8f7aa7e4d21b,2025-05-06 04:09:51
LOT-AZU-0246,Azucar,Prada y Galvez S.Com.,36948.07,35353.54,3.37,2025-05-27 04:09:51,completed,822f07a9-e410-45f7-9731-387fef39cc4a,2025-05-06 04:09:51
LOT-AZU-0247,Azucar,Familia Hidalgo S.A.,11433.94,10314.58,3.8,2025-06-01 04:09:51,completed,ac172182-c0b9-4c38-b9fc-d7da5a69c2a0,2025-05-06 04:09:51
LOT-AZU-0248,Azucar,Soluciones Morell y asociados S.A.,12740.05,12557.88,3.29,2025-06-20 04:09:51,completed,1fadc760-de45-4920-ba55-c18df2de195e,2025-05-06 04:09:51
LOT-AZU-0249,Azucar,Talleres Quintanilla & Asociados S.L.L.,34426.26,34070.6,3.29,2025-05-26 04:09:51,completed,e93f25fc-9b20-4187-95fa-859beca1159e,2025-05-06 04:09:51
LOT-AZU-0250,Azucar,Otero y Cuéllar S.Coop.,30661.76,29182.51,3.15,2025-07-13 04:09:51,completed,822f07a9-e410-45f7-9731-387fef39cc4a,2025-06-05 04:09:51
LOT-AZU-0251,Azucar,Comercial Caro y asociados S.Coop.,39775.8,39160.49,3.29,2025-07-10 04:09:51,completed,e93f25fc-9b20-4187-95fa-859beca1159e,2025-06-05 04:09:51
LOT-AZU-0252,Azucar,Supermercados Ariño S.A.,22116.23,21027.22,3.33,2025-06-20 04:09:51,completed,664ca3d9-b4cc-4644-b4bc-d65ed5ce51e1,2025-06-05 04:09:51
LOT-AZU-0253,Azucar,Adán Español Castro S.Coop.,26422.98,26122.84,3.03,2025-06-26 04:09:51,completed,ac172182-c0b9-4c38-b9fc-d7da5a69c2a0,2025-06-05 04:09:51
LOT-AZU-0254,Azucar,Verdugo y Villalba S.L.,18660.99,18594.31,3.05,2025-07-07 04:09:51,completed,5230c44f-1ffb-4722-b4b2-8f7aa7e4d21b,2025-06-05 04:09:51
LOT-AZU-0255,Azucar,Fábrica ZJ S.L.,17469.97,3670.66,3.24,2025-07-06 04:09:51,expired,db5658e5-65b8-41d0-96ce-1876bc9e5e9d,2025-06-05 04:09:51
LOT-AZU-0256,Azucar,Vergara y Cueto S.Coop.,4973.55,4785.5,3.1,2025-07-01 04:09:51,completed,822f07a9-e410-45f7-9731-387fef39cc4a,2025-06-05 04:09:51
LOT-AZU-0257,Azucar,Cristian Alcalde Canals S.L.N.E,19370.56,4762.29,3.28,2025-06-23 04:09:51,expired,664ca3d9-b4cc-4644-b4bc-d65ed5ce51e1,2025-06-05 04:09:51
LOT-AZU-0258,Azucar,Arroyo y asociados S.A.,19357.84,19263.99,3.18,2025-07-17 04:09:51,completed,ce7054cf-8c59-4151-8af4-32616beee2ce,2025-06-05 04:09:51
LOT-AZU-0259,Azucar,Minería del Sur S.L.,33071.45,31796.61,3.13,2025-08-07 04:09:51,completed,664ca3d9-b4cc-4644-b4bc-d65ed5ce51e1,2025-07-05 04:09:51
LOT-AZU-0260,Azucar,Distribuciones Castellana S.L.,7892.65,7719.42,2.98,2025-08-14 04:09:51,completed,822f07a9-e410-45f7-9731-387fef39cc4a,2025-07-05 04:09:51
LOT-AZU-0261,Azucar,Gema Pla Domingo S.Coop.,17173.22,15885.53,3.18,2025-08-08 04:09:51,completed,91b887de-f920-4f25-aa0b-5e71502435fc,2025-07-05 04:09:51
LOT-AZU-0262,Azucar,Familia Expósito S.Coop.,30080.96,29383.84,3.36,2025-08-17 04:09:51,completed,ce7054cf-8c59-4151-8af4-32616beee2ce,2025-07-05 04:09:51
LOT-AZU-0263,Azucar,Grupo Mulet S.A.,7120.38,6931.8,3.44,2025-09-14 04:09:51,completed,c42d60f7-72a5-4218-8455-6843a1d63934,2025-08-04 04:09:51
LOT-AZU-0264,Azucar,Hermanos Roura S.L.,17777.86,10058.48,3.28,2025-08-31 04:09:51,expired,db5658e5-65b8-41d0-96ce-1876bc9e5e9d,2025-08-04 04:09:51
LOT-AZU-0265,Azucar,Gutierrez y Lago S.Coop.,39868.0,23477.92,3.08,2025-08-26 04:09:51,expired,e93f25fc-9b20-4187-95fa-859beca1159e,2025-08-04 04:09:51
LOT-AZU-0266,Azucar,Desarrollo XQTP S.L.L.,6997.87,3828.93,3.35,2025-08-23 04:09:51,expired,1fadc760-de45-4920-ba55-c18df2de195e,2025-08-04 04:09:51
LOT-AZU-0267,Azucar,Fábrica del Levante S.L.,25008.82,24286.04,3.44,2025-08-20 04:09:51,completed,664ca3d9-b4cc-4644-b4bc-d65ed5ce51e1,2025-08-04 04:09:51
LOT-AZU-0268,Azucar,Hermanos Sala S.C.P,14164.15,12977.15,3.43,2025-10-02 04:09:51,completed,1fadc760-de45-4920-ba55-c18df2de195e,2025-09-03 04:09:51
LOT-AZU-0269,Azucar,Vidal Sotelo Flores S.L.,3005.46,1294.87,3.37,2025-09-21 04:09:51,expired,5230c44f-1ffb-4722-b4b2-8f7aa7e4d21b,2025-09-03 04:09:51
LOT-AZU-0270,Azucar,Servicios Española S.Com.,38839.95,12465.02,3.67,2025-10-02 04:09:51,expired,1fadc760-de45-4920-ba55-c18df2de195e,2025-09-03 04:09:51
LOT-AZU-0271,Azucar,Soluciones BGZN S.A.,33888.38,15270.34,3.28,2025-09-28 04:09:51,expired,e93f25fc-9b20-4187-95fa-859beca1159e,2025-09-03 04:09:51
LOT-AZU-0272,Azucar,Estévez & Asociados S.A.,10376.43,10020.7,3.75,2025-10-03 04:09:51,completed,e93f25fc-9b20-4187-95fa-859beca1159e,2025-09-03 04:09:51
LOT-AZU-0273,Azucar,Minería Albero S.A.,10307.07,10287.86,3.4,2025-10-16 04:09:51,completed,ac172182-c0b9-4c38-b9fc-d7da5a69c2a0,2025-09-03 04:09:51
LOT-AZU-0274,Azucar,Logística IHJ S.Coop.,29802.08,29004.24,3.53,2025-10-03 04:09:51,completed,db5658e5-65b8-41d0-96ce-1876bc9e5e9d,2025-09-03 04:09:51
LOT-AZU-0275,Azucar,Despacho Gual & Asociados S.A.,19866.29,19146.86,3.63,2025-11-03 04:09:51,completed,91b887de-f920-4f25-aa0b-5e71502435fc,2025-10-03 04:09:51
LOT-AZU-0276,Azucar,Industrias RKZ S.L.,15796.88,9796.79,3.58,2025-11-17 04:09:51,expired,ac172182-c0b9-4c38-b9fc-d7da5a69c2a0,2025-10-03 04:09:51
LOT-AZU-0277,Azucar,Grupo Pelayo S.Com.,15117.71,14481.74,3.9,2025-11-08 04:09:51,completed,91b887de-f920-4f25-aa0b-5e71502435fc,2025-10-03 04:09:51
LOT-AZU-0278,Azucar,Tecnologías Vall y asociados S.Coop.,21520.44,21159.75,3.54,2025-11-08 04:09:51,completed,5230c44f-1ffb-4722-b4b2-8f7aa7e4d21b,2025-10-03 04:09:51
LOT-AZU-0279,Azucar,Comercial del Levante S.L.,6314.46,5848.86,3.89,2025-10-24 04:09:51,completed,1fadc760-de45-4920-ba55-c18df2de195e,2025-10-03 04:09:51
LOT-AZU-0280,Azucar,Transportes Alfaro S.Com.,24306.5,22202.51,3.83,2025-10-21 04:09:51,completed,ac172182-c0b9-4c38-b9fc-d7da5a69c2a0,2025-10-03 04:09:51
LOT-AZU-0281,Azucar,Grupo Bonilla S.Coop.,35884.52,19090.84,3.86,2025-10-29 04:09:51,expired,91b887de-f920-4f25-aa0b-5e71502435fc,2025-10-03 04:09:51
LOT-AZU-0282,Azucar,Inmobiliaria HJ S.Com.,18402.63,16923.11,3.94,2025-10-21 04:09:51,completed,ac172182-c0b9-4c38-b9fc-d7da5a69c2a0,2025-10-03 04:09:51
LOT-AZU-0283,Azucar,Nebot y asociados S.L.,25023.69,24629.45,3.97,2025-11-15 04:09:51,completed,91b887de-f920-4f25-aa0b-5e71502435fc,2025-10-03 04:09:51
LOT-AZU-0284,Azucar,Corbacho & Asociados S.Com.,24052.37,22533.74,3.72,2025-12-05 04:09:51,completed,5230c44f-1ffb-4722-b4b2-8f7aa7e4d21b,2025-11-02 04:09:51
LOT-AZU-0285,Azucar,Desarrollo Avanzadas S.Com.,9625.48,5438.96,4.2,2025-12-16 04:09:51,expired,5230c44f-1ffb-4722-b4b2-8f7aa7e4d21b,2025-11-02 04:09:51
LOT-AZU-0286,Azucar,Isaac Mir Vallés S.A.,21411.71,20722.48,4.15,2025-11-28 04:09:51,completed,e93f25fc-9b20-4187-95fa-859beca1159e,2025-11-02 04:09:51
LOT-AZU-0287,Azucar,Familia Figuerola S.Com.,24826.86,24024.69,3.73,2025-12-03 04:09:51,completed,91b887de-f920-4f25-aa0b-5e71502435fc,2025-11-02 04:09:51
LOT-AZU-0288,Azucar,Banco CJT S.A.,4914.49,4624.29,4.33,2025-12-07 04:09:51,completed,5230c44f-1ffb-4722-b4b2-8f7aa7e4d21b,2025-11-02 04:09:51
LOT-AZU-0289,Azucar,Solera & Asociados S.L.U.,28100.23,25989.92,3.81,2025-12-05 04:09:51,completed,db5658e5-65b8-41d0-96ce-1876bc9e5e9d,2025-11-02 04:09:51
LOT-AZU-0290,Azucar,Banca Privada del Levante S.A.,10057.97,9644.4,3.79,2025-11-20 04:09:51,completed,664ca3d9-b4cc-4644-b4bc-d65ed5ce51e1,2025-11-02 04:09:51
LOT-AZU-0291,Azucar,Logística del Norte S.Com.,11112.28,10506.39,4.15,2025-12-13 04:09:51,completed,db5658e5-65b8-41d0-96ce-1876bc9e5e9d,2025-11-02 04:09:51
LOT-AZU-0292,Azucar,Infraestructuras Vila S.A.,3274.1,2211.2,4.2,2025-11-22 04:09:51,expired,c42d60f7-72a5-4218-8455-6843a1d63934,2025-11-02 04:09:51
LOT-AZU-0293,Azucar,Santiago y asociados S.L.L.,38279.35,38041.75,4.25,2026-01-04 04:09:51,completed,ac172182-c0b9-4c38-b9fc-d7da5a69c2a0,2025-12-02 04:09:51
LOT-AZU-0294,Azucar,Soluciones Seco S.Coop.,23961.41,23700.52,4.21,2026-01-05 04:09:51,completed,ac172182-c0b9-4c38-b9fc-d7da5a69c2a0,2025-12-02 04:09:51
LOT-AZU-0295,Azucar,Minería Bermudez y asociados S.L.,13433.87,13001.15,4.5,2026-01-07 04:09:51,completed,822f07a9-e410-45f7-9731-387fef39cc4a,2025-12-02 04:09:51
LOT-AZU-0296,Azucar,Valero Gonzalo Pazos S.L.N.E,3570.45,3316.93,4.49,2026-01-05 04:09:51,completed,db5658e5-65b8-41d0-96ce-1876bc9e5e9d,2025-12-02 04:09:51
LOT-AZU-0297,Azucar,Osvaldo Escrivá Gilabert S.A.,29556.22,26853.93,4.26,2025-12-26 04:09:51,completed,ce7054cf-8c59-4151-8af4-32616beee2ce,2025-12-02 04:09:51
LOT-AZU-0298,Azucar,Manufacturas Avanzadas S.A.,36208.19,34376.37,4.74,2026-01-14 04:09:51,completed,664ca3d9-b4cc-4644-b4bc-d65ed5ce51e1,2025-12-02 04:09:51
LOT-AZU-0299,Azucar,Consultoría Rodriguez & Asociados S.C.P,34099.48,33149.17,4.74,2026-01-25 04:09:51,completed,db5658e5-65b8-41d0-96ce-1876bc9e5e9d,2026-01-01 04:09:51
LOT-AZU-0300,Azucar,Finanzas Barco y asociados S.A.T.,5236.53,5118.12,5.05,2026-02-04 04:09:51,completed,5230c44f-1ffb-4722-b4b2-8f7aa7e4d21b,2026-01-01 04:09:51
LOT-AZU-0301,Azucar,Suministros Gonzalez S.L.L.,7422.57,7070.8,4.88,2026-02-08 04:09:51,completed,664ca3d9-b4cc-4644-b4bc-d65ed5ce51e1,2026-01-01 04:09:51
LOT-AZU-0302,Azucar,Familia Campo S.L.,31996.37,30850.69,4.52,2026-02-11 04:09:51,completed,5230c44f-1ffb-4722-b4b2-8f7aa7e4d21b,2026-01-01 04:09:51
LOT-AZU-0303,Azucar,Gordillo & Asociados S.Com.,9015.57,8536.97,5.14,2026-02-05 04:09:51,completed,c42d60f7-72a5-4218-8455-6843a1d63934,2026-01-01 04:09:51
LOT-AZU-0304,Azucar,Hnos Bernad S.A.,22001.27,20794.32,4.8,2026-01-23 04:09:51,completed,664ca3d9-b4cc-4644-b4bc-d65ed5ce51e1,2026-01-01 04:09:51
LOT-AZU-0305,Azucar,Servicios Abril S.A.,18631.57,17827.3,4.75,2026-02-14 04:09:51,completed,ac172182-c0b9-4c38-b9fc-d7da5a69c2a0,2026-01-01 04:09:51
LOT-AZU-0306,Azucar,Brígida Carmona Izquierdo S.L.,6573.88,6462.32,4.76,2026-01-26 04:09:51,completed,ac172182-c0b9-4c38-b9fc-d7da5a69c2a0,2026-01-01 04:09:51
LOT-AZU-0307,Azucar,Minería Castejón S.L.,23957.22,22263.58,5.05,2026-02-02 04:09:51,completed,db5658e5-65b8-41d0-96ce-1876bc9e5e9d,2026-01-01 04:09:51
LOT-AZU-0308,Azucar,Comercial DH S.A.,19658.07,19412.93,4.66,2026-02-16 04:09:51,completed,ac172182-c0b9-4c38-b9fc-d7da5a69c2a0,2026-01-31 04:09:51
LOT-AZU-0309,Azucar,Logística SYH S.Com.,37181.67,35299.52,4.62,2026-02-16 04:09:51,completed,5230c44f-1ffb-4722-b4b2-8f7aa7e4d21b,2026-01-31 04:09:51
LOT-AZU-0310,Azucar,Soluciones Andrés y asociados S.L.N.E,12162.37,11013.87,5.01,2026-02-18 04:09:51,completed,5230c44f-1ffb-4722-b4b2-8f7aa7e4d21b,2026-01-31 04:09:51
LOT-AZU-0311,Azucar,Rosendo Calvet Polo S.A.U,11793.55,11502.26,4.84,2026-02-27 04:09:51,completed,5230c44f-1ffb-4722-b4b2-8f7aa7e4d21b,2026-01-31 04:09:51
LOT-AZU-0312,Azucar,Talleres Villanueva S.L.,9606.21,9218.94,5.25,2026-03-17 04:09:51,completed,e93f25fc-9b20-4187-95fa-859beca1159e,2026-01-31 04:09:51
LOT-AZU-0313,Azucar,Faustino Amigó Suárez S.A.,16851.57,15601.78,4.87,2026-03-16 04:09:51,completed,1fadc760-de45-4920-ba55-c18df2de195e,2026-01-31 04:09:51
LOT-AZU-0314,Azucar,Minería Izquierdo S.L.N.E,28601.17,27086.28,5.01,2026-02-15 04:09:51,completed,91b887de-f920-4f25-aa0b-5e71502435fc,2026-01-31 04:09:51
LOT-AZU-0315,Azucar,Emilia Cornejo Lucas S.Coop.,11423.77,10747.07,4.63,2026-03-10 04:09:51,completed,c42d60f7-72a5-4218-8455-6843a1d63934,2026-01-31 04:09:51
LOT-AZU-0316,Azucar,Hermanos Jordán S.L.N.E,33673.38,33370.24,4.78,2026-03-30 04:09:51,completed,ac172182-c0b9-4c38-b9fc-d7da5a69c2a0,2026-03-02 04:09:51
LOT-AZU-0317,Azucar,Familia Vilaplana S.Com.,23967.84,21802.59,5.0,2026-04-08 04:09:51,completed,db5658e5-65b8-41d0-96ce-1876bc9e5e9d,2026-03-02 04:09:51
LOT-AZU-0318,Azucar,Fábrica Ibéricos S.A.,6171.53,5556.74,5.0,2026-03-21 04:09:51,completed,ce7054cf-8c59-4151-8af4-32616beee2ce,2026-03-02 04:09:51
LOT-AZU-0319,Azucar,Grupo Mármol S.Coop.,24471.05,24463.45,4.82,2026-04-11 04:09:51,completed,ac172182-c0b9-4c38-b9fc-d7da5a69c2a0,2026-03-02 04:09:51
LOT-AZU-0320,Azucar,Borrell y Hierro S.A.,18903.53,18457.32,4.41,2026-04-08 04:09:51,completed,5230c44f-1ffb-4722-b4b2-8f7aa7e4d21b,2026-03-02 04:09:51
LOT-AZU-0321,Azucar,Familia Vázquez S.A.,36920.13,34903.19,4.51,2026-03-20 04:09:51,completed,822f07a9-e410-45f7-9731-387fef39cc4a,2026-03-02 04:09:51
LOT-AZU-0322,Azucar,Hnos Vicens S.Coop.,6240.34,6073.02,4.48,2026-04-07 04:09:51,completed,5230c44f-1ffb-4722-b4b2-8f7aa7e4d21b,2026-03-02 04:09:51
LOT-AZU-0323,Azucar,Timoteo Corominas Girona S.A.,14974.93,14292.84,4.4,2026-04-16 04:09:51,completed,e93f25fc-9b20-4187-95fa-859beca1159e,2026-03-02 04:09:51
LOT-AZU-0324,Azucar,Hnos Recio S.L.N.E,23596.28,21472.57,4.56,2026-05-04 04:09:51,completed,c42d60f7-72a5-4218-8455-6843a1d63934,2026-04-01 04:09:51
LOT-AZU-0325,Azucar,Grupo Salinas S.C.P,15532.34,15480.08,4.29,2026-04-19 04:09:51,completed,ce7054cf-8c59-4151-8af4-32616beee2ce,2026-04-01 04:09:51
LOT-AZU-0326,Azucar,Iglesias y Navarro S.Com.,34681.79,33882.77,4.62,2026-04-20 04:09:51,completed,91b887de-f920-4f25-aa0b-5e71502435fc,2026-04-01 04:09:51
LOT-AZU-0327,Azucar,Inmobiliaria OQWR S.Coop.,12130.24,4364.94,4.23,2026-04-16 04:09:51,expired,5230c44f-1ffb-4722-b4b2-8f7aa7e4d21b,2026-04-01 04:09:51
LOT-AZU-0328,Azucar,Menendez y Grande S.A.,26914.05,24723.37,4.26,2026-04-19 04:09:51,completed,ce7054cf-8c59-4151-8af4-32616beee2ce,2026-04-01 04:09:51
LOT-AZU-0329,Azucar,Desarrollo Tomás S.Com.,35635.55,33361.91,4.48,2026-05-15 04:09:51,completed,db5658e5-65b8-41d0-96ce-1876bc9e5e9d,2026-04-01 04:09:51
LOT-AZU-0330,Azucar,Alimentación Contreras & Asociados S.Coop.,34864.93,34019.05,4.84,2026-04-27 04:09:51,completed,ce7054cf-8c59-4151-8af4-32616beee2ce,2026-04-01 04:09:51
LOT-AZU-0331,Azucar,Farmaceútica Belda y asociados S.Com.,14070.51,13459.81,4.3,2026-04-19 04:09:51,completed,5230c44f-1ffb-4722-b4b2-8f7aa7e4d21b,2026-04-01 04:09:51
LOT-AZU-0332,Azucar,Hnos Vallés S.Coop.,21301.07,20828.23,4.17,2026-04-21 04:09:51,completed,664ca3d9-b4cc-4644-b4bc-d65ed5ce51e1,2026-04-01 04:09:51
LOT-AZU-0333,Azucar,Supermercados Avanzadas S.L.U.,7378.71,6677.64,3.84,2026-05-20 04:09:51,completed,91b887de-f920-4f25-aa0b-5e71502435fc,2026-05-01 04:09:51
LOT-AZU-0334,Azucar,Moreno y Fabra S.L.N.E,19324.59,17733.18,3.94,2026-06-03 04:09:51,completed,822f07a9-e410-45f7-9731-387fef39cc4a,2026-05-01 04:09:51
LOT-AZU-0335,Azucar,Barragán y Escamilla S.Com.,23129.36,21608.95,3.58,2026-06-03 04:09:51,completed,822f07a9-e410-45f7-9731-387fef39cc4a,2026-05-01 04:09:51
LOT-AZU-0336,Azucar,Hnos Barrena S.A.,35353.75,32909.21,3.57,2026-06-06 04:09:51,active,664ca3d9-b4cc-4644-b4bc-d65ed5ce51e1,2026-05-01 04:09:51
LOT-AZU-0337,Azucar,Bellido y Miranda S.A.,38578.57,36500.36,3.44,2026-06-05 04:09:51,completed,c42d60f7-72a5-4218-8455-6843a1d63934,2026-05-01 04:09:51
LOT-AZU-0338,Azucar,Distribuciones ZOF S.L.N.E,11916.85,11809.4,3.64,2026-06-09 04:09:51,completed,e93f25fc-9b20-4187-95fa-859beca1159e,2026-05-01 04:09:51
LOT-TRI-0001,Trigo,Instalaciones Balaguer S.Coop.,3968.92,3675.75,2.91,2022-05-07 04:09:51,completed,0762e274-b005-472c-953b-efa8fefbe7ae,2022-04-22 04:09:51
LOT-TRI-0002,Trigo,Instalaciones Rocamora S.A.,27059.49,24990.94,2.9,2022-06-06 04:09:51,completed,2d0d9e58-1728-4883-830b-e6313ff462d3,2022-04-22 04:09:51
LOT-TRI-0003,Trigo,Malo y asociados S.Com.,14450.04,13317.74,3.06,2022-05-31 04:09:51,completed,5230c44f-1ffb-4722-b4b2-8f7aa7e4d21b,2022-04-22 04:09:51
LOT-TRI-0004,Trigo,Transportes Castellana S.L.,6761.72,6307.47,2.95,2022-05-26 04:09:51,completed,0762e274-b005-472c-953b-efa8fefbe7ae,2022-04-22 04:09:51
LOT-TRI-0005,Trigo,Finanzas Iberia S.Coop.,16229.58,10475.53,2.65,2022-06-04 04:09:51,expired,664ca3d9-b4cc-4644-b4bc-d65ed5ce51e1,2022-04-22 04:09:51
LOT-TRI-0006,Trigo,Morán & Asociados S.Coop.,22850.81,20978.6,2.64,2022-06-17 04:09:51,completed,2d0d9e58-1728-4883-830b-e6313ff462d3,2022-05-22 04:09:51
LOT-TRI-0007,Trigo,Supermercados Reina y asociados S.A.T.,12205.43,12017.43,2.64,2022-06-30 04:09:51,completed,664ca3d9-b4cc-4644-b4bc-d65ed5ce51e1,2022-05-22 04:09:51
LOT-TRI-0008,Trigo,Hotel MHN S.Coop.,13893.03,13361.39,2.72,2022-06-07 04:09:51,completed,c42d60f7-72a5-4218-8455-6843a1d63934,2022-05-22 04:09:51
LOT-TRI-0009,Trigo,Hnos Murcia S.L.L.,8170.42,2368.89,2.86,2022-06-17 04:09:51,expired,0762e274-b005-472c-953b-efa8fefbe7ae,2022-05-22 04:09:51
LOT-TRI-0010,Trigo,Desarrollo Aznar S.A.,12584.93,12442.55,2.7,2022-06-15 04:09:51,completed,c42d60f7-72a5-4218-8455-6843a1d63934,2022-05-22 04:09:51
LOT-TRI-0011,Trigo,Minería Cazorla S.L.,6008.28,5815.74,2.8,2022-06-08 04:09:51,completed,ce7054cf-8c59-4151-8af4-32616beee2ce,2022-05-22 04:09:51
LOT-TRI-0012,Trigo,Instalaciones Valdés S.C.P,14810.35,13754.56,2.89,2022-06-25 04:09:51,completed,ccef7116-f1aa-4bcf-8b41-fe254592ed7a,2022-05-22 04:09:51
LOT-TRI-0013,Trigo,Anna Mosquera Estrada S.Com.,3724.7,3535.02,2.93,2022-06-30 04:09:51,completed,c42d60f7-72a5-4218-8455-6843a1d63934,2022-05-22 04:09:51
LOT-TRI-0014,Trigo,Mayte Luna Company S.Coop.,9600.14,9065.35,2.57,2022-06-16 04:09:51,completed,d92a3c54-572c-4498-8bd2-9e332d59536b,2022-05-22 04:09:51
LOT-TRI-0015,Trigo,Hotel VA S.C.P,14824.21,14796.61,2.87,2022-08-01 04:09:51,completed,664ca3d9-b4cc-4644-b4bc-d65ed5ce51e1,2022-06-21 04:09:51
LOT-TRI-0016,Trigo,Infraestructuras Antúnez & Asociados S.A.,12882.57,6351.56,2.8,2022-07-19 04:09:51,expired,0762e274-b005-472c-953b-efa8fefbe7ae,2022-06-21 04:09:51
LOT-TRI-0017,Trigo,Folch & Asociados S.L.,26936.78,6878.82,2.74,2022-07-22 04:09:51,expired,2d0d9e58-1728-4883-830b-e6313ff462d3,2022-06-21 04:09:51
LOT-TRI-0018,Trigo,Banco del Norte S.L.,9713.59,9392.23,2.78,2022-08-03 04:09:51,completed,2d0d9e58-1728-4883-830b-e6313ff462d3,2022-06-21 04:09:51
LOT-TRI-0019,Trigo,Font y Alemany S.L.,6834.96,6248.32,2.53,2022-08-03 04:09:51,completed,0762e274-b005-472c-953b-efa8fefbe7ae,2022-06-21 04:09:51
LOT-TRI-0020,Trigo,Infraestructuras LQV S.Coop.,6593.75,5963.2,2.7,2022-08-08 04:09:51,completed,c42d60f7-72a5-4218-8455-6843a1d63934,2022-07-21 04:09:51
LOT-TRI-0021,Trigo,Buendía y Barbero S.Coop.,16575.56,16177.85,2.68,2022-08-06 04:09:51,completed,2d0d9e58-1728-4883-830b-e6313ff462d3,2022-07-21 04:09:51
LOT-TRI-0022,Trigo,Florina Farré Gomis S.Com.,12888.46,12574.44,2.95,2022-08-12 04:09:51,completed,d92a3c54-572c-4498-8bd2-9e332d59536b,2022-07-21 04:09:51
LOT-TRI-0023,Trigo,Hnos Jáuregui S.A.,27733.93,13428.32,3.02,2022-08-05 04:09:51,expired,ce7054cf-8c59-4151-8af4-32616beee2ce,2022-07-21 04:09:51
LOT-TRI-0024,Trigo,Consultoría Herrera y asociados S.Coop.,22588.02,21382.26,2.77,2022-08-09 04:09:51,completed,0762e274-b005-472c-953b-efa8fefbe7ae,2022-07-21 04:09:51
LOT-TRI-0025,Trigo,Hermanos Castañeda S.L.,6481.43,3697.92,2.64,2022-08-22 04:09:51,expired,ccef7116-f1aa-4bcf-8b41-fe254592ed7a,2022-07-21 04:09:51
LOT-TRI-0026,Trigo,Comercial Iberia S.Com.,15577.02,15229.96,3.51,2022-09-18 04:09:51,completed,2d0d9e58-1728-4883-830b-e6313ff462d3,2022-08-20 04:09:51
LOT-TRI-0027,Trigo,Quique Vicens Canals S.L.N.E,25046.79,24685.86,3.07,2022-09-11 04:09:51,completed,ce7054cf-8c59-4151-8af4-32616beee2ce,2022-08-20 04:09:51
LOT-TRI-0028,Trigo,Suministros OU S.A.,28437.24,27310.03,3.12,2022-09-29 04:09:51,completed,d92a3c54-572c-4498-8bd2-9e332d59536b,2022-08-20 04:09:51
LOT-TRI-0029,Trigo,Daza & Asociados S.A.D,5429.05,2736.1,3.09,2022-09-09 04:09:51,expired,c42d60f7-72a5-4218-8455-6843a1d63934,2022-08-20 04:09:51
LOT-TRI-0030,Trigo,Villalba & Asociados S.Com.,27009.19,25142.04,3.21,2022-09-10 04:09:51,completed,5230c44f-1ffb-4722-b4b2-8f7aa7e4d21b,2022-08-20 04:09:51
LOT-TRI-0031,Trigo,Blanes y Chaves S.Coop.,16076.34,15952.22,3.48,2022-09-07 04:09:51,completed,ce7054cf-8c59-4151-8af4-32616beee2ce,2022-08-20 04:09:51
LOT-TRI-0032,Trigo,Losada y asociados S.L.,6101.69,5798.51,3.49,2022-09-30 04:09:51,completed,ce7054cf-8c59-4151-8af4-32616beee2ce,2022-08-20 04:09:51
LOT-TRI-0033,Trigo,Banco Dávila y asociados S.Com.,11506.14,11486.48,3.52,2022-10-04 04:09:51,completed,e2a93d75-5d24-4f15-9196-e3316fbc36d5,2022-09-19 04:09:51
LOT-TRI-0034,Trigo,Aliaga & Asociados S.Coop.,11245.69,10867.57,3.32,2022-11-02 04:09:51,completed,0762e274-b005-472c-953b-efa8fefbe7ae,2022-09-19 04:09:51
LOT-TRI-0035,Trigo,Suministros DP S.L.N.E,11128.23,10390.06,3.73,2022-10-30 04:09:51,completed,5230c44f-1ffb-4722-b4b2-8f7aa7e4d21b,2022-09-19 04:09:51
LOT-TRI-0036,Trigo,Infraestructuras Internacionales S.Com.,28311.31,27622.82,3.68,2022-10-26 04:09:51,completed,0762e274-b005-472c-953b-efa8fefbe7ae,2022-09-19 04:09:51
LOT-TRI-0037,Trigo,Cornelio Paz Cueto S.L.,12642.12,12093.65,3.45,2022-10-15 04:09:51,completed,ce7054cf-8c59-4151-8af4-32616beee2ce,2022-09-19 04:09:51
LOT-TRI-0038,Trigo,Distribuciones CSN S.A.T.,19109.84,17993.62,3.39,2022-11-20 04:09:51,completed,0762e274-b005-472c-953b-efa8fefbe7ae,2022-10-19 04:09:51
LOT-TRI-0039,Trigo,Marcelino Guerrero Soto S.L.N.E,3728.46,1700.27,3.34,2022-11-23 04:09:51,expired,ccef7116-f1aa-4bcf-8b41-fe254592ed7a,2022-10-19 04:09:51
LOT-TRI-0040,Trigo,Desarrollo WWL S.L.,26316.91,23879.28,3.32,2022-11-27 04:09:51,completed,c42d60f7-72a5-4218-8455-6843a1d63934,2022-10-19 04:09:51
LOT-TRI-0041,Trigo,Ferreras y Lobo S.Com.,26988.85,24536.63,3.12,2022-11-05 04:09:51,completed,e2a93d75-5d24-4f15-9196-e3316fbc36d5,2022-10-19 04:09:51
LOT-TRI-0042,Trigo,Salazar y asociados S.A.,13539.03,12815.04,3.22,2022-11-28 04:09:51,completed,e2a93d75-5d24-4f15-9196-e3316fbc36d5,2022-10-19 04:09:51
LOT-TRI-0043,Trigo,Soluciones Sevilla y asociados S.Com.,24020.41,22818.5,3.4,2022-11-29 04:09:51,completed,0762e274-b005-472c-953b-efa8fefbe7ae,2022-10-19 04:09:51
LOT-TRI-0044,Trigo,Uría & Asociados S.Com.,10921.67,10837.25,3.42,2022-11-29 04:09:51,completed,2d0d9e58-1728-4883-830b-e6313ff462d3,2022-10-19 04:09:51
LOT-TRI-0045,Trigo,Construcción del Norte S.Coop.,25906.36,24134.74,2.92,2022-12-04 04:09:51,completed,ce7054cf-8c59-4151-8af4-32616beee2ce,2022-11-18 04:09:51
LOT-TRI-0046,Trigo,Calvo y Ledesma S.L.N.E,8360.07,7764.4,2.86,2022-12-17 04:09:51,completed,664ca3d9-b4cc-4644-b4bc-d65ed5ce51e1,2022-11-18 04:09:51
LOT-TRI-0047,Trigo,Martin & Asociados S.A.,4964.27,4880.72,2.8,2022-12-28 04:09:51,completed,664ca3d9-b4cc-4644-b4bc-d65ed5ce51e1,2022-11-18 04:09:51
LOT-TRI-0048,Trigo,Alimentación Gimeno y asociados S.A.,2886.1,1438.02,2.64,2022-12-16 04:09:51,expired,5230c44f-1ffb-4722-b4b2-8f7aa7e4d21b,2022-11-18 04:09:51
LOT-TRI-0049,Trigo,Minería Caballero S.A.T.,16059.63,15107.35,2.69,2022-12-17 04:09:51,completed,664ca3d9-b4cc-4644-b4bc-d65ed5ce51e1,2022-11-18 04:09:51
LOT-TRI-0050,Trigo,Pineda & Asociados S.L.U.,16591.49,4505.43,2.95,2022-12-28 04:09:51,expired,ce7054cf-8c59-4151-8af4-32616beee2ce,2022-11-18 04:09:51
LOT-TRI-0051,Trigo,Manufacturas Quintanilla & Asociados S.L.N.E,24104.95,22535.98,3.04,2023-01-15 04:09:51,completed,c42d60f7-72a5-4218-8455-6843a1d63934,2022-12-18 04:09:51
LOT-TRI-0052,Trigo,Fábrica II S.A.,17321.01,16689.76,2.93,2023-01-22 04:09:51,completed,ccef7116-f1aa-4bcf-8b41-fe254592ed7a,2022-12-18 04:09:51
LOT-TRI-0053,Trigo,Lozano y Batlle S.L.N.E,27910.09,25420.39,3.05,2023-01-14 04:09:51,completed,ce7054cf-8c59-4151-8af4-32616beee2ce,2022-12-18 04:09:51
LOT-TRI-0054,Trigo,Grupo Hoz S.L.L.,12200.13,11885.8,3.05,2023-01-26 04:09:51,completed,ce7054cf-8c59-4151-8af4-32616beee2ce,2022-12-18 04:09:51
LOT-TRI-0055,Trigo,Instalaciones Aliaga y asociados S.L.N.E,8186.88,7552.63,2.89,2023-01-26 04:09:51,completed,0762e274-b005-472c-953b-efa8fefbe7ae,2022-12-18 04:09:51
LOT-TRI-0056,Trigo,Comercializadora Ibéricos S.L.,9736.99,2834.59,3.0,2023-01-25 04:09:51,expired,5230c44f-1ffb-4722-b4b2-8f7aa7e4d21b,2022-12-18 04:09:51
LOT-TRI-0057,Trigo,Gomila y Giner S.L.,21842.97,20958.48,3.1,2023-02-11 04:09:51,completed,5230c44f-1ffb-4722-b4b2-8f7aa7e4d21b,2023-01-17 04:09:51
LOT-TRI-0058,Trigo,Bou y Cases S.A.,24133.81,22042.81,3.18,2023-02-17 04:09:51,completed,664ca3d9-b4cc-4644-b4bc-d65ed5ce51e1,2023-01-17 04:09:51
LOT-TRI-0059,Trigo,Llorente y asociados S.A.,28257.2,25750.13,3.11,2023-02-21 04:09:51,completed,ccef7116-f1aa-4bcf-8b41-fe254592ed7a,2023-01-17 04:09:51
LOT-TRI-0060,Trigo,Instalaciones JZAH S.A.T.,22196.38,20820.82,3.26,2023-03-02 04:09:51,completed,ce7054cf-8c59-4151-8af4-32616beee2ce,2023-01-17 04:09:51
LOT-TRI-0061,Trigo,Supermercados Cerdá S.L.,5444.36,4963.61,3.55,2023-02-15 04:09:51,completed,d92a3c54-572c-4498-8bd2-9e332d59536b,2023-01-17 04:09:51
LOT-TRI-0062,Trigo,Suministros Cabrero y asociados S.L.,5481.28,5102.54,3.07,2023-02-08 04:09:51,completed,c42d60f7-72a5-4218-8455-6843a1d63934,2023-01-17 04:09:51
LOT-TRI-0063,Trigo,Jódar y Caballero S.L.N.E,22225.75,21484.84,3.14,2023-03-18 04:09:51,completed,664ca3d9-b4cc-4644-b4bc-d65ed5ce51e1,2023-02-16 04:09:51
LOT-TRI-0064,Trigo,Américo Verdú Pardo S.L.U.,13770.4,12530.17,3.31,2023-03-31 04:09:51,completed,2d0d9e58-1728-4883-830b-e6313ff462d3,2023-02-16 04:09:51
LOT-TRI-0065,Trigo,Hermanos Hervás S.L.U.,3156.06,2843.54,3.26,2023-03-10 04:09:51,completed,ccef7116-f1aa-4bcf-8b41-fe254592ed7a,2023-02-16 04:09:51
LOT-TRI-0066,Trigo,Familia Lucas S.A.,16435.69,15270.37,3.12,2023-03-12 04:09:51,completed,d92a3c54-572c-4498-8bd2-9e332d59536b,2023-02-16 04:09:51
LOT-TRI-0067,Trigo,Suministros Bayona S.A.,8845.6,2730.0,3.28,2023-03-28 04:09:51,expired,e2a93d75-5d24-4f15-9196-e3316fbc36d5,2023-02-16 04:09:51
LOT-TRI-0068,Trigo,Patricio Rosado Carrión S.A.,19255.89,10788.53,3.08,2023-03-07 04:09:51,expired,ccef7116-f1aa-4bcf-8b41-fe254592ed7a,2023-02-16 04:09:51
LOT-TRI-0069,Trigo,Vaquero y Redondo S.Com.,27246.9,25112.74,3.14,2023-03-31 04:09:51,completed,c42d60f7-72a5-4218-8455-6843a1d63934,2023-02-16 04:09:51
LOT-TRI-0070,Trigo,Grupo Rosales S.Com.,28700.52,7548.29,3.17,2023-03-16 04:09:51,expired,d92a3c54-572c-4498-8bd2-9e332d59536b,2023-02-16 04:09:51
LOT-TRI-0071,Trigo,Heriberto Giralt Baró S.A.T.,13787.53,13739.57,2.9,2023-03-16 04:09:51,completed,664ca3d9-b4cc-4644-b4bc-d65ed5ce51e1,2023-02-16 04:09:51
LOT-TRI-0072,Trigo,Elías y asociados S.Com.,29199.47,27525.54,3.22,2023-04-07 04:09:51,completed,d92a3c54-572c-4498-8bd2-9e332d59536b,2023-03-18 04:09:51
LOT-TRI-0073,Trigo,Palacio y Fuente S.A.,26316.54,24004.59,3.34,2023-04-27 04:09:51,completed,d92a3c54-572c-4498-8bd2-9e332d59536b,2023-03-18 04:09:51
LOT-TRI-0074,Trigo,Amado Torrents Dominguez S.Coop.,13642.9,12723.05,3.17,2023-04-11 04:09:51,completed,5230c44f-1ffb-4722-b4b2-8f7aa7e4d21b,2023-03-18 04:09:51
LOT-TRI-0075,Trigo,Industrias Terrón & Asociados S.A.,17272.93,16267.86,3.18,2023-04-20 04:09:51,completed,ccef7116-f1aa-4bcf-8b41-fe254592ed7a,2023-03-18 04:09:51
LOT-TRI-0076,Trigo,Calderon & Asociados S.Com.,13870.12,12670.83,3.24,2023-04-25 04:09:51,completed,664ca3d9-b4cc-4644-b4bc-d65ed5ce51e1,2023-03-18 04:09:51
LOT-TRI-0077,Trigo,Valle & Asociados S.A.,20795.48,20245.94,3.31,2023-04-12 04:09:51,completed,c42d60f7-72a5-4218-8455-6843a1d63934,2023-03-18 04:09:51
LOT-TRI-0078,Trigo,Farmaceútica del Noroeste S.A.,4700.43,2033.86,3.32,2023-04-27 04:09:51,expired,c42d60f7-72a5-4218-8455-6843a1d63934,2023-03-18 04:09:51
LOT-TRI-0079,Trigo,Sotelo & Asociados S.Com.,28956.81,26652.48,3.21,2023-04-06 04:09:51,completed,664ca3d9-b4cc-4644-b4bc-d65ed5ce51e1,2023-03-18 04:09:51
LOT-TRI-0080,Trigo,Hermanos Recio S.A.,13692.28,6361.04,3.2,2023-04-27 04:09:51,expired,ce7054cf-8c59-4151-8af4-32616beee2ce,2023-03-18 04:09:51
LOT-TRI-0081,Trigo,Familia Real S.A.,21970.24,5108.73,2.95,2023-05-29 04:09:51,expired,0762e274-b005-472c-953b-efa8fefbe7ae,2023-04-17 04:09:51
LOT-TRI-0082,Trigo,Restauración FV S.L.L.,26294.2,11071.7,2.91,2023-05-08 04:09:51,expired,ccef7116-f1aa-4bcf-8b41-fe254592ed7a,2023-04-17 04:09:51
LOT-TRI-0083,Trigo,Despacho Inteligentes S.L.,18955.2,10545.15,3.23,2023-05-11 04:09:51,expired,ce7054cf-8c59-4151-8af4-32616beee2ce,2023-04-17 04:09:51
LOT-TRI-0084,Trigo,Zabaleta & Asociados S.Com.,21147.98,19337.23,2.98,2023-05-23 04:09:51,completed,0762e274-b005-472c-953b-efa8fefbe7ae,2023-04-17 04:09:51
LOT-TRI-0085,Trigo,Restauración Montoya S.L.N.E,16322.54,14847.84,3.12,2023-05-30 04:09:51,completed,664ca3d9-b4cc-4644-b4bc-d65ed5ce51e1,2023-04-17 04:09:51
LOT-TRI-0086,Trigo,Cortes y Morillo S.L.,22196.76,21646.52,3.01,2023-05-17 04:09:51,completed,0762e274-b005-472c-953b-efa8fefbe7ae,2023-04-17 04:09:51
LOT-TRI-0087,Trigo,Promociones BMQ S.C.P,22623.67,21505.55,2.93,2023-05-29 04:09:51,completed,5230c44f-1ffb-4722-b4b2-8f7aa7e4d21b,2023-04-17 04:09:51
LOT-TRI-0088,Trigo,Comercializadora Aguiló y asociados S.Coop.,17198.35,8504.86,3.13,2023-05-18 04:09:51,expired,664ca3d9-b4cc-4644-b4bc-d65ed5ce51e1,2023-04-17 04:09:51
LOT-TRI-0089,Trigo,Promociones Avanzadas S.Com.,6012.73,5534.79,3.06,2023-06-30 04:09:51,completed,c42d60f7-72a5-4218-8455-6843a1d63934,2023-05-17 04:09:51
LOT-TRI-0090,Trigo,Suministros Espejo S.A.,13010.58,12195.4,3.06,2023-06-25 04:09:51,completed,0762e274-b005-472c-953b-efa8fefbe7ae,2023-05-17 04:09:51
LOT-TRI-0091,Trigo,Verdú y Coll S.L.,6045.66,5874.0,2.85,2023-06-22 04:09:51,completed,ccef7116-f1aa-4bcf-8b41-fe254592ed7a,2023-05-17 04:09:51
LOT-TRI-0092,Trigo,Comercializadora Narváez y asociados S.L.U.,18263.88,16661.7,2.95,2023-06-15 04:09:51,completed,e2a93d75-5d24-4f15-9196-e3316fbc36d5,2023-05-17 04:09:51
LOT-TRI-0093,Trigo,Inmobiliaria del Sur S.Coop.,6311.08,6078.31,3.04,2023-06-06 04:09:51,completed,c42d60f7-72a5-4218-8455-6843a1d63934,2023-05-17 04:09:51
LOT-TRI-0094,Trigo,Quero & Asociados S.L.,20779.28,18857.69,2.81,2023-06-03 04:09:51,completed,0762e274-b005-472c-953b-efa8fefbe7ae,2023-05-17 04:09:51
LOT-TRI-0095,Trigo,Finanzas CTT S.A.,17023.29,16234.29,3.07,2023-06-14 04:09:51,completed,ccef7116-f1aa-4bcf-8b41-fe254592ed7a,2023-05-17 04:09:51
LOT-TRI-0096,Trigo,Hermanos Bellido S.Com.,25757.38,25153.32,2.99,2023-06-26 04:09:51,completed,ccef7116-f1aa-4bcf-8b41-fe254592ed7a,2023-05-17 04:09:51
LOT-TRI-0097,Trigo,Grupo Comas S.Com.,28636.7,17526.48,2.81,2023-07-20 04:09:51,expired,ccef7116-f1aa-4bcf-8b41-fe254592ed7a,2023-06-16 04:09:51
LOT-TRI-0098,Trigo,Banca Privada Esteban & Asociados S.Com.,26367.11,25724.29,2.83,2023-07-11 04:09:51,completed,e2a93d75-5d24-4f15-9196-e3316fbc36d5,2023-06-16 04:09:51
LOT-TRI-0099,Trigo,Rivero & Asociados S.Com.,8810.64,8210.8,2.91,2023-07-09 04:09:51,completed,d92a3c54-572c-4498-8bd2-9e332d59536b,2023-06-16 04:09:51
LOT-TRI-0100,Trigo,Higueras y asociados S.Com.,28625.95,10583.92,2.83,2023-07-19 04:09:51,expired,e2a93d75-5d24-4f15-9196-e3316fbc36d5,2023-06-16 04:09:51
LOT-TRI-0101,Trigo,Casanovas y asociados S.L.N.E,19413.23,18745.33,3.02,2023-07-30 04:09:51,completed,664ca3d9-b4cc-4644-b4bc-d65ed5ce51e1,2023-06-16 04:09:51
LOT-TRI-0102,Trigo,Infraestructuras Alemany S.A.,5166.06,4662.3,2.87,2023-07-13 04:09:51,completed,e2a93d75-5d24-4f15-9196-e3316fbc36d5,2023-06-16 04:09:51
LOT-TRI-0103,Trigo,Díez y Cantón S.Com.,9625.52,4489.06,2.74,2023-08-30 04:09:51,expired,ccef7116-f1aa-4bcf-8b41-fe254592ed7a,2023-07-16 04:09:51
LOT-TRI-0104,Trigo,Olivera y Santamaria S.A.,26053.73,15169.14,2.8,2023-08-24 04:09:51,expired,e2a93d75-5d24-4f15-9196-e3316fbc36d5,2023-07-16 04:09:51
LOT-TRI-0105,Trigo,Talleres Villar y asociados S.L.,10634.72,10503.21,2.86,2023-08-26 04:09:51,completed,0762e274-b005-472c-953b-efa8fefbe7ae,2023-07-16 04:09:51
LOT-TRI-0106,Trigo,Comercializadora del Norte S.L.,4258.47,3853.57,2.77,2023-08-13 04:09:51,completed,ccef7116-f1aa-4bcf-8b41-fe254592ed7a,2023-07-16 04:09:51
LOT-TRI-0107,Trigo,Grupo Rodríguez S.L.L.,4736.69,1527.33,2.86,2023-08-17 04:09:51,expired,0762e274-b005-472c-953b-efa8fefbe7ae,2023-07-16 04:09:51
LOT-TRI-0108,Trigo,Angulo y asociados S.Com.,3140.6,3001.21,2.75,2023-08-21 04:09:51,completed,d92a3c54-572c-4498-8bd2-9e332d59536b,2023-07-16 04:09:51
LOT-TRI-0109,Trigo,Fábrica Segovia S.Com.,19387.86,18649.61,3.73,2023-09-22 04:09:51,completed,2d0d9e58-1728-4883-830b-e6313ff462d3,2023-08-15 04:09:51
LOT-TRI-0110,Trigo,Desarrollo Castellana S.L.N.E,12137.0,11326.89,3.7,2023-09-23 04:09:51,completed,ccef7116-f1aa-4bcf-8b41-fe254592ed7a,2023-08-15 04:09:51
LOT-TRI-0111,Trigo,Despacho Granados S.A.,7167.37,7057.19,3.46,2023-09-18 04:09:51,completed,2d0d9e58-1728-4883-830b-e6313ff462d3,2023-08-15 04:09:51
LOT-TRI-0112,Trigo,Despacho IHW S.A.U,23382.32,23073.02,3.26,2023-09-16 04:09:51,completed,ce7054cf-8c59-4151-8af4-32616beee2ce,2023-08-15 04:09:51
LOT-TRI-0113,Trigo,Graciana Sanz Osorio S.Com.,2422.98,2187.37,3.47,2023-09-13 04:09:51,completed,e2a93d75-5d24-4f15-9196-e3316fbc36d5,2023-08-15 04:09:51
LOT-TRI-0114,Trigo,Hermanos Lorenzo S.A.,9030.86,8826.13,3.26,2023-09-20 04:09:51,completed,664ca3d9-b4cc-4644-b4bc-d65ed5ce51e1,2023-08-15 04:09:51
LOT-TRI-0115,Trigo,Despacho Guzman & Asociados S.Coop.,7945.65,7428.83,3.36,2023-09-04 04:09:51,completed,0762e274-b005-472c-953b-efa8fefbe7ae,2023-08-15 04:09:51
LOT-TRI-0116,Trigo,Comercializadora Luque S.Coop.,7258.09,2412.32,3.7,2023-10-22 04:09:51,expired,2d0d9e58-1728-4883-830b-e6313ff462d3,2023-09-14 04:09:51
LOT-TRI-0117,Trigo,Hnos Hierro S.Com.,11152.97,10994.01,3.91,2023-10-11 04:09:51,completed,c42d60f7-72a5-4218-8455-6843a1d63934,2023-09-14 04:09:51
LOT-TRI-0118,Trigo,Hnos Giralt S.L.,3389.18,3226.02,3.6,2023-10-01 04:09:51,completed,ccef7116-f1aa-4bcf-8b41-fe254592ed7a,2023-09-14 04:09:51
LOT-TRI-0119,Trigo,Alarcón y asociados S.L.,23900.7,23559.18,3.58,2023-09-30 04:09:51,completed,5230c44f-1ffb-4722-b4b2-8f7aa7e4d21b,2023-09-14 04:09:51
LOT-TRI-0120,Trigo,Manufacturas Castellana S.A.,28918.74,28250.33,3.78,2023-10-25 04:09:51,completed,d92a3c54-572c-4498-8bd2-9e332d59536b,2023-09-14 04:09:51
LOT-TRI-0121,Trigo,Construcción HR S.Coop.,21784.48,19630.15,3.25,2023-11-08 04:09:51,completed,2d0d9e58-1728-4883-830b-e6313ff462d3,2023-10-14 04:09:51
LOT-TRI-0122,Trigo,Promociones Mariscal & Asociados S.A.,23069.29,21199.16,3.48,2023-11-06 04:09:51,completed,e2a93d75-5d24-4f15-9196-e3316fbc36d5,2023-10-14 04:09:51
LOT-TRI-0123,Trigo,Supermercados Borrell y asociados S.L.N.E,20795.75,19107.42,3.71,2023-11-13 04:09:51,completed,ccef7116-f1aa-4bcf-8b41-fe254592ed7a,2023-10-14 04:09:51
LOT-TRI-0124,Trigo,María Teresa Vicente Bayo S.A.,17789.14,17110.37,3.45,2023-11-26 04:09:51,completed,c42d60f7-72a5-4218-8455-6843a1d63934,2023-10-14 04:09:51
LOT-TRI-0125,Trigo,Oller y asociados S.Coop.,13759.35,5668.18,3.63,2023-11-15 04:09:51,expired,ce7054cf-8c59-4151-8af4-32616beee2ce,2023-10-14 04:09:51
LOT-TRI-0126,Trigo,Hernando Marco Trillo S.L.,18696.73,17865.64,3.29,2023-11-27 04:09:51,completed,5230c44f-1ffb-4722-b4b2-8f7aa7e4d21b,2023-10-14 04:09:51
LOT-TRI-0127,Trigo,Infraestructuras Nevado S.Com.,10259.22,2586.73,3.34,2023-11-18 04:09:51,expired,0762e274-b005-472c-953b-efa8fefbe7ae,2023-10-14 04:09:51
LOT-TRI-0128,Trigo,Suministros Tomas & Asociados S.Com.,11455.41,11089.38,3.6,2023-11-04 04:09:51,completed,e2a93d75-5d24-4f15-9196-e3316fbc36d5,2023-10-14 04:09:51
LOT-TRI-0129,Trigo,Supermercados Pozo y asociados S.L.N.E,19246.01,17472.11,2.93,2023-12-21 04:09:51,completed,d92a3c54-572c-4498-8bd2-9e332d59536b,2023-11-13 04:09:51
LOT-TRI-0130,Trigo,Tecnologías Casal & Asociados S.A.,18000.12,17911.38,2.99,2023-12-16 04:09:51,completed,2d0d9e58-1728-4883-830b-e6313ff462d3,2023-11-13 04:09:51
LOT-TRI-0131,Trigo,Familia Duran S.C.P,11330.62,2456.34,2.82,2023-12-14 04:09:51,expired,ccef7116-f1aa-4bcf-8b41-fe254592ed7a,2023-11-13 04:09:51
LOT-TRI-0132,Trigo,Chico y Ríos S.L.N.E,14290.53,13154.3,2.76,2023-11-29 04:09:51,completed,ce7054cf-8c59-4151-8af4-32616beee2ce,2023-11-13 04:09:51
LOT-TRI-0133,Trigo,Consultoría GZF S.Coop.,3337.03,1859.2,3.0,2023-12-24 04:09:51,expired,2d0d9e58-1728-4883-830b-e6313ff462d3,2023-11-13 04:09:51
LOT-TRI-0134,Trigo,Logística Montes S.Com.,21378.51,20822.24,3.05,2023-12-03 04:09:51,completed,5230c44f-1ffb-4722-b4b2-8f7aa7e4d21b,2023-11-13 04:09:51
LOT-TRI-0135,Trigo,Transportes Jordán S.L.N.E,25972.15,25056.67,2.73,2023-12-01 04:09:51,completed,ce7054cf-8c59-4151-8af4-32616beee2ce,2023-11-13 04:09:51
LOT-TRI-0136,Trigo,Familia Cánovas S.A.,21766.14,20368.64,3.01,2023-12-27 04:09:51,completed,2d0d9e58-1728-4883-830b-e6313ff462d3,2023-11-13 04:09:51
LOT-TRI-0137,Trigo,Familia Mascaró S.A.,4419.67,4120.6,2.79,2023-12-05 04:09:51,completed,e2a93d75-5d24-4f15-9196-e3316fbc36d5,2023-11-13 04:09:51
LOT-TRI-0138,Trigo,Consultoría Ángel S.L.N.E,27556.39,25493.59,2.92,2023-12-26 04:09:51,completed,2d0d9e58-1728-4883-830b-e6313ff462d3,2023-11-13 04:09:51
LOT-TRI-0139,Trigo,Farmaceútica Espinosa S.Com.,19217.03,18550.47,3.57,2024-01-06 04:09:51,completed,2d0d9e58-1728-4883-830b-e6313ff462d3,2023-12-13 04:09:51
LOT-TRI-0140,Trigo,Susana Sevilla Estevez S.L.,6725.4,6195.81,3.31,2024-01-25 04:09:51,completed,d92a3c54-572c-4498-8bd2-9e332d59536b,2023-12-13 04:09:51
LOT-TRI-0141,Trigo,Hotel Segovia y asociados S.Coop.,6935.96,6921.59,3.4,2024-01-09 04:09:51,completed,5230c44f-1ffb-4722-b4b2-8f7aa7e4d21b,2023-12-13 04:09:51
LOT-TRI-0142,Trigo,Hermanos Solera S.A.,11057.01,11034.85,3.06,2024-01-13 04:09:51,completed,e2a93d75-5d24-4f15-9196-e3316fbc36d5,2023-12-13 04:09:51
LOT-TRI-0143,Trigo,Minería Bastida S.L.L.,19763.04,18915.45,3.55,2024-01-05 04:09:51,completed,2d0d9e58-1728-4883-830b-e6313ff462d3,2023-12-13 04:09:51
LOT-TRI-0144,Trigo,Finanzas Bautista S.L.,24991.73,23653.32,3.26,2024-01-01 04:09:51,completed,2d0d9e58-1728-4883-830b-e6313ff462d3,2023-12-13 04:09:51
LOT-TRI-0145,Trigo,Familia Lloret S.A.D,15421.59,14798.34,3.49,2024-01-10 04:09:51,completed,e2a93d75-5d24-4f15-9196-e3316fbc36d5,2023-12-13 04:09:51
LOT-TRI-0146,Trigo,Comercial Pintor & Asociados S.L.,22626.17,20668.64,3.54,2023-12-31 04:09:51,completed,664ca3d9-b4cc-4644-b4bc-d65ed5ce51e1,2023-12-13 04:09:51
LOT-TRI-0147,Trigo,Talleres Españolas S.A.,12774.61,12293.12,3.2,2024-01-24 04:09:51,completed,c42d60f7-72a5-4218-8455-6843a1d63934,2023-12-13 04:09:51
LOT-TRI-0148,Trigo,Asunción Márquez Ariño S.Com.,27580.82,25839.4,3.24,2024-01-02 04:09:51,completed,e2a93d75-5d24-4f15-9196-e3316fbc36d5,2023-12-13 04:09:51
LOT-TRI-0149,Trigo,Sala y Giner S.Com.,22627.89,12668.66,3.67,2024-01-29 04:09:51,expired,ce7054cf-8c59-4151-8af4-32616beee2ce,2024-01-12 04:09:51
LOT-TRI-0150,Trigo,Rueda y Torrens S.L.L.,27310.71,27200.46,3.7,2024-02-16 04:09:51,completed,d92a3c54-572c-4498-8bd2-9e332d59536b,2024-01-12 04:09:51
LOT-TRI-0151,Trigo,Cerro & Asociados S.Com.,12407.46,11881.81,3.52,2024-02-15 04:09:51,completed,d92a3c54-572c-4498-8bd2-9e332d59536b,2024-01-12 04:09:51
LOT-TRI-0152,Trigo,Tecnologías Tolosa S.L.L.,25063.78,23939.15,3.46,2024-02-10 04:09:51,completed,ccef7116-f1aa-4bcf-8b41-fe254592ed7a,2024-01-12 04:09:51
LOT-TRI-0153,Trigo,Landa y asociados S.L.,3410.04,3090.5,3.68,2024-01-27 04:09:51,completed,0762e274-b005-472c-953b-efa8fefbe7ae,2024-01-12 04:09:51
LOT-TRI-0154,Trigo,Restauración del Norte S.L.N.E,20876.84,14011.83,3.54,2024-02-21 04:09:51,expired,ce7054cf-8c59-4151-8af4-32616beee2ce,2024-01-12 04:09:51
LOT-TRI-0155,Trigo,Consultoría Alegria & Asociados S.Coop.,9497.05,9431.63,3.61,2024-02-21 04:09:51,completed,c42d60f7-72a5-4218-8455-6843a1d63934,2024-01-12 04:09:51
LOT-TRI-0156,Trigo,Merino & Asociados S.A.,3643.62,3602.58,3.55,2024-03-23 04:09:51,completed,2d0d9e58-1728-4883-830b-e6313ff462d3,2024-02-11 04:09:51
LOT-TRI-0157,Trigo,Hnos Benitez S.A.,17059.82,15928.07,3.52,2024-03-04 04:09:51,completed,2d0d9e58-1728-4883-830b-e6313ff462d3,2024-02-11 04:09:51
LOT-TRI-0158,Trigo,Finanzas Fortuny & Asociados S.L.,20155.25,19095.73,3.48,2024-02-26 04:09:51,completed,c42d60f7-72a5-4218-8455-6843a1d63934,2024-02-11 04:09:51
LOT-TRI-0159,Trigo,Finanzas CTIR S.A.,21522.87,20724.52,3.52,2024-03-24 04:09:51,completed,2d0d9e58-1728-4883-830b-e6313ff462d3,2024-02-11 04:09:51
LOT-TRI-0160,Trigo,Comercializadora DRI S.Coop.,8908.81,8110.58,3.26,2024-03-08 04:09:51,completed,2d0d9e58-1728-4883-830b-e6313ff462d3,2024-02-11 04:09:51
LOT-TRI-0161,Trigo,Industrias Lloret y asociados S.A.,21187.78,20880.15,3.29,2024-03-06 04:09:51,completed,c42d60f7-72a5-4218-8455-6843a1d63934,2024-02-11 04:09:51
LOT-TRI-0162,Trigo,Tecnologías ZBA S.Coop.,5911.23,5471.49,3.49,2024-03-07 04:09:51,completed,d92a3c54-572c-4498-8bd2-9e332d59536b,2024-02-11 04:09:51
LOT-TRI-0163,Trigo,Compañía Viña & Asociados S.Com.,24897.0,24383.55,3.14,2024-03-22 04:09:51,completed,c42d60f7-72a5-4218-8455-6843a1d63934,2024-02-11 04:09:51
LOT-TRI-0164,Trigo,Construcción AN S.L.N.E,13061.16,12353.75,3.25,2024-04-21 04:09:51,completed,2d0d9e58-1728-4883-830b-e6313ff462d3,2024-03-12 04:09:51
LOT-TRI-0165,Trigo,Mateos y asociados S.L.,16741.07,16020.66,3.32,2024-04-11 04:09:51,completed,ce7054cf-8c59-4151-8af4-32616beee2ce,2024-03-12 04:09:51
LOT-TRI-0166,Trigo,Desarrollo Cuervo & Asociados S.L.,18594.69,8640.79,3.48,2024-04-02 04:09:51,expired,ce7054cf-8c59-4151-8af4-32616beee2ce,2024-03-12 04:09:51
LOT-TRI-0167,Trigo,Grupo Hidalgo S.Coop.,2206.01,1387.02,3.15,2024-04-07 04:09:51,expired,c42d60f7-72a5-4218-8455-6843a1d63934,2024-03-12 04:09:51
LOT-TRI-0168,Trigo,Blanca y asociados S.A.,2194.24,2163.24,3.23,2024-04-20 04:09:51,completed,2d0d9e58-1728-4883-830b-e6313ff462d3,2024-03-12 04:09:51
LOT-TRI-0169,Trigo,Restauración del Noroeste S.Com.,20805.22,19261.11,3.16,2024-04-22 04:09:51,completed,ce7054cf-8c59-4151-8af4-32616beee2ce,2024-03-12 04:09:51
LOT-TRI-0170,Trigo,Infraestructuras del Sur S.A.,2614.63,1567.79,3.07,2024-05-21 04:09:51,expired,c42d60f7-72a5-4218-8455-6843a1d63934,2024-04-11 04:09:51
LOT-TRI-0171,Trigo,Familia Pera S.C.P,2322.27,2162.01,3.1,2024-05-16 04:09:51,completed,c42d60f7-72a5-4218-8455-6843a1d63934,2024-04-11 04:09:51
LOT-TRI-0172,Trigo,Inmobiliaria del Noroeste S.Coop.,27973.83,27468.65,3.27,2024-05-23 04:09:51,completed,5230c44f-1ffb-4722-b4b2-8f7aa7e4d21b,2024-04-11 04:09:51
LOT-TRI-0173,Trigo,Desarrollo Iberia S.A.,24516.13,22245.2,3.34,2024-05-09 04:09:51,completed,ccef7116-f1aa-4bcf-8b41-fe254592ed7a,2024-04-11 04:09:51
LOT-TRI-0174,Trigo,Jordá & Asociados S.A.,14865.54,14089.72,3.01,2024-05-08 04:09:51,completed,0762e274-b005-472c-953b-efa8fefbe7ae,2024-04-11 04:09:51
LOT-TRI-0175,Trigo,Supermercados Puig y asociados S.L.N.E,28188.89,26324.93,3.08,2024-06-18 04:09:51,completed,664ca3d9-b4cc-4644-b4bc-d65ed5ce51e1,2024-05-11 04:09:51
LOT-TRI-0176,Trigo,Talleres YGXI S.Coop.,23771.56,21578.27,3.16,2024-05-26 04:09:51,completed,e2a93d75-5d24-4f15-9196-e3316fbc36d5,2024-05-11 04:09:51
LOT-TRI-0177,Trigo,Familia Antón S.L.N.E,26496.79,25230.07,3.2,2024-06-07 04:09:51,completed,664ca3d9-b4cc-4644-b4bc-d65ed5ce51e1,2024-05-11 04:09:51
LOT-TRI-0178,Trigo,Hnos Laguna S.Coop.,3783.05,3493.06,3.31,2024-06-11 04:09:51,completed,ce7054cf-8c59-4151-8af4-32616beee2ce,2024-05-11 04:09:51
LOT-TRI-0179,Trigo,Cañas y Roda S.L.U.,27748.38,25360.83,2.92,2024-06-25 04:09:51,completed,ce7054cf-8c59-4151-8af4-32616beee2ce,2024-05-11 04:09:51
LOT-TRI-0180,Trigo,Minería del Mediterráneo S.Com.,14399.6,5228.56,3.21,2024-06-09 04:09:51,expired,664ca3d9-b4cc-4644-b4bc-d65ed5ce51e1,2024-05-11 04:09:51
LOT-TRI-0181,Trigo,Hermanos Arana S.A.,16490.86,14858.15,3.05,2024-06-03 04:09:51,completed,ccef7116-f1aa-4bcf-8b41-fe254592ed7a,2024-05-11 04:09:51
LOT-TRI-0182,Trigo,Farmaceútica YW S.L.,16057.02,15339.9,3.13,2024-05-31 04:09:51,completed,5230c44f-1ffb-4722-b4b2-8f7aa7e4d21b,2024-05-11 04:09:51
LOT-TRI-0183,Trigo,Desarrollo HZ S.L.N.E,20363.09,19360.84,3.36,2024-05-28 04:09:51,completed,e2a93d75-5d24-4f15-9196-e3316fbc36d5,2024-05-11 04:09:51
LOT-TRI-0184,Trigo,Zaragoza y Serra S.Coop.,26658.35,25687.51,2.97,2024-06-27 04:09:51,completed,0762e274-b005-472c-953b-efa8fefbe7ae,2024-06-10 04:09:51
LOT-TRI-0185,Trigo,Finanzas Cánovas S.L.,18870.4,17244.9,3.12,2024-07-01 04:09:51,completed,2d0d9e58-1728-4883-830b-e6313ff462d3,2024-06-10 04:09:51
LOT-TRI-0186,Trigo,Compañía Serra S.A.,5572.98,5027.24,3.2,2024-07-08 04:09:51,completed,664ca3d9-b4cc-4644-b4bc-d65ed5ce51e1,2024-06-10 04:09:51
LOT-TRI-0187,Trigo,Logística JZSZ S.L.,7220.87,7013.54,3.23,2024-07-05 04:09:51,completed,5230c44f-1ffb-4722-b4b2-8f7aa7e4d21b,2024-06-10 04:09:51
LOT-TRI-0188,Trigo,Asensio y Alarcón S.L.,16095.9,15582.86,3.05,2024-07-17 04:09:51,completed,664ca3d9-b4cc-4644-b4bc-d65ed5ce51e1,2024-06-10 04:09:51
LOT-TRI-0189,Trigo,Infraestructuras Integrales S.Coop.,20162.41,19397.25,3.22,2024-07-18 04:09:51,completed,2d0d9e58-1728-4883-830b-e6313ff462d3,2024-06-10 04:09:51
LOT-TRI-0190,Trigo,Despacho Miguel S.Coop.,16815.84,15778.25,3.16,2024-08-21 04:09:51,completed,664ca3d9-b4cc-4644-b4bc-d65ed5ce51e1,2024-07-10 04:09:51
LOT-TRI-0191,Trigo,Instalaciones Calderón S.L.,22188.0,6519.11,3.28,2024-07-26 04:09:51,expired,ccef7116-f1aa-4bcf-8b41-fe254592ed7a,2024-07-10 04:09:51
LOT-TRI-0192,Trigo,Construcción Avanzadas S.L.,25640.77,25565.27,3.03,2024-08-07 04:09:51,completed,5230c44f-1ffb-4722-b4b2-8f7aa7e4d21b,2024-07-10 04:09:51
LOT-TRI-0193,Trigo,Familia Lozano S.L.,22486.57,21379.42,2.9,2024-07-30 04:09:51,completed,e2a93d75-5d24-4f15-9196-e3316fbc36d5,2024-07-10 04:09:51
LOT-TRI-0194,Trigo,Instalaciones Aramburu S.C.P,15180.02,15178.82,3.66,2024-09-19 04:09:51,completed,ccef7116-f1aa-4bcf-8b41-fe254592ed7a,2024-08-09 04:09:51
LOT-TRI-0195,Trigo,Íñigo Villalba Beltrán S.L.N.E,15988.18,15389.41,3.86,2024-08-30 04:09:51,completed,5230c44f-1ffb-4722-b4b2-8f7aa7e4d21b,2024-08-09 04:09:51
LOT-TRI-0196,Trigo,Comercializadora FI S.L.,2462.8,2238.1,3.81,2024-09-09 04:09:51,completed,d92a3c54-572c-4498-8bd2-9e332d59536b,2024-08-09 04:09:51
LOT-TRI-0197,Trigo,Inversiones WV S.L.,24118.25,22149.82,3.91,2024-09-11 04:09:51,completed,e2a93d75-5d24-4f15-9196-e3316fbc36d5,2024-08-09 04:09:51
LOT-TRI-0198,Trigo,Comercial Villaverde S.Coop.,2007.4,1908.12,4.1,2024-10-12 04:09:51,completed,ccef7116-f1aa-4bcf-8b41-fe254592ed7a,2024-09-08 04:09:51
LOT-TRI-0199,Trigo,Familia Acevedo S.A.U,24956.06,23900.93,4.2,2024-10-20 04:09:51,completed,2d0d9e58-1728-4883-830b-e6313ff462d3,2024-09-08 04:09:51
LOT-TRI-0200,Trigo,Supermercados ZUL S.Coop.,24648.94,22734.24,3.67,2024-09-29 04:09:51,completed,ccef7116-f1aa-4bcf-8b41-fe254592ed7a,2024-09-08 04:09:51
LOT-TRI-0201,Trigo,Despacho Ibéricos S.A.U,24360.42,23550.44,4.26,2024-09-28 04:09:51,completed,ce7054cf-8c59-4151-8af4-32616beee2ce,2024-09-08 04:09:51
LOT-TRI-0202,Trigo,Gomis y Comas S.L.N.E,23665.22,21324.36,3.99,2024-10-18 04:09:51,completed,d92a3c54-572c-4498-8bd2-9e332d59536b,2024-09-08 04:09:51
LOT-TRI-0203,Trigo,Hermanos Álvaro S.Coop.,28288.25,25702.78,3.71,2024-10-08 04:09:51,completed,664ca3d9-b4cc-4644-b4bc-d65ed5ce51e1,2024-09-08 04:09:51
LOT-TRI-0204,Trigo,Fuster y asociados S.L.,10941.69,10365.86,4.13,2024-10-12 04:09:51,completed,2d0d9e58-1728-4883-830b-e6313ff462d3,2024-09-08 04:09:51
LOT-TRI-0205,Trigo,Hernando y Amigó S.Coop.,14552.09,13646.11,3.92,2024-10-09 04:09:51,completed,5230c44f-1ffb-4722-b4b2-8f7aa7e4d21b,2024-09-08 04:09:51
LOT-TRI-0206,Trigo,Mariño & Asociados S.Coop.,11731.2,11303.08,3.73,2024-10-17 04:09:51,completed,ccef7116-f1aa-4bcf-8b41-fe254592ed7a,2024-09-08 04:09:51
LOT-TRI-0207,Trigo,Alimentación Feijoo y asociados S.Coop.,22468.01,22245.31,3.81,2024-11-10 04:09:51,completed,e2a93d75-5d24-4f15-9196-e3316fbc36d5,2024-10-08 04:09:51
LOT-TRI-0208,Trigo,Aragonés y Solano S.L.,3867.87,3679.88,3.48,2024-11-06 04:09:51,completed,c42d60f7-72a5-4218-8455-6843a1d63934,2024-10-08 04:09:51
LOT-TRI-0209,Trigo,Petrona Escudero Porta S.Coop.,19317.92,18424.42,3.48,2024-11-07 04:09:51,completed,0762e274-b005-472c-953b-efa8fefbe7ae,2024-10-08 04:09:51
LOT-TRI-0210,Trigo,Florencio Benito Barrera S.Coop.,13829.83,8582.59,3.84,2024-11-11 04:09:51,expired,5230c44f-1ffb-4722-b4b2-8f7aa7e4d21b,2024-10-08 04:09:51
LOT-TRI-0211,Trigo,Farmaceútica VH S.A.,3590.58,3535.71,3.87,2024-11-03 04:09:51,completed,ccef7116-f1aa-4bcf-8b41-fe254592ed7a,2024-10-08 04:09:51
LOT-TRI-0212,Trigo,Talleres VXX S.A.,10769.04,9809.5,3.46,2024-11-21 04:09:51,completed,2d0d9e58-1728-4883-830b-e6313ff462d3,2024-10-08 04:09:51
LOT-TRI-0213,Trigo,Inversiones Sánchez S.Com.,7846.19,7726.3,3.46,2024-10-23 04:09:51,completed,2d0d9e58-1728-4883-830b-e6313ff462d3,2024-10-08 04:09:51
LOT-TRI-0214,Trigo,Logística del Levante S.A.,15592.46,14357.48,3.72,2024-10-25 04:09:51,completed,5230c44f-1ffb-4722-b4b2-8f7aa7e4d21b,2024-10-08 04:09:51
LOT-TRI-0215,Trigo,Logística Benito S.L.N.E,4753.15,4494.47,3.88,2024-10-24 04:09:51,completed,0762e274-b005-472c-953b-efa8fefbe7ae,2024-10-08 04:09:51
LOT-TRI-0216,Trigo,Maristela Múñiz Roldan S.Coop.,22566.76,22454.63,2.96,2024-12-04 04:09:51,completed,ce7054cf-8c59-4151-8af4-32616beee2ce,2024-11-07 04:09:51
LOT-TRI-0217,Trigo,Rodríguez y Mayoral S.A.,6758.93,6468.65,3.07,2024-12-07 04:09:51,completed,664ca3d9-b4cc-4644-b4bc-d65ed5ce51e1,2024-11-07 04:09:51
LOT-TRI-0218,Trigo,Poncio Jordán Valenciano S.Coop.,23599.84,12722.86,3.25,2024-12-10 04:09:51,expired,5230c44f-1ffb-4722-b4b2-8f7aa7e4d21b,2024-11-07 04:09:51
LOT-TRI-0219,Trigo,Castillo y Olmedo S.A.,4170.56,3914.56,3.21,2024-11-27 04:09:51,completed,2d0d9e58-1728-4883-830b-e6313ff462d3,2024-11-07 04:09:51
LOT-TRI-0220,Trigo,Águila y Rubio S.Coop.,29977.85,19823.91,3.36,2024-12-09 04:09:51,expired,5230c44f-1ffb-4722-b4b2-8f7aa7e4d21b,2024-11-07 04:09:51
LOT-TRI-0221,Trigo,Olga Rodrigo Manzanares S.A.,27733.82,26634.66,3.27,2024-12-07 04:09:51,completed,d92a3c54-572c-4498-8bd2-9e332d59536b,2024-11-07 04:09:51
LOT-TRI-0222,Trigo,Grupo Cuenca S.L.,17342.41,16042.29,3.13,2024-12-22 04:09:51,completed,ce7054cf-8c59-4151-8af4-32616beee2ce,2024-11-07 04:09:51
LOT-TRI-0223,Trigo,Promociones del Levante S.L.,7474.84,7149.61,3.06,2024-11-28 04:09:51,completed,0762e274-b005-472c-953b-efa8fefbe7ae,2024-11-07 04:09:51
LOT-TRI-0224,Trigo,Finanzas KK S.L.N.E,25450.69,15419.1,3.17,2024-12-20 04:09:51,expired,c42d60f7-72a5-4218-8455-6843a1d63934,2024-11-07 04:09:51
LOT-TRI-0225,Trigo,Hnos Mascaró S.Coop.,24035.19,22419.46,3.25,2024-12-31 04:09:51,completed,ccef7116-f1aa-4bcf-8b41-fe254592ed7a,2024-12-07 04:09:51
LOT-TRI-0226,Trigo,Farmaceútica PF S.A.,28751.48,28596.42,3.25,2024-12-24 04:09:51,completed,ce7054cf-8c59-4151-8af4-32616beee2ce,2024-12-07 04:09:51
LOT-TRI-0227,Trigo,Guijarro & Asociados S.L.,5079.44,1600.06,3.78,2024-12-31 04:09:51,expired,c42d60f7-72a5-4218-8455-6843a1d63934,2024-12-07 04:09:51
LOT-TRI-0228,Trigo,Emma Corbacho Villanueva S.A.,4288.19,4232.25,3.55,2025-01-06 04:09:51,completed,0762e274-b005-472c-953b-efa8fefbe7ae,2024-12-07 04:09:51
LOT-TRI-0229,Trigo,Hermanos Rincón S.L.U.,8130.5,4112.37,3.88,2025-01-24 04:09:51,expired,664ca3d9-b4cc-4644-b4bc-d65ed5ce51e1,2025-01-06 04:09:51
LOT-TRI-0230,Trigo,Comercializadora Globales S.A.,29535.92,28183.09,3.79,2025-01-22 04:09:51,completed,ccef7116-f1aa-4bcf-8b41-fe254592ed7a,2025-01-06 04:09:51
LOT-TRI-0231,Trigo,Consultoría Villalobos y asociados S.L.,19378.82,18815.8,3.6,2025-01-24 04:09:51,completed,ce7054cf-8c59-4151-8af4-32616beee2ce,2025-01-06 04:09:51
LOT-TRI-0232,Trigo,Nuria Manso Santamaría S.L.L.,8585.68,8555.91,3.63,2025-02-08 04:09:51,completed,d92a3c54-572c-4498-8bd2-9e332d59536b,2025-01-06 04:09:51
LOT-TRI-0233,Trigo,Fonseca y Milla S.A.,18747.2,17623.7,3.61,2025-02-07 04:09:51,completed,0762e274-b005-472c-953b-efa8fefbe7ae,2025-01-06 04:09:51
LOT-TRI-0234,Trigo,Hermanos Pastor S.L.U.,21642.54,13821.49,3.36,2025-02-22 04:09:51,expired,ccef7116-f1aa-4bcf-8b41-fe254592ed7a,2025-02-05 04:09:51
LOT-TRI-0235,Trigo,Susanita Calvo Rosselló S.Com.,18218.14,17367.32,3.46,2025-03-11 04:09:51,completed,e2a93d75-5d24-4f15-9196-e3316fbc36d5,2025-02-05 04:09:51
LOT-TRI-0236,Trigo,Promociones FC S.L.,28752.85,28725.73,3.32,2025-03-08 04:09:51,completed,c42d60f7-72a5-4218-8455-6843a1d63934,2025-02-05 04:09:51
LOT-TRI-0237,Trigo,Restauración Internacionales S.L.N.E,26070.48,24684.3,3.43,2025-03-17 04:09:51,completed,0762e274-b005-472c-953b-efa8fefbe7ae,2025-02-05 04:09:51
LOT-TRI-0238,Trigo,Pont y Hervia S.A.,10835.87,10075.47,3.31,2025-03-03 04:09:51,completed,c42d60f7-72a5-4218-8455-6843a1d63934,2025-02-05 04:09:51
LOT-TRI-0239,Trigo,Compañía Española S.C.P,22819.11,21497.89,3.47,2025-02-27 04:09:51,completed,c42d60f7-72a5-4218-8455-6843a1d63934,2025-02-05 04:09:51
LOT-TRI-0240,Trigo,Esmeralda Lobato Casal S.L.,3193.38,3037.4,3.71,2025-03-19 04:09:51,completed,2d0d9e58-1728-4883-830b-e6313ff462d3,2025-02-05 04:09:51
LOT-TRI-0241,Trigo,Hotel PCVH S.Com.,6855.21,6215.85,3.49,2025-03-20 04:09:51,completed,e2a93d75-5d24-4f15-9196-e3316fbc36d5,2025-02-05 04:09:51
LOT-TRI-0242,Trigo,Consultoría WV S.A.,23689.96,21457.07,3.28,2025-03-27 04:09:51,completed,d92a3c54-572c-4498-8bd2-9e332d59536b,2025-03-07 04:09:51
LOT-TRI-0243,Trigo,Domingo y Blanca S.A.,11064.89,7300.76,3.44,2025-04-08 04:09:51,expired,664ca3d9-b4cc-4644-b4bc-d65ed5ce51e1,2025-03-07 04:09:51
LOT-TRI-0244,Trigo,Beltrán y Belda S.Com.,23228.43,21013.24,3.51,2025-03-22 04:09:51,completed,2d0d9e58-1728-4883-830b-e6313ff462d3,2025-03-07 04:09:51
LOT-TRI-0245,Trigo,Adelardo Zabala Puente S.A.D,3209.72,3200.59,3.38,2025-04-13 04:09:51,completed,5230c44f-1ffb-4722-b4b2-8f7aa7e4d21b,2025-03-07 04:09:51
LOT-TRI-0246,Trigo,Sastre y Ferrero S.A.,28179.52,7418.03,3.31,2025-04-21 04:09:51,expired,664ca3d9-b4cc-4644-b4bc-d65ed5ce51e1,2025-03-07 04:09:51
LOT-TRI-0247,Trigo,Dan Puerta Diego S.L.N.E,24710.56,24077.23,3.55,2025-04-20 04:09:51,completed,2d0d9e58-1728-4883-830b-e6313ff462d3,2025-03-07 04:09:51
LOT-TRI-0248,Trigo,Banca Privada Barranco S.L.L.,7944.89,7491.21,3.24,2025-03-30 04:09:51,completed,ce7054cf-8c59-4151-8af4-32616beee2ce,2025-03-07 04:09:51
LOT-TRI-0249,Trigo,Transportes BLUN S.L.,3123.11,671.88,3.23,2025-04-12 04:09:51,expired,5230c44f-1ffb-4722-b4b2-8f7aa7e4d21b,2025-03-07 04:09:51
LOT-TRI-0250,Trigo,Velázquez y Nogués S.Com.,7078.76,6984.52,3.36,2025-03-22 04:09:51,completed,664ca3d9-b4cc-4644-b4bc-d65ed5ce51e1,2025-03-07 04:09:51
LOT-TRI-0251,Trigo,Desarrollo Rodriguez y asociados S.L.N.E,17235.68,15762.03,3.64,2025-04-27 04:09:51,completed,5230c44f-1ffb-4722-b4b2-8f7aa7e4d21b,2025-04-06 04:09:51
LOT-TRI-0252,Trigo,Arturo Avilés Solano S.A.,5710.2,5264.47,3.51,2025-05-16 04:09:51,completed,2d0d9e58-1728-4883-830b-e6313ff462d3,2025-04-06 04:09:51
LOT-TRI-0253,Trigo,Albert Ledesma Rebollo S.L.N.E,25488.2,24133.75,3.13,2025-05-11 04:09:51,completed,e2a93d75-5d24-4f15-9196-e3316fbc36d5,2025-04-06 04:09:51
LOT-TRI-0254,Trigo,Lobato y Villa S.L.,22295.25,20424.46,3.26,2025-05-13 04:09:51,completed,664ca3d9-b4cc-4644-b4bc-d65ed5ce51e1,2025-04-06 04:09:51
LOT-TRI-0255,Trigo,Infraestructuras del Mediterráneo S.L.N.E,13606.27,12783.47,3.37,2025-05-11 04:09:51,completed,ccef7116-f1aa-4bcf-8b41-fe254592ed7a,2025-04-06 04:09:51
LOT-TRI-0256,Trigo,Albina Colom Sainz S.A.,26317.94,25912.33,3.66,2025-04-29 04:09:51,completed,664ca3d9-b4cc-4644-b4bc-d65ed5ce51e1,2025-04-06 04:09:51
LOT-TRI-0257,Trigo,Ligia Guzman Cepeda S.L.N.E,26527.91,25255.63,3.26,2025-05-13 04:09:51,completed,e2a93d75-5d24-4f15-9196-e3316fbc36d5,2025-04-06 04:09:51
LOT-TRI-0258,Trigo,Ruben Adán Vazquez S.Com.,26555.21,26331.08,3.47,2025-06-08 04:09:51,completed,664ca3d9-b4cc-4644-b4bc-d65ed5ce51e1,2025-05-06 04:09:51
LOT-TRI-0259,Trigo,Promociones UL S.A.,12588.19,12190.0,3.25,2025-05-21 04:09:51,completed,0762e274-b005-472c-953b-efa8fefbe7ae,2025-05-06 04:09:51
LOT-TRI-0260,Trigo,Industrias Dávila y asociados S.Coop.,7137.39,7072.96,3.08,2025-05-31 04:09:51,completed,664ca3d9-b4cc-4644-b4bc-d65ed5ce51e1,2025-05-06 04:09:51
LOT-TRI-0261,Trigo,Banca Privada Hoyos & Asociados S.A.,26618.35,24988.0,3.22,2025-06-19 04:09:51,completed,5230c44f-1ffb-4722-b4b2-8f7aa7e4d21b,2025-05-06 04:09:51
LOT-TRI-0262,Trigo,Hnos Murcia S.Coop.,28336.74,27005.58,3.51,2025-05-30 04:09:51,completed,5230c44f-1ffb-4722-b4b2-8f7aa7e4d21b,2025-05-06 04:09:51
LOT-TRI-0263,Trigo,Desarrollo Ibérica S.L.,3262.29,1671.17,3.56,2025-06-01 04:09:51,expired,0762e274-b005-472c-953b-efa8fefbe7ae,2025-05-06 04:09:51
LOT-TRI-0264,Trigo,Inversiones SAH S.L.,28273.78,26460.81,3.39,2025-06-28 04:09:51,completed,ce7054cf-8c59-4151-8af4-32616beee2ce,2025-06-05 04:09:51
LOT-TRI-0265,Trigo,Celestina Vera Sanz S.L.N.E,5209.82,5088.9,3.32,2025-06-21 04:09:51,completed,2d0d9e58-1728-4883-830b-e6313ff462d3,2025-06-05 04:09:51
LOT-TRI-0266,Trigo,Hnos Gomila S.A.T.,14135.9,14019.47,3.11,2025-07-13 04:09:51,completed,ccef7116-f1aa-4bcf-8b41-fe254592ed7a,2025-06-05 04:09:51
LOT-TRI-0267,Trigo,Servicios Serrano y asociados S.L.,2757.95,1303.88,3.33,2025-06-26 04:09:51,expired,2d0d9e58-1728-4883-830b-e6313ff462d3,2025-06-05 04:09:51
LOT-TRI-0268,Trigo,Bueno y asociados S.A.,3581.84,3339.03,3.46,2025-08-11 04:09:51,completed,c42d60f7-72a5-4218-8455-6843a1d63934,2025-07-05 04:09:51
LOT-TRI-0269,Trigo,Roura y López S.Coop.,21429.81,20737.3,3.16,2025-08-10 04:09:51,completed,664ca3d9-b4cc-4644-b4bc-d65ed5ce51e1,2025-07-05 04:09:51
LOT-TRI-0270,Trigo,Flora Yuste Parra S.A.,13157.57,13054.74,3.3,2025-07-20 04:09:51,completed,664ca3d9-b4cc-4644-b4bc-d65ed5ce51e1,2025-07-05 04:09:51
LOT-TRI-0271,Trigo,Caparrós y Redondo S.Coop.,7826.41,7260.28,3.59,2025-07-27 04:09:51,completed,664ca3d9-b4cc-4644-b4bc-d65ed5ce51e1,2025-07-05 04:09:51
LOT-TRI-0272,Trigo,Minería Española S.A.,18785.06,17060.49,3.21,2025-07-27 04:09:51,completed,664ca3d9-b4cc-4644-b4bc-d65ed5ce51e1,2025-07-05 04:09:51
LOT-TRI-0273,Trigo,Transportes Angulo S.L.N.E,17017.36,16663.85,3.29,2025-07-24 04:09:51,completed,5230c44f-1ffb-4722-b4b2-8f7aa7e4d21b,2025-07-05 04:09:51
LOT-TRI-0274,Trigo,Restauración Echevarría S.L.,28155.36,26869.45,3.42,2025-08-09 04:09:51,completed,5230c44f-1ffb-4722-b4b2-8f7aa7e4d21b,2025-07-05 04:09:51
LOT-TRI-0275,Trigo,Comercializadora Puerta S.Coop.,29734.87,15228.31,3.55,2025-08-04 04:09:51,expired,5230c44f-1ffb-4722-b4b2-8f7aa7e4d21b,2025-07-05 04:09:51
LOT-TRI-0276,Trigo,Castellanos & Asociados S.Com.,28625.45,16198.17,3.93,2025-08-31 04:09:51,expired,664ca3d9-b4cc-4644-b4bc-d65ed5ce51e1,2025-08-04 04:09:51
LOT-TRI-0277,Trigo,Inversiones EANI S.A.,14230.93,13460.32,4.08,2025-09-12 04:09:51,completed,2d0d9e58-1728-4883-830b-e6313ff462d3,2025-08-04 04:09:51
LOT-TRI-0278,Trigo,Infraestructuras Pizarro y asociados S.A.,6431.63,6080.82,3.78,2025-09-01 04:09:51,completed,2d0d9e58-1728-4883-830b-e6313ff462d3,2025-08-04 04:09:51
LOT-TRI-0279,Trigo,Servicios YN S.A.,15766.59,15002.3,4.18,2025-08-26 04:09:51,completed,0762e274-b005-472c-953b-efa8fefbe7ae,2025-08-04 04:09:51
LOT-TRI-0280,Trigo,Farmaceútica Padilla & Asociados S.L.,21792.02,21375.68,4.12,2025-09-07 04:09:51,completed,e2a93d75-5d24-4f15-9196-e3316fbc36d5,2025-08-04 04:09:51
LOT-TRI-0281,Trigo,Tecnologías Aguilar S.L.,9545.24,3971.78,3.69,2025-08-26 04:09:51,expired,2d0d9e58-1728-4883-830b-e6313ff462d3,2025-08-04 04:09:51
LOT-TRI-0282,Trigo,Mata y Miranda S.L.N.E,8391.69,7664.28,4.06,2025-09-14 04:09:51,completed,664ca3d9-b4cc-4644-b4bc-d65ed5ce51e1,2025-08-04 04:09:51
LOT-TRI-0283,Trigo,Acedo y asociados S.Coop.,17279.83,16005.83,3.67,2025-08-24 04:09:51,completed,664ca3d9-b4cc-4644-b4bc-d65ed5ce51e1,2025-08-04 04:09:51
LOT-TRI-0284,Trigo,Despacho Valentín & Asociados S.L.N.E,5674.3,5660.76,4.02,2025-09-13 04:09:51,completed,ce7054cf-8c59-4151-8af4-32616beee2ce,2025-08-04 04:09:51
LOT-TRI-0285,Trigo,Celia Domínguez Díez S.A.,19875.67,19382.42,4.17,2025-10-07 04:09:51,completed,ccef7116-f1aa-4bcf-8b41-fe254592ed7a,2025-09-03 04:09:51
LOT-TRI-0286,Trigo,Hnos Andreu S.Coop.,7694.1,7340.16,4.3,2025-10-09 04:09:51,completed,0762e274-b005-472c-953b-efa8fefbe7ae,2025-09-03 04:09:51
LOT-TRI-0287,Trigo,Tecnologías Díaz & Asociados S.Com.,27541.1,27303.28,4.51,2025-10-10 04:09:51,completed,ce7054cf-8c59-4151-8af4-32616beee2ce,2025-09-03 04:09:51
LOT-TRI-0288,Trigo,Hermanos Aroca S.Coop.,7350.01,6711.23,4.13,2025-10-11 04:09:51,completed,e2a93d75-5d24-4f15-9196-e3316fbc36d5,2025-09-03 04:09:51
LOT-TRI-0289,Trigo,Construcción Castell S.Com.,18803.03,5383.83,3.99,2025-09-20 04:09:51,expired,ce7054cf-8c59-4151-8af4-32616beee2ce,2025-09-03 04:09:51
LOT-TRI-0290,Trigo,Ruiz y Collado S.Coop.,26275.14,23800.99,4.11,2025-09-26 04:09:51,completed,e2a93d75-5d24-4f15-9196-e3316fbc36d5,2025-09-03 04:09:51
LOT-TRI-0291,Trigo,Navarrete y Calderón S.L.,29202.63,27060.59,3.86,2025-11-06 04:09:51,completed,e2a93d75-5d24-4f15-9196-e3316fbc36d5,2025-10-03 04:09:51
LOT-TRI-0292,Trigo,Compañía Santamaría S.A.,17107.91,16776.86,4.02,2025-11-05 04:09:51,completed,e2a93d75-5d24-4f15-9196-e3316fbc36d5,2025-10-03 04:09:51
LOT-TRI-0293,Trigo,Promociones Bru S.L.U.,26811.88,25130.29,3.67,2025-11-15 04:09:51,completed,5230c44f-1ffb-4722-b4b2-8f7aa7e4d21b,2025-10-03 04:09:51
LOT-TRI-0294,Trigo,Bas y asociados S.L.,23133.66,22228.86,3.94,2025-11-05 04:09:51,completed,0762e274-b005-472c-953b-efa8fefbe7ae,2025-10-03 04:09:51
LOT-TRI-0295,Trigo,Inversiones YK S.Com.,21967.39,21610.21,3.57,2025-10-25 04:09:51,completed,d92a3c54-572c-4498-8bd2-9e332d59536b,2025-10-03 04:09:51
LOT-TRI-0296,Trigo,Logística Españolas S.Com.,17088.79,15390.11,3.27,2025-12-17 04:09:51,completed,5230c44f-1ffb-4722-b4b2-8f7aa7e4d21b,2025-11-02 04:09:51
LOT-TRI-0297,Trigo,Suministros Jove S.Coop.,14511.99,14173.06,3.38,2025-11-30 04:09:51,completed,d92a3c54-572c-4498-8bd2-9e332d59536b,2025-11-02 04:09:51
LOT-TRI-0298,Trigo,Grupo Palomares S.L.N.E,16157.78,7906.3,3.23,2025-12-08 04:09:51,expired,664ca3d9-b4cc-4644-b4bc-d65ed5ce51e1,2025-11-02 04:09:51
LOT-TRI-0299,Trigo,Hnos Folch S.A.T.,24157.7,24022.65,3.52,2025-11-24 04:09:51,completed,ce7054cf-8c59-4151-8af4-32616beee2ce,2025-11-02 04:09:51
LOT-TRI-0300,Trigo,Farmaceútica Internacionales S.L.,3093.98,2880.21,3.58,2025-12-11 04:09:51,completed,e2a93d75-5d24-4f15-9196-e3316fbc36d5,2025-11-02 04:09:51
LOT-TRI-0301,Trigo,Arregui y Plaza S.L.L.,11091.47,10870.93,3.37,2025-12-17 04:09:51,completed,ce7054cf-8c59-4151-8af4-32616beee2ce,2025-11-02 04:09:51
LOT-TRI-0302,Trigo,Sureda y asociados S.L.,23528.41,21532.39,3.44,2026-01-03 04:09:51,completed,2d0d9e58-1728-4883-830b-e6313ff462d3,2025-12-02 04:09:51
LOT-TRI-0303,Trigo,Hilda Clavero Tomas S.Coop.,13461.77,12799.62,3.47,2026-01-02 04:09:51,completed,ccef7116-f1aa-4bcf-8b41-fe254592ed7a,2025-12-02 04:09:51
LOT-TRI-0304,Trigo,Saldaña & Asociados S.C.P,28785.76,28747.6,3.64,2026-01-14 04:09:51,completed,ce7054cf-8c59-4151-8af4-32616beee2ce,2025-12-02 04:09:51
LOT-TRI-0305,Trigo,Farmaceútica JJFC S.Coop.,28002.18,27601.17,3.99,2026-01-13 04:09:51,completed,e2a93d75-5d24-4f15-9196-e3316fbc36d5,2025-12-02 04:09:51
LOT-TRI-0306,Trigo,Castell y Rosell S.Coop.,22107.62,14748.27,3.82,2025-12-21 04:09:51,expired,664ca3d9-b4cc-4644-b4bc-d65ed5ce51e1,2025-12-02 04:09:51
LOT-TRI-0307,Trigo,Barrera y Cabañas S.L.U.,12103.19,11207.3,3.81,2025-12-21 04:09:51,completed,2d0d9e58-1728-4883-830b-e6313ff462d3,2025-12-02 04:09:51
LOT-TRI-0308,Trigo,Villa y Pintor S.A.T.,2046.05,1994.02,3.69,2025-12-30 04:09:51,completed,0762e274-b005-472c-953b-efa8fefbe7ae,2025-12-02 04:09:51
LOT-TRI-0309,Trigo,Grupo Ferrera S.L.N.E,12745.48,11541.24,3.5,2026-01-09 04:09:51,completed,d92a3c54-572c-4498-8bd2-9e332d59536b,2025-12-02 04:09:51
LOT-TRI-0310,Trigo,Banco Inteligentes S.L.N.E,20091.47,19606.75,3.5,2026-01-16 04:09:51,completed,e2a93d75-5d24-4f15-9196-e3316fbc36d5,2025-12-02 04:09:51
LOT-TRI-0311,Trigo,Merino y Ropero S.Coop.,25991.52,10430.72,3.65,2026-01-29 04:09:51,expired,664ca3d9-b4cc-4644-b4bc-d65ed5ce51e1,2026-01-01 04:09:51
LOT-TRI-0312,Trigo,Silvia Guzman Gaya S.L.L.,24958.52,23483.17,3.63,2026-01-16 04:09:51,completed,0762e274-b005-472c-953b-efa8fefbe7ae,2026-01-01 04:09:51
LOT-TRI-0313,Trigo,Frutos y Mármol S.L.L.,3624.5,3331.24,4.21,2026-02-10 04:09:51,completed,2d0d9e58-1728-4883-830b-e6313ff462d3,2026-01-01 04:09:51
LOT-TRI-0314,Trigo,Logística Chamorro S.Coop.,6103.4,5792.36,3.75,2026-02-05 04:09:51,completed,d92a3c54-572c-4498-8bd2-9e332d59536b,2026-01-01 04:09:51
LOT-TRI-0315,Trigo,Inmobiliaria Andrade & Asociados S.Com.,10400.66,10251.34,4.11,2026-02-14 04:09:51,completed,2d0d9e58-1728-4883-830b-e6313ff462d3,2026-01-01 04:09:51
LOT-TRI-0316,Trigo,Distribuciones UQG S.A.,11719.93,10661.48,4.11,2026-03-02 04:09:51,completed,5230c44f-1ffb-4722-b4b2-8f7aa7e4d21b,2026-01-31 04:09:51
LOT-TRI-0317,Trigo,Servicios del Noroeste S.L.L.,11343.57,10835.07,3.72,2026-02-19 04:09:51,completed,2d0d9e58-1728-4883-830b-e6313ff462d3,2026-01-31 04:09:51
LOT-TRI-0318,Trigo,Banco Ibéricos S.Com.,16244.02,14719.41,3.98,2026-02-28 04:09:51,completed,5230c44f-1ffb-4722-b4b2-8f7aa7e4d21b,2026-01-31 04:09:51
LOT-TRI-0319,Trigo,Santos Sevillano Valbuena S.Coop.,28308.22,26381.74,3.76,2026-03-16 04:09:51,completed,5230c44f-1ffb-4722-b4b2-8f7aa7e4d21b,2026-01-31 04:09:51
LOT-TRI-0320,Trigo,Barroso y Alcázar S.A.U,5067.93,4911.74,3.97,2026-03-07 04:09:51,completed,5230c44f-1ffb-4722-b4b2-8f7aa7e4d21b,2026-01-31 04:09:51
LOT-TRI-0321,Trigo,Almagro y Torres S.L.N.E,25806.06,25785.26,4.08,2026-02-23 04:09:51,completed,d92a3c54-572c-4498-8bd2-9e332d59536b,2026-01-31 04:09:51
LOT-TRI-0322,Trigo,Jurado y Bello S.L.,7597.24,7356.32,4.08,2026-03-03 04:09:51,completed,5230c44f-1ffb-4722-b4b2-8f7aa7e4d21b,2026-01-31 04:09:51
LOT-TRI-0323,Trigo,Nogués y Vallés S.A.T.,13743.15,13691.39,4.01,2026-03-07 04:09:51,completed,e2a93d75-5d24-4f15-9196-e3316fbc36d5,2026-01-31 04:09:51
LOT-TRI-0324,Trigo,Talleres KF S.C.P,9134.3,8656.4,4.17,2026-02-15 04:09:51,completed,d92a3c54-572c-4498-8bd2-9e332d59536b,2026-01-31 04:09:51
LOT-TRI-0325,Trigo,Gerardo Puig Marti S.Com.,23153.2,21706.71,3.64,2026-04-05 04:09:51,completed,5230c44f-1ffb-4722-b4b2-8f7aa7e4d21b,2026-03-02 04:09:51
LOT-TRI-0326,Trigo,Instalaciones Uriarte y asociados S.L.L.,24436.82,22388.06,3.83,2026-03-29 04:09:51,completed,664ca3d9-b4cc-4644-b4bc-d65ed5ce51e1,2026-03-02 04:09:51
LOT-TRI-0327,Trigo,Distribuciones Granados S.L.,28420.72,28385.07,3.65,2026-03-29 04:09:51,completed,d92a3c54-572c-4498-8bd2-9e332d59536b,2026-03-02 04:09:51
LOT-TRI-0328,Trigo,Finanzas Barberá S.A.,24495.41,22654.02,3.6,2026-04-15 04:09:51,completed,d92a3c54-572c-4498-8bd2-9e332d59536b,2026-03-02 04:09:51
LOT-TRI-0329,Trigo,Coca & Asociados S.L.,23663.74,22201.06,3.57,2026-04-11 04:09:51,completed,ccef7116-f1aa-4bcf-8b41-fe254592ed7a,2026-03-02 04:09:51
LOT-TRI-0330,Trigo,Talleres Luz S.L.N.E,28162.56,27322.74,3.45,2026-04-08 04:09:51,completed,c42d60f7-72a5-4218-8455-6843a1d63934,2026-03-02 04:09:51
LOT-TRI-0331,Trigo,Gallart y Salcedo S.L.N.E,20851.54,19497.74,3.56,2026-03-25 04:09:51,completed,2d0d9e58-1728-4883-830b-e6313ff462d3,2026-03-02 04:09:51
LOT-TRI-0332,Trigo,Manufacturas SB S.Coop.,12933.33,12214.1,3.58,2026-03-17 04:09:51,completed,5230c44f-1ffb-4722-b4b2-8f7aa7e4d21b,2026-03-02 04:09:51
LOT-TRI-0333,Trigo,Petrona Cabeza Paniagua S.Coop.,26890.62,25166.31,3.97,2026-04-07 04:09:51,completed,664ca3d9-b4cc-4644-b4bc-d65ed5ce51e1,2026-03-02 04:09:51
LOT-TRI-0334,Trigo,Promociones Garcia & Asociados S.L.N.E,14570.72,13519.73,3.32,2026-04-17 04:09:51,completed,ccef7116-f1aa-4bcf-8b41-fe254592ed7a,2026-04-01 04:09:51
LOT-TRI-0335,Trigo,Hermanos Bastida S.A.,9888.08,9784.24,3.53,2026-04-22 04:09:51,completed,664ca3d9-b4cc-4644-b4bc-d65ed5ce51e1,2026-04-01 04:09:51
LOT-TRI-0336,Trigo,Gutiérrez & Asociados S.L.,9570.16,8698.48,3.87,2026-04-23 04:09:51,completed,c42d60f7-72a5-4218-8455-6843a1d63934,2026-04-01 04:09:51
LOT-TRI-0337,Trigo,Hotel Santiago y asociados S.Com.,11322.29,10700.15,3.73,2026-04-26 04:09:51,completed,e2a93d75-5d24-4f15-9196-e3316fbc36d5,2026-04-01 04:09:51
LOT-TRI-0338,Trigo,Banca Privada Portillo & Asociados S.L.,24226.84,24158.21,3.47,2026-05-16 04:09:51,completed,e2a93d75-5d24-4f15-9196-e3316fbc36d5,2026-04-01 04:09:51
LOT-TRI-0339,Trigo,Hotel Mateu S.L.L.,20684.74,5585.92,3.38,2026-05-07 04:09:51,expired,ce7054cf-8c59-4151-8af4-32616beee2ce,2026-04-01 04:09:51
LOT-TRI-0340,Trigo,Farmaceútica Araujo S.L.,17039.09,15701.37,3.63,2026-05-09 04:09:51,completed,0762e274-b005-472c-953b-efa8fefbe7ae,2026-04-01 04:09:51
LOT-TRI-0341,Trigo,Distribuciones Castellana S.Coop.,15192.22,13795.76,3.73,2026-05-05 04:09:51,completed,ce7054cf-8c59-4151-8af4-32616beee2ce,2026-04-01 04:09:51
LOT-TRI-0342,Trigo,Familia Lluch S.L.,27871.96,26762.45,3.85,2026-04-18 04:09:51,completed,2d0d9e58-1728-4883-830b-e6313ff462d3,2026-04-01 04:09:51
LOT-TRI-0343,Trigo,Ferreras y asociados S.L.,28310.48,25615.49,3.54,2026-06-08 04:09:51,active,664ca3d9-b4cc-4644-b4bc-d65ed5ce51e1,2026-05-01 04:09:51
LOT-TRI-0344,Trigo,Familia Vall S.L.N.E,2327.23,2248.44,3.61,2026-05-20 04:09:51,completed,ce7054cf-8c59-4151-8af4-32616beee2ce,2026-05-01 04:09:51
LOT-TRI-0345,Trigo,Hermanos Vicens S.Coop.,27387.09,24790.92,3.24,2026-05-31 04:09:51,active,ce7054cf-8c59-4151-8af4-32616beee2ce,2026-05-01 04:09:51
LOT-TRI-0346,Trigo,Suministros Globales S.L.L.,11500.11,6287.04,3.49,2026-06-09 04:09:51,active,5230c44f-1ffb-4722-b4b2-8f7aa7e4d21b,2026-05-01 04:09:51
LOT-TRI-0347,Trigo,Compañía Fábregas y asociados S.Com.,20769.61,15195.99,3.33,2026-05-27 04:09:51,active,664ca3d9-b4cc-4644-b4bc-d65ed5ce51e1,2026-05-01 04:09:51
